
INSERT INTO `informacionnotificacioncorreo` (`innocoid`, `innoconombre`, `innocoasunto`, `innococontenido`, `innocoenviarpiepagina`, `innocoenviarcopia`, `created_at`, `updated_at`) VALUES
(1, 'piePaginaCorreo', 'Pie página correo', '<p style=\"text-align: justify;\"><strong>Para su inter&eacute;s</strong>:&nbsp;<br /><br /><span style=\"font-size: 10pt;\">1. Este correo fue generado autom&aacute;ticamente, por favor no responda a &eacute;l.</span><br /><span style=\"font-size: 10pt;\">2. La informaci&oacute;n contenida en esta comunicaci&oacute;n es confidencial y s&oacute;lo puede ser utilizada por la persona natural o jur&iacute;dica a la cual est&aacute; dirigida.</span><br /><span style=\"font-size: 10pt;\">3. Si no es el destinatario autorizado, cualquier retenci&oacute;n, difusi&oacute;n, distribuci&oacute;n o copia de este mensaje, se encuentra prohibida y sancionada por la ley.</span><br /><span style=\"font-size: 10pt;\">4. Si por error recibe este mensaje, favor reenviar y borrar el mensaje recibido inmediatamente\". (Resoluci&oacute;n No. 089 de 2003 - Reglamento para el uso de Internet y Correo Electr&oacute;nico en el AGN. Art&iacute;culo 3&deg; numeral 5.</span></p>', 0, 0, CURRENT_TIMESTAMP, CURRENT_TIMESTAMP),
(2, 'registroUsuario', '¡Bienvenido al CRM de siglaCooperativa!', '<p class=\"MsoNormal\" style=\"text-align: justify;\">Estimado <strong>nombreUsuario</strong>, Es un placer informarle que a partir de este momento, la <strong>nombreEmpresa </strong>ha implementado un nuevo y avanzado Sistema de Gesti&oacute;n de Relaciones con el Cliente (CRM). Este sistema ha sido dise&ntilde;ado para mejorar significativamente nuestros procesos internos y proporcionarle a usted, como usuario, una experiencia m&aacute;s eficiente y personalizada.<br><br></p>\r\n<p class=\"MsoNormal\" style=\"text-align: justify;\">A continuaci&oacute;n, encontrar&aacute; los detalles clave de esta actualizaci&oacute;n:<br><br></p>\r\n<p class=\"MsoNormal\">URL del Sistema: <strong><a href=\"urlSistema\" target=\"_blank\">urlSistema</a> </strong><br>Usuario del CRM: <strong>usuarioSistema</strong><br>Credenciales de acceso: <strong>contrasenaSistema</strong></p>\r\n<p class=\"MsoNormal\" style=\"text-align: justify;\"><br>Este nuevo CRM le permitir&aacute;:</p>\r\n<ul>\r\n<li class=\"MsoNormal\" style=\"text-align: justify;\">Acceder a su informaci&oacute;n y estado de cuenta de manera r&aacute;pida y sencilla.</li>\r\n<li class=\"MsoNormal\" style=\"text-align: justify;\">Realizar seguimiento de sus transacciones y solicitudes.</li>\r\n<li class=\"MsoNormal\" style=\"text-align: justify;\">Comunicarse de manera efectiva con nuestro equipo de trabajo.</li>\r\n<li class=\"MsoNormal\" style=\"text-align: justify;\">Acceder a servicios y recursos exclusivos para miembros de la Cooperativa.</li>\r\n<li class=\"MsoNormal\" style=\"text-align: justify;\">Le recomendamos que cambie su contrase&ntilde;a inicial despu&eacute;s de su primer inicio de sesi&oacute;n para garantizar la seguridad de su cuenta.</li>\r\n</ul>\r\n<p>Estamos comprometidos en brindarle un servicio de la m&aacute;s alta calidad, y creemos que esta actualizaci&oacute;n nos permitir&aacute; servirle de manera m&aacute;s efectiva. Si tiene alguna pregunta o necesita asistencia para familiarizarse con el nuevo sistema, no dude en ponerse en contacto con nuestro equipo de tecn&oacute;loga, quienes estar&aacute;n encantados de ayudarle.</p>\r\n<p class=\"MsoNormal\" style=\"text-align: justify;\">Agradecemos su confianza en la nombreEmpresa y esperamos que este nuevo CRM mejore su experiencia con nosotros. Estamos seguros de que encontrar&aacute; el sistema m&aacute;s intuitivo y &uacute;til.</p>\r\n<p class=\"MsoNormal\" style=\"text-align: justify;\">&nbsp;</p>\r\n<p class=\"MsoNormal\" style=\"text-align: justify;\">&iexcl;Bienvenido al futuro de la nombreEmpresa!</p>\r\n<p class=\"MsoNormal\" style=\"text-align: justify;\">&nbsp;</p>\r\n<p class=\"MsoNormal\" style=\"text-align: justify;\">Atentamente,</p>\r\n<p class=\"MsoNormal\" style=\"text-align: justify;\">&nbsp;</p>\r\n<p class=\"MsoNormal\"><strong>nombreGerente</strong><br><strong>Gerente general </strong><br><strong>nombreEmpresa</strong></p>\r\n<p>&nbsp;</p>', 1, 0, CURRENT_TIMESTAMP, CURRENT_TIMESTAMP),
(3, 'solicitaFirmaDocumento', 'Solicitud de firma para del documento con referencia numeroDocumental', '<p class=\"MsoNormal\" style=\"text-align: justify;\">Estimado <strong>nombreFeje</strong>, por medio de la presente me permito informar que se ha generado un documento importante que requiere su aprobaci&oacute;n y firma.</p>\r\n<p class=\"MsoNormal\" style=\"text-align: justify;\">Detalles del documento:</p>\r\n<p class=\"MsoNormal\" style=\"text-align: justify;\">Tipo de documento: <strong>tipoDocumental</strong><br>N&uacute;mero de documento: <strong>numeroDocumental</strong><br>Fecha de generaci&oacute;n: <strong>fechaDocumento</strong></p>\r\n<p class=\"MsoNormal\" style=\"text-align: justify;\">Por favor, revise el documento y proceda a firmarlo utilizando la plataforma de CRM de nuestra cooperativa. Si tiene alguna pregunta o inquietud sobre el contenido del documento o el proceso de firma, no dude en contactarme.</p>\r\n<p class=\"MsoNormal\" style=\"text-align: justify;\">Su cooperaci&oacute;n en este asunto es altamente apreciada y fundamental para avanzar en este proceso de manera oportuna.</p>\r\n<p class=\"MsoNormal\" style=\"text-align: justify;\">Quedo a su disposici&oacute;n para cualquier aclaraci&oacute;n adicional que pueda necesitar.<br><br></p>\r\n<p class=\"MsoNormal\" style=\"text-align: justify;\">Atentamente,<br><br></p>\r\n<p class=\"MsoNormal\" style=\"text-align: justify;\"><em><strong>nombreUsuario</strong></em><br><em><strong>cargoUsuario</strong></em></p>', 1, 0, CURRENT_TIMESTAMP, CURRENT_TIMESTAMP),
(4, 'anularSolicitudFirmaDocumento', 'Revisión y ajustes necesarios para documento con referencia numeroDocumental', '<p class=\"MsoNormal\" style=\"text-align: justify;\">Estimado <strong>nombreFeje</strong>, le informo que el documento <strong>tipoDocumental </strong>con el n&uacute;mero <strong>numeroDocumental</strong>, que est&aacute; programado para su firma, requiere algunos ajustes y revisiones antes de que podamos proceder con el proceso de firma.</p>\r\n<p class=\"MsoNormal\" style=\"text-align: justify;\">Detalles del documento:</p>\r\n<p class=\"MsoNormal\" style=\"text-align: justify;\">Tipo de documento: <strong>tipoDocumental</strong><br>N&uacute;mero de documento: <strong>numeroDocumental</strong><br>Fecha de generaci&oacute;n: <strong>fechaDocumento</strong></p>\r\n<p class=\"MsoNormal\" style=\"text-align: justify;\">Los ajustes necesarios est&aacute;n relacionados con &ldquo;<em>observacionAnulacionFirma</em>&rdquo;</p>\r\n<p class=\"MsoNormal\" style=\"text-align: justify;\">Tan pronto como realice los ajustes, estaremos listos para proceder con el proceso de firma.</p>\r\n<p class=\"MsoNormal\" style=\"text-align: justify;\">Quedo a su disposici&oacute;n para cualquier aclaraci&oacute;n adicional que pueda necesitar.<br><br></p>\r\n<p class=\"MsoNormal\" style=\"mso-margin-top-alt: auto; mso-margin-bottom-alt: auto; text-align: justify; line-height: normal;\"><span style=\"font-size: 12.0pt; font-family: \'Times New Roman\',serif; mso-fareast-font-family: \'Times New Roman\'; mso-font-kerning: 0pt; mso-ligatures: none; mso-fareast-language: ES-CO;\">Atentamente,<br><br></span></p>\r\n<p class=\"MsoNormal\" style=\"mso-margin-top-alt: auto; mso-margin-bottom-alt: auto; text-align: justify; line-height: normal;\"><strong><em>nombreUsuario</em></strong><br><strong><em>cargoUsuario</em></strong></p>', 1, 0, CURRENT_TIMESTAMP, CURRENT_TIMESTAMP),
(5, 'notificarEnvioDocumento', 'Envío de documento digital de la Cooperativa siglaCooperativa con referencia numeroDocumental', '<p style=\"text-align: justify;\">Estimado/a <strong>nombreUsuario</strong>,</p>\r\n<p style=\"text-align: justify;\">Por medio de la presente nos permitimos informar que la dependencia de <strong>nombreDependencia </strong>de la <strong>nombreEmpresa </strong>ha enviado un documento en formato digital. Este archivo adjunto contiene la informaci&oacute;n requerida y puede ser revisado en su dispositivo electr&oacute;nico.</p>\r\n<p style=\"text-align: justify;\"><br>Si tiene alguna pregunta o necesita asistencia adicional, no dude en ponerse en contacto con nuestro equipo de soporte.</p>\r\n<p style=\"text-align: justify;\"><br>Agradecemos su colaboraci&oacute;n.</p>\r\n<p style=\"text-align: justify;\">&nbsp;</p>\r\n<p>Atentamente,</p>\r\n<p>&nbsp;</p>\r\n<p><em><strong>jefeDependencia</strong></em><br><em><strong>nombreEmpresa</strong></em><br><em><strong>nombreDependencia</strong></em></p>', 1, 0, CURRENT_TIMESTAMP, CURRENT_TIMESTAMP),
(6, 'notificarFirmadoDocumento', 'Solicitud de token de verificación para el firmado del documento numeroDocumental', '<p class=\"MsoNormal\" style=\"text-align: justify;\">Estimado <strong>nombreJefe</strong>, para avanzar con el proceso de firma electr&oacute;nica del documento <strong>numeroDocumental</strong>, es necesario que ingrese el siguiente c&oacute;digo de verificaci&oacute;n:</p>\r\n<p class=\"MsoNormal\" style=\"text-align: justify;\"><strong>C&oacute;digo de Verificaci&oacute;n:&nbsp;<em>tokenAcceso</em></strong></p>\r\n<p class=\"MsoNormal\" style=\"text-align: justify;\"><br>Tenga en cuenta que este token de verificaci&oacute;n ser&aacute; v&aacute;lido durante los pr&oacute;ximos&nbsp;<strong>tiempoToken </strong>minutos. Si transcurre este tiempo sin completar el proceso, deber&aacute; solicitar un nuevo token.</p>\r\n<p class=\"MsoNormal\" style=\"text-align: justify;\">Por favor, acceda a nuestra plataforma y proporcione el token que le hemos proporcionado. Luego, haga clic en el bot&oacute;n de firma para completar el proceso.</p>\r\n<p class=\"MsoNormal\" style=\"text-align: justify;\">Gracias por su colaboraci&oacute;n y compromiso con la seguridad de nuestros servicios.</p>\r\n<p class=\"MsoNormal\" style=\"text-align: justify;\">&nbsp;</p>\r\n<p class=\"MsoNormal\" style=\"text-align: justify;\">Atentamente,</p>\r\n<p class=\"MsoNormal\" style=\"text-align: justify;\">&nbsp;</p>\r\n<p class=\"MsoNormal\" style=\"text-align: justify;\">Administrador del CRM</p>', 1, 0, CURRENT_TIMESTAMP, CURRENT_TIMESTAMP),
(7, 'notificarRegistroRadicado', 'Nuevo documento radicado en la Ventanilla Única Virtual con consecutivo numeroRadicado', '<p style=\"text-align: justify;\">Estimado <strong>nombreUsuario</strong>, agradecemos el uso del servicio prestado por la Ventanilla &Uacute;nica de la nombreEmpresa. Queremos informarle que su documento ha sido radicado con los siguientes detalles:</p>\r\n<p style=\"text-align: justify;\"><em>N&uacute;mero de radicado:&nbsp; &nbsp;<strong>numeroRadicado</strong></em><br><em>Fecha de radicado:&nbsp; &nbsp; &nbsp; &nbsp;<strong>fechaRadicado</strong></em><br><em>Destino:&nbsp; &nbsp; &nbsp; &nbsp; &nbsp; &nbsp; &nbsp; &nbsp; &nbsp; &nbsp; &nbsp; &nbsp; <strong>nombreDependencia</strong></em><br><em>Radicado por:&nbsp; &nbsp; &nbsp; &nbsp; &nbsp; &nbsp; &nbsp; &nbsp;<strong>nombreFuncionario</strong></em></p>\r\n<p style=\"text-align: justify;\">Le recordamos que la funci&oacute;n de la Ventanilla &Uacute;nica es recibir, radicar y redireccionar su solicitud, cumpliendo con los criterios b&aacute;sicos, ante la instancia correspondiente. La respuesta ser&aacute; proporcionada por la oficina indicada en su comunicaci&oacute;n.</p>\r\n<p style=\"text-align: justify;\">Quedamos a su disposici&oacute;n para cualquier consulta adicional.</p>\r\n<p style=\"text-align: justify;\">&nbsp;</p>\r\n<p style=\"text-align: justify;\">Atentamente,</p>\r\n<p style=\"text-align: justify;\">&nbsp;</p>\r\n<p style=\"text-align: justify;\">Ventanilla &Uacute;nica<br>nombreEmpresa</p>', 1, 0, CURRENT_TIMESTAMP, CURRENT_TIMESTAMP),
(8, 'notificarRadicadoDocumento', 'Nuevo documento radicado con consecutivo numeroRadicado', '<p style=\"text-align: justify;\">Estimado usuario de <strong>nombreDependencia</strong>, les informamos que ha llegado un nuevo documento a trav&eacute;s de la Ventanilla &Uacute;nica, el cual ha sido debidamente radicado con los siguientes detalles:</p>\r\n<p style=\"text-align: justify;\">Radicado:&nbsp; &nbsp; &nbsp; &nbsp; &nbsp; &nbsp; &nbsp; &nbsp; &nbsp; &nbsp; <strong>numeroRadicado</strong><br>Fecha de recepci&oacute;n:&nbsp; <strong>fechaRadicado</strong><br>Destino:&nbsp; &nbsp; &nbsp; &nbsp; &nbsp; &nbsp; &nbsp; &nbsp; &nbsp; &nbsp; &nbsp; &nbsp;<strong>nombreDependencia</strong><br>Radicado por:&nbsp; &nbsp; &nbsp; &nbsp; &nbsp; &nbsp; &nbsp; <strong>nombreFuncionario</strong></p>\r\n<p style=\"text-align: justify;\">Queremos recordarles que, de acuerdo con los procedimientos, se tiene un plazo de 15 d&iacute;as h&aacute;biles para proporcionar una respuesta a esta solicitud. Este plazo iniciar&aacute; a partir del d&iacute;a siguiente a la radicaci&oacute;n.</p>\r\n<p style=\"text-align: justify;\">Por favor, tomen en cuenta que para acceder al contenido completo, les recomendamos ingresar al nuestro CRM institucional.</p>\r\n<p style=\"text-align: justify;\">Agradecemos su compromiso y dedicaci&oacute;n en pro del mejoramiento continuo de nuestros procesos.</p>\r\n<p style=\"text-align: justify;\">&nbsp;</p>\r\n<p style=\"text-align: justify;\">Atentamente,</p>\r\n<p style=\"text-align: justify;\">&nbsp;</p>\r\n<p style=\"text-align: justify;\">Ventanilla &Uacute;nica<br>nombreEmpresa</p>\r\n<p style=\"text-align: justify;\">&nbsp;</p>', 1, 0, CURRENT_TIMESTAMP, CURRENT_TIMESTAMP),
(9, 'notificarFirmaTipoDocumental', 'Proceso de firmado exitoso del tipo documental tipoDocumental', '<p class=\"MsoNormal\" style=\"text-align: justify;\"><span lang=\"ES\" style=\"mso-ansi-language: ES;\">Estimado usuario de la dependencia <strong>nombreDependencia</strong>, por medio de la presente me permito informar que el tipo documental \"<strong>tipoDocumental</strong>\"&nbsp;<strong>&nbsp;</strong>ha sido correctamente firmado y est&aacute; listo para avanzar al siguiente paso en el proceso.</span></p>\r\n<p class=\"MsoNormal\" style=\"text-align: justify;\"><span lang=\"ES\" style=\"mso-ansi-language: ES;\">Por favor, procede con el sellamiento y cualquier otra acci&oacute;n necesaria para completar este proceso de manera satisfactoria.</span></p>\r\n<p class=\"MsoNormal\" style=\"text-align: justify;\"><span lang=\"ES\" style=\"mso-ansi-language: ES;\">Si tienes alguna pregunta o necesitas asistencia adicional, no dudes en contactarme. Agradezco tu atenci&oacute;n y dedicaci&oacute;n en este asunto.</span></p>\r\n<p class=\"MsoNormal\" style=\"text-align: justify;\">&nbsp;</p>\r\n<p class=\"MsoNormal\" style=\"text-align: justify;\"><span lang=\"ES\" style=\"mso-ansi-language: ES;\">Atentamente,<br><br></span></p>\r\n<p class=\"MsoNormal\"><em><strong><span lang=\"ES\" style=\"mso-ansi-language: ES;\">nombreJefe<br></span><span lang=\"ES\" style=\"mso-ansi-language: ES;\">cargoJefe</span></strong></em></p>', 1, 0, CURRENT_TIMESTAMP, CURRENT_TIMESTAMP),
(10, 'notificarRegistroServicioEspecial', 'Envío de planilla del servicio especial número numeroPlanilla', '<p style=\"text-align: justify;\">Estimado usuario nombreResponsable,</p>\r\n<p style=\"text-align: justify;\">Es un placer para nosotros enviarte la planilla correspondiente al servicio especial solicitado. La planilla est&aacute; adjunta a este correo electr&oacute;nico.</p>\r\n<p style=\"text-align: justify;\">Dentro de la planilla encontrar&aacute;s un c&oacute;digo QR que puede ser escaneado para descargar una copia digital del documento cuando lo necesites.</p>\r\n<p style=\"text-align: justify;\">Te recordamos que desde la administraci&oacute;n de la cooperativa estamos comprometidos con brindarte un servicio de calidad. &iexcl;Te deseamos un feliz viaje y esperamos tenerte de vuelta pronto!</p>\r\n<p style=\"text-align: justify;\">Quedamos a tu disposici&oacute;n para cualquier consulta o asistencia adicional.<br><br></p>\r\n<p style=\"text-align: justify;\">Cordialmente,<br><br></p>\r\n<p style=\"text-align: justify;\">Administraci&oacute;n del ERP HACARITAMA.</p>', 1, 0, CURRENT_TIMESTAMP, CURRENT_TIMESTAMP),
(11, 'notificarRegistroSolicitudCredito', 'Confirmación de registro de solicitud de crédito por $valorCredito', '<p dir=\"ltr\" style=\"text-align: justify;\">Estimado <strong>nombreSolicitante</strong>, es un gusto saludarte. En representaci&oacute;n de la <strong>COOPERATIVA DE TRANSPORTADORES HACARITAMA</strong>, queremos informarte que hemos registrado con &eacute;xito tu solicitud de cr&eacute;dito por un monto de $ <strong>valorCredito </strong>en nuestro sistema. Dicha solicitud ha sido enviada al &aacute;rea correspondiente para su verificaci&oacute;n y aprobaci&oacute;n.</p>\r\n<p dir=\"ltr\" style=\"text-align: justify;\">Te mantendremos informado sobre cualquier avance o decisi&oacute;n que se tome respecto a tu solicitud.</p>\r\n<p dir=\"ltr\" style=\"text-align: justify;\">Agradecemos sinceramente tu confianza en nuestra cooperativa y quedamos a tu disposici&oacute;n para cualquier consulta o asistencia adicional que puedas necesitar.</p>\r\n<p style=\"text-align: justify;\"><strong>&nbsp;</strong></p>\r\n<p dir=\"ltr\" style=\"text-align: justify;\">Atentamente,</p>\r\n<p style=\"text-align: justify;\"><strong id=\"docs-internal-guid-c6cbccdb-7fff-a8b1-b26b-f27c210a6db7\"><br><br>nombrePersonaCartera<br>COOPERATIVA DE TRANSPORTADORES HACARITAMA</strong></p>', 1, 0, CURRENT_TIMESTAMP, CURRENT_TIMESTAMP),
(12, 'notificarDecisionSolicitudCredito', 'Verificación de solicitud de crédito para aprobación por un valor de $ valorCredito', '<p dir=\"ltr\" style=\"text-align: justify;\">Estimado <strong id=\"docs-internal-guid-ffd64544-7fff-6b2f-0a74-6a960fd91ccb\">nombreGerente</strong>, por medio de la presente me permito informarle que hemos recibido la solicitud de cr&eacute;dito por un monto de $ <strong>valorCredito </strong>presentada por <strong id=\"docs-internal-guid-ffd64544-7fff-6b2f-0a74-6a960fd91ccb\">nombreSolicitante</strong>. La solicitud ha sido registrada y se encuentra en proceso de verificaci&oacute;n.</p>\r\n<p dir=\"ltr\" style=\"text-align: justify;\"><br>Detalles de la solicitud:</p>\r\n<p dir=\"ltr\" style=\"text-align: justify;\">Solicitante: <strong>nombreSolicitante<br></strong>Monto solicitado: $ <strong>valorCredito<br></strong>L&iacute;nea de cr&eacute;dito: <strong>lineaCredito</strong></p>\r\n<p dir=\"ltr\" style=\"text-align: justify;\">Te solicitamos realizar la revisi&oacute;n correspondiente y tomar la decisi&oacute;n adecuada en cuanto a la aprobaci&oacute;n o negaci&oacute;n de este cr&eacute;dito. Estamos comprometidos en proporcionar un servicio eficiente y velar por la satisfacci&oacute;n de nuestros asociados.</p>\r\n<p dir=\"ltr\" style=\"text-align: justify;\">Quedamos atentos a tu pronta respuesta y agradecemos tu dedicaci&oacute;n en este proceso.<br><br></p>\r\n<p dir=\"ltr\" style=\"text-align: justify;\">Cordialmente,<br><br></p>\r\n<p dir=\"ltr\" style=\"text-align: justify;\"><strong>nombrePersonaCartera</strong><br><strong>COOPERATIVA DE TRANSPORTADORES HACARITAMA</strong></p>\r\n<p>&nbsp;</p>', 1, 0, CURRENT_TIMESTAMP, CURRENT_TIMESTAMP),
(13, 'notificarAprobacionSolicitudCredito', 'Decisión tomada sobre la solicitud de crédito por un valor de $ valorCredito', '<p dir=\"ltr\" style=\"text-align: justify;\">Estimado <strong>nombreSolicitante</strong>,</p>\r\n<p dir=\"ltr\" style=\"text-align: justify;\">Es un placer saludarte. Queremos informarte que hemos completado la revisi&oacute;n de tu solicitud de cr&eacute;dito por un monto de $ <strong>valorCredito</strong>. Nos complace comunicarte que tu solicitud ha sido <strong>aprobada</strong>.&nbsp;</p>\r\n<p dir=\"ltr\" style=\"text-align: justify;\">Detalles de la decisi&oacute;n:</p>\r\n<p dir=\"ltr\" style=\"text-align: justify;\">Monto aprobado: $ <strong>montoAprobado<br></strong>Tasa de Inter&eacute;s: <strong>tasaInteres %<br></strong>Plazo: <strong>plazoCredito</strong></p>\r\n<p dir=\"ltr\" style=\"text-align: justify;\">A continuaci&oacute;n te recomendamos tener en cuenta las siguientes observaciones: <strong>observacionesGenerales</strong>.</p>\r\n<p dir=\"ltr\" style=\"text-align: justify;\"><br>Agradecemos tu confianza en la <strong>COOPERATIVA DE TRANSPORTADORES HACARITAMA.</strong></p>\r\n<p dir=\"ltr\" style=\"text-align: justify;\">&nbsp;</p>\r\n<p dir=\"ltr\" style=\"text-align: justify;\">Cordialmente,</p>\r\n<p style=\"text-align: justify;\"><strong>&nbsp;</strong></p>\r\n<p dir=\"ltr\" style=\"text-align: justify;\"><strong>nombreGerente</strong><br><strong>COOPERATIVA DE TRANSPORTADORES HACARITAMA</strong></p>\r\n<p>&nbsp;</p>', 1, 1, CURRENT_TIMESTAMP, CURRENT_TIMESTAMP),
(14, 'notificarNegacionSolicitudCredito', 'Decisión tomada sobre la solicitud de crédito por un valor de $ valorCredito', '<p dir=\"ltr\" style=\"text-align: justify;\">Estimado <strong>nombreSolicitante</strong>,</p>\r\n<p dir=\"ltr\" style=\"text-align: justify;\">Es un placer saludarte. Queremos informarte que hemos completado la revisi&oacute;n de tu solicitud de cr&eacute;dito por un monto de $ <strong>valorCredito</strong>. Nos complace comunicarte que tu solicitud ha sido <strong>negada</strong>.&nbsp;</p>\r\n<p dir=\"ltr\" style=\"text-align: justify;\">Lamentamos informarte que <strong>observacionesGenerales</strong>. Entendemos que esto puede ser decepcionante, pero estamos aqu&iacute; para ayudarte en cualquier otra consulta o proceso futuro.<strong><br></strong></p>\r\n<p dir=\"ltr\" style=\"text-align: justify;\">Agradecemos tu confianza en la <strong>COOPERATIVA DE TRANSPORTADORES HACARITAMA</strong>.</p>\r\n<p style=\"text-align: justify;\"><strong>&nbsp;<br></strong>Cordialmente,</p>\r\n<p style=\"text-align: justify;\"><strong>&nbsp;</strong></p>\r\n<p dir=\"ltr\" style=\"text-align: justify;\"><strong>nombreGerente</strong><br><strong>COOPERATIVA DE TRANSPORTADORES HACARITAMA</strong></p>\r\n<p style=\"text-align: justify;\">&nbsp;</p>', 1, 1, CURRENT_TIMESTAMP, CURRENT_TIMESTAMP),
(15, 'notificacionConfirmacionTiquete', 'Confirmación de compra - Detalles de su Tiquete Adjuntos', '<p class=\"MsoNormal\" style=\"text-align: justify;\"><em>Estimado/a<strong> nombreCliente,</strong></em></p>\r\n<p class=\"MsoNormal\" style=\"text-align: justify;\">Es un placer saludarte. Esperamos que te encuentre bien.</p>\r\n<p class=\"MsoNormal\" style=\"text-align: justify;\">Nos complace informarte que tu compra de tiquete ha sido procesada con &eacute;xito. Adjunto a este correo encontrar&aacute;s los detalles completos de tu tiquete, incluyendo la informaci&oacute;n del viaje, fechas y cualquier otra especificaci&oacute;n relevante.</p>\r\n<p class=\"MsoNormal\" style=\"text-align: justify;\">Agradecemos tu preferencia y confianza en nuestros servicios. Si tienes alguna pregunta, comentario o necesitas asistencia adicional, no dudes en ponerte en contacto con nosotros. Estamos aqu&iacute; para ayudarte.</p>\r\n<p class=\"MsoNormal\" style=\"text-align: justify;\">Te deseamos un viaje seguro y placentero. &iexcl;Gracias por elegirnos!</p>\r\n<p class=\"MsoNormal\" style=\"text-align: justify;\">Cordial saludo,</p>\r\n<p class=\"MsoNormal\" style=\"text-align: justify;\"><em>Oficina de despacho</em></p>', 1, 0, CURRENT_TIMESTAMP, CURRENT_TIMESTAMP),
(16, 'notificacionConfirmacionEncomienda', 'Confirmación de Recepción de Encomienda', '<p>Estimado/a <em><strong>nombreCliente</strong></em>,</p>\r\n<p style=\"text-align: justify;\">Es un placer saludarte. Esperamos que te encuentres bien.</p>\r\n<p style=\"text-align: justify;\">Nos complace informarte que tu encomienda ha sido recibida con &eacute;xito. Adjunto a este correo encontrar&aacute;s los detalles completos del env&iacute;o, que incluyen informaci&oacute;n del remitente y destinatario, fechas y cualquier otra especificaci&oacute;n relevante.</p>\r\n<p style=\"text-align: justify;\">Agradecemos tu preferencia y confianza en nuestros servicios. Si tienes alguna pregunta, comentario o necesitas asistencia adicional, no dudes en ponerte en contacto con nosotros. Estamos aqu&iacute; para ayudarte en todo lo que necesites.</p>\r\n<p style=\"text-align: justify;\">&iexcl;Gracias por elegirnos!<br><br></p>\r\n<p style=\"text-align: justify;\">Cordialmente,<br><br></p>\r\n<p style=\"text-align: justify;\"><em>Oficina de Despacho</em></p>', 1, 0, CURRENT_TIMESTAMP, CURRENT_TIMESTAMP);

INSERT INTO departamento (depaid, depacodigo, depanombre,created_at,updated_at) VALUES
(1, '05', 'Antioquia', CURRENT_TIMESTAMP, CURRENT_TIMESTAMP),
(2, '08', 'Atlántico', CURRENT_TIMESTAMP, CURRENT_TIMESTAMP),
(3, '11', 'Bogotá' ,CURRENT_TIMESTAMP, CURRENT_TIMESTAMP),
(4, '13', 'Bolivar' ,CURRENT_TIMESTAMP, CURRENT_TIMESTAMP),
(5, '15', 'Boyaca' ,CURRENT_TIMESTAMP, CURRENT_TIMESTAMP),
(6, '17', 'Caldas' ,CURRENT_TIMESTAMP, CURRENT_TIMESTAMP),
(7, '18', 'Caquetá' ,CURRENT_TIMESTAMP, CURRENT_TIMESTAMP),
(8, '19', 'Cauca' ,CURRENT_TIMESTAMP, CURRENT_TIMESTAMP),
(9, '20', 'Cesar' ,CURRENT_TIMESTAMP, CURRENT_TIMESTAMP),
(10, '23', 'Cordoba' ,CURRENT_TIMESTAMP, CURRENT_TIMESTAMP),
(11, '25', 'Cundinamarca' ,CURRENT_TIMESTAMP, CURRENT_TIMESTAMP),
(12, '27', 'Chocó' ,CURRENT_TIMESTAMP, CURRENT_TIMESTAMP),
(13, '41', 'Huila' ,CURRENT_TIMESTAMP, CURRENT_TIMESTAMP),
(14, '44', 'La Guajira' ,CURRENT_TIMESTAMP, CURRENT_TIMESTAMP),
(15, '47', 'Magdalena' ,CURRENT_TIMESTAMP, CURRENT_TIMESTAMP),
(16, '50', 'Meta' ,CURRENT_TIMESTAMP, CURRENT_TIMESTAMP),
(17, '52', 'Nariño' ,CURRENT_TIMESTAMP, CURRENT_TIMESTAMP),
(18, '54', 'Norte de Santander' ,CURRENT_TIMESTAMP, CURRENT_TIMESTAMP),
(19, '63', 'Quindio' ,CURRENT_TIMESTAMP, CURRENT_TIMESTAMP),
(20, '66', 'Risaralda' ,CURRENT_TIMESTAMP, CURRENT_TIMESTAMP),
(21, '68', 'Santander' ,CURRENT_TIMESTAMP, CURRENT_TIMESTAMP),
(22, '70', 'Sucre' ,CURRENT_TIMESTAMP, CURRENT_TIMESTAMP),
(23, '73', 'Tolima' ,CURRENT_TIMESTAMP, CURRENT_TIMESTAMP),
(24, '76', 'Valle del Cauca' ,CURRENT_TIMESTAMP, CURRENT_TIMESTAMP),
(25, '81', 'Arauca' ,CURRENT_TIMESTAMP, CURRENT_TIMESTAMP),
(26, '85', 'Casanare' ,CURRENT_TIMESTAMP, CURRENT_TIMESTAMP),
(27, '86', 'Putumayo' ,CURRENT_TIMESTAMP, CURRENT_TIMESTAMP),
(28, '88', 'San Andrés' ,CURRENT_TIMESTAMP, CURRENT_TIMESTAMP),
(29, '91', 'Amazonas' ,CURRENT_TIMESTAMP, CURRENT_TIMESTAMP),
(30, '94', 'Guainia' ,CURRENT_TIMESTAMP, CURRENT_TIMESTAMP),
(31, '95', 'Guaviare' ,CURRENT_TIMESTAMP, CURRENT_TIMESTAMP),
(32, '97', 'Vaupes' ,CURRENT_TIMESTAMP, CURRENT_TIMESTAMP),
(33, '99', 'Vichada', CURRENT_TIMESTAMP, CURRENT_TIMESTAMP);

update departamento set depahacepresencia = true where depaid in (9,18,21, 15);

INSERT INTO municipio (muniid, munidepaid, municodigo, muninombre,created_at,updated_at) VALUES
(1, 1, '05001', 'Medellin' ,CURRENT_TIMESTAMP, CURRENT_TIMESTAMP),
(2, 1, '05002', 'Abejorral' ,CURRENT_TIMESTAMP, CURRENT_TIMESTAMP),
(3, 1, '05004', 'Abriaqui' ,CURRENT_TIMESTAMP, CURRENT_TIMESTAMP),
(4, 1, '05021', 'Alejandria' ,CURRENT_TIMESTAMP, CURRENT_TIMESTAMP),
(5, 1, '05030', 'Amaga' ,CURRENT_TIMESTAMP, CURRENT_TIMESTAMP),
(6, 1, '05031', 'Amalfi' ,CURRENT_TIMESTAMP, CURRENT_TIMESTAMP),
(7, 1, '05034', 'Andes' ,CURRENT_TIMESTAMP, CURRENT_TIMESTAMP),
(8, 1, '05036', 'Angelopolis' ,CURRENT_TIMESTAMP, CURRENT_TIMESTAMP),
(9, 1, '05038', 'Angostura' ,CURRENT_TIMESTAMP, CURRENT_TIMESTAMP),
(10, 1, '05040', 'Anori' ,CURRENT_TIMESTAMP, CURRENT_TIMESTAMP),
(11, 1, '05042', 'Santafe de Antioquia' ,CURRENT_TIMESTAMP, CURRENT_TIMESTAMP),
(12, 1, '05044', 'Anza' ,CURRENT_TIMESTAMP, CURRENT_TIMESTAMP),
(13, 1, '05045', 'Apartado' ,CURRENT_TIMESTAMP, CURRENT_TIMESTAMP),
(14, 1, '05051', 'Arboletes' ,CURRENT_TIMESTAMP, CURRENT_TIMESTAMP),
(15, 1, '05055', 'Argelia' ,CURRENT_TIMESTAMP, CURRENT_TIMESTAMP),
(16, 1, '05059', 'Armenia' ,CURRENT_TIMESTAMP, CURRENT_TIMESTAMP),
(17, 1, '05079', 'Barbosa' ,CURRENT_TIMESTAMP, CURRENT_TIMESTAMP),
(18, 1, '05086', 'Belmira' ,CURRENT_TIMESTAMP, CURRENT_TIMESTAMP),
(19, 1, '05088', 'Bello' ,CURRENT_TIMESTAMP, CURRENT_TIMESTAMP),
(20, 1, '05091', 'Betania' ,CURRENT_TIMESTAMP, CURRENT_TIMESTAMP),
(21, 1, '05093', 'Betulia' ,CURRENT_TIMESTAMP, CURRENT_TIMESTAMP),
(22, 1, '05101', 'Ciudad Bolivar' ,CURRENT_TIMESTAMP, CURRENT_TIMESTAMP),
(23, 1, '05107', 'Briceño' ,CURRENT_TIMESTAMP, CURRENT_TIMESTAMP),
(24, 1, '05113', 'Buritica' ,CURRENT_TIMESTAMP, CURRENT_TIMESTAMP),
(25, 1, '05120', 'Caceres' ,CURRENT_TIMESTAMP, CURRENT_TIMESTAMP),
(26, 1, '05125', 'Caicedo' ,CURRENT_TIMESTAMP, CURRENT_TIMESTAMP),
(27, 1, '05129', 'Caldas' ,CURRENT_TIMESTAMP, CURRENT_TIMESTAMP),
(28, 1, '05134', 'Campamento' ,CURRENT_TIMESTAMP, CURRENT_TIMESTAMP),
(29, 1, '05138', 'Cañasgordas' ,CURRENT_TIMESTAMP, CURRENT_TIMESTAMP),
(30, 1, '05142', 'Caracoli' ,CURRENT_TIMESTAMP, CURRENT_TIMESTAMP),
(31, 1, '05145', 'Caramanta' ,CURRENT_TIMESTAMP, CURRENT_TIMESTAMP),
(32, 1, '05147', 'Carepa' ,CURRENT_TIMESTAMP, CURRENT_TIMESTAMP),
(33, 1, '05148', 'El Carmen de Viboral' ,CURRENT_TIMESTAMP, CURRENT_TIMESTAMP),
(34, 1, '05150', 'Carolina' ,CURRENT_TIMESTAMP, CURRENT_TIMESTAMP),
(35, 1, '05154', 'Caucasia' ,CURRENT_TIMESTAMP, CURRENT_TIMESTAMP),
(36, 1, '05172', 'Chigorodo' ,CURRENT_TIMESTAMP, CURRENT_TIMESTAMP),
(37, 1, '05190', 'Cisneros' ,CURRENT_TIMESTAMP, CURRENT_TIMESTAMP),
(38, 1, '05197', 'Cocorna' ,CURRENT_TIMESTAMP, CURRENT_TIMESTAMP),
(39, 1, '05206', 'Concepcion' ,CURRENT_TIMESTAMP, CURRENT_TIMESTAMP),
(40, 1, '05209', 'Concordia' ,CURRENT_TIMESTAMP, CURRENT_TIMESTAMP),
(41, 1, '05212', 'Copacabana' ,CURRENT_TIMESTAMP, CURRENT_TIMESTAMP),
(42, 1, '05234', 'Dabeiba' ,CURRENT_TIMESTAMP, CURRENT_TIMESTAMP),
(43, 1, '05237', 'Don Matias' ,CURRENT_TIMESTAMP, CURRENT_TIMESTAMP),
(44, 1, '05240', 'Ebejico' ,CURRENT_TIMESTAMP, CURRENT_TIMESTAMP),
(45, 1, '05250', 'El Bagre' ,CURRENT_TIMESTAMP, CURRENT_TIMESTAMP),
(46, 1, '05264', 'Entrerrios' ,CURRENT_TIMESTAMP, CURRENT_TIMESTAMP),
(47, 1, '05266', 'Envigado' ,CURRENT_TIMESTAMP, CURRENT_TIMESTAMP),
(48, 1, '05282', 'Fredonia' ,CURRENT_TIMESTAMP, CURRENT_TIMESTAMP),
(49, 1, '05284', 'Frontino' ,CURRENT_TIMESTAMP, CURRENT_TIMESTAMP),
(50, 1, '05306', 'Giraldo' ,CURRENT_TIMESTAMP, CURRENT_TIMESTAMP),
(51, 1, '05308', 'Girardota' ,CURRENT_TIMESTAMP, CURRENT_TIMESTAMP),
(52, 1, '05310', 'Gomez Plata' ,CURRENT_TIMESTAMP, CURRENT_TIMESTAMP),
(53, 1, '05313', 'Granada' ,CURRENT_TIMESTAMP, CURRENT_TIMESTAMP),
(54, 1, '05315', 'Guadalupe' ,CURRENT_TIMESTAMP, CURRENT_TIMESTAMP),
(55, 1, '05318', 'Guarne' ,CURRENT_TIMESTAMP, CURRENT_TIMESTAMP),
(56, 1, '05321', 'Guatape' ,CURRENT_TIMESTAMP, CURRENT_TIMESTAMP),
(57, 1, '05347', 'Heliconia' ,CURRENT_TIMESTAMP, CURRENT_TIMESTAMP),
(58, 1, '05353', 'Hispania' ,CURRENT_TIMESTAMP, CURRENT_TIMESTAMP),
(59, 1, '05360', 'Itagui' ,CURRENT_TIMESTAMP, CURRENT_TIMESTAMP),
(60, 1, '05361', 'Ituango' ,CURRENT_TIMESTAMP, CURRENT_TIMESTAMP),
(61, 1, '05364', 'Jardin' ,CURRENT_TIMESTAMP, CURRENT_TIMESTAMP),
(62, 1, '05368', 'Jerico' ,CURRENT_TIMESTAMP, CURRENT_TIMESTAMP),
(63, 1, '05376', 'La Ceja' ,CURRENT_TIMESTAMP, CURRENT_TIMESTAMP),
(64, 1, '05380', 'La Estrella' ,CURRENT_TIMESTAMP, CURRENT_TIMESTAMP),
(65, 1, '05390', 'La Pintada' ,CURRENT_TIMESTAMP, CURRENT_TIMESTAMP),
(66, 1, '05400', 'La Union' ,CURRENT_TIMESTAMP, CURRENT_TIMESTAMP),
(67, 1, '05411', 'Liborina' ,CURRENT_TIMESTAMP, CURRENT_TIMESTAMP),
(68, 1, '05425', 'Maceo' ,CURRENT_TIMESTAMP, CURRENT_TIMESTAMP),
(69, 1, '05440', 'Marinilla' ,CURRENT_TIMESTAMP, CURRENT_TIMESTAMP),
(70, 1, '05467', 'Montebello' ,CURRENT_TIMESTAMP, CURRENT_TIMESTAMP),
(71, 1, '05475', 'Murindo' ,CURRENT_TIMESTAMP, CURRENT_TIMESTAMP),
(72, 1, '05480', 'Mutata' ,CURRENT_TIMESTAMP, CURRENT_TIMESTAMP),
(73, 1, '05483', 'Nariño' ,CURRENT_TIMESTAMP, CURRENT_TIMESTAMP),
(74, 1, '05490', 'Necocli' ,CURRENT_TIMESTAMP, CURRENT_TIMESTAMP),
(75, 1, '05495', 'Nechi' ,CURRENT_TIMESTAMP, CURRENT_TIMESTAMP),
(76, 1, '05501', 'Olaya' ,CURRENT_TIMESTAMP, CURRENT_TIMESTAMP),
(77, 1, '05541', 'Peðol' ,CURRENT_TIMESTAMP, CURRENT_TIMESTAMP),
(78, 1, '05543', 'Peque' ,CURRENT_TIMESTAMP, CURRENT_TIMESTAMP),
(79, 1, '05576', 'Pueblorrico' ,CURRENT_TIMESTAMP, CURRENT_TIMESTAMP),
(80, 1, '05579', 'Puerto Berrio' ,CURRENT_TIMESTAMP, CURRENT_TIMESTAMP),
(81, 1, '05585', 'Puerto Nare' ,CURRENT_TIMESTAMP, CURRENT_TIMESTAMP),
(82, 1, '05591', 'Puerto Triunfo' ,CURRENT_TIMESTAMP, CURRENT_TIMESTAMP),
(83, 1, '05604', 'Remedios' ,CURRENT_TIMESTAMP, CURRENT_TIMESTAMP),
(84, 1, '05607', 'Retiro' ,CURRENT_TIMESTAMP, CURRENT_TIMESTAMP),
(85, 1, '05615', 'Rionegro' ,CURRENT_TIMESTAMP, CURRENT_TIMESTAMP),
(86, 1, '05628', 'Sabanalarga' ,CURRENT_TIMESTAMP, CURRENT_TIMESTAMP),
(87, 1, '05631', 'Sabaneta' ,CURRENT_TIMESTAMP, CURRENT_TIMESTAMP),
(88, 1, '05642', 'Salgar' ,CURRENT_TIMESTAMP, CURRENT_TIMESTAMP),
(89, 1, '05647', 'San Andres De Cuerquia' ,CURRENT_TIMESTAMP, CURRENT_TIMESTAMP),
(90, 1, '05649', 'San Carlos' ,CURRENT_TIMESTAMP, CURRENT_TIMESTAMP),
(91, 1, '05652', 'San Francisco' ,CURRENT_TIMESTAMP, CURRENT_TIMESTAMP),
(92, 1, '05656', 'San Jeronimo' ,CURRENT_TIMESTAMP, CURRENT_TIMESTAMP),
(93, 1, '05658', 'San Jose De La Montaña' ,CURRENT_TIMESTAMP, CURRENT_TIMESTAMP),
(94, 1, '05659', 'San Juan De Uraba' ,CURRENT_TIMESTAMP, CURRENT_TIMESTAMP),
(95, 1, '05660', 'San Luis' ,CURRENT_TIMESTAMP, CURRENT_TIMESTAMP),
(96, 1, '05664', 'San Pedro' ,CURRENT_TIMESTAMP, CURRENT_TIMESTAMP),
(97, 1, '05665', 'San Pedro De Uraba' ,CURRENT_TIMESTAMP, CURRENT_TIMESTAMP),
(98, 1, '05667', 'San Rafael' ,CURRENT_TIMESTAMP, CURRENT_TIMESTAMP),
(99, 1, '05670', 'San Roque' ,CURRENT_TIMESTAMP, CURRENT_TIMESTAMP),
(100, 1, '05674', 'San Vicente' ,CURRENT_TIMESTAMP, CURRENT_TIMESTAMP),
(101, 1, '05679', 'Santa Barbara' ,CURRENT_TIMESTAMP, CURRENT_TIMESTAMP),
(102, 1, '05686', 'Santa Rosa De Osos' ,CURRENT_TIMESTAMP, CURRENT_TIMESTAMP),
(103, 1, '05690', 'Santo Domingo' ,CURRENT_TIMESTAMP, CURRENT_TIMESTAMP),
(104, 1, '05697', 'El Santuario' ,CURRENT_TIMESTAMP, CURRENT_TIMESTAMP),
(105, 1, '05736', 'Segovia' ,CURRENT_TIMESTAMP, CURRENT_TIMESTAMP),
(106, 1, '05756', 'Sonson' ,CURRENT_TIMESTAMP, CURRENT_TIMESTAMP),
(107, 1, '05761', 'Sopetran' ,CURRENT_TIMESTAMP, CURRENT_TIMESTAMP),
(108, 1, '05789', 'Tamesis' ,CURRENT_TIMESTAMP, CURRENT_TIMESTAMP),
(109, 1, '05790', 'Taraza' ,CURRENT_TIMESTAMP, CURRENT_TIMESTAMP),
(110, 1, '05792', 'Tarso' ,CURRENT_TIMESTAMP, CURRENT_TIMESTAMP),
(111, 1, '05809', 'Titiribi' ,CURRENT_TIMESTAMP, CURRENT_TIMESTAMP),
(112, 1, '05819', 'Toledo' ,CURRENT_TIMESTAMP, CURRENT_TIMESTAMP),
(113, 1, '05837', 'Turbo' ,CURRENT_TIMESTAMP, CURRENT_TIMESTAMP),
(114, 1, '05842', 'Uramita' ,CURRENT_TIMESTAMP, CURRENT_TIMESTAMP),
(115, 1, '05847', 'Urrao' ,CURRENT_TIMESTAMP, CURRENT_TIMESTAMP),
(116, 1, '05854', 'Valdivia' ,CURRENT_TIMESTAMP, CURRENT_TIMESTAMP),
(117, 1, '05856', 'Valparaiso' ,CURRENT_TIMESTAMP, CURRENT_TIMESTAMP),
(118, 1, '05858', 'Vegachi' ,CURRENT_TIMESTAMP, CURRENT_TIMESTAMP),
(119, 1, '05861', 'Venecia' ,CURRENT_TIMESTAMP, CURRENT_TIMESTAMP),
(120, 1, '05873', 'Vigia Del Fuerte' ,CURRENT_TIMESTAMP, CURRENT_TIMESTAMP),
(121, 1, '05885', 'Yali' ,CURRENT_TIMESTAMP, CURRENT_TIMESTAMP),
(122, 1, '05887', 'Yarumal' ,CURRENT_TIMESTAMP, CURRENT_TIMESTAMP),
(123, 1, '05890', 'Yolombo' ,CURRENT_TIMESTAMP, CURRENT_TIMESTAMP),
(124, 1, '05893', 'Yondo' ,CURRENT_TIMESTAMP, CURRENT_TIMESTAMP),
(125, 1, '05895', 'Zaragoza' ,CURRENT_TIMESTAMP, CURRENT_TIMESTAMP),
(126, 2, '08001', 'Barranquilla' ,CURRENT_TIMESTAMP, CURRENT_TIMESTAMP),
(127, 2, '08078', 'Baranoa' ,CURRENT_TIMESTAMP, CURRENT_TIMESTAMP),
(128, 2, '08137', 'Campo De La Cruz' ,CURRENT_TIMESTAMP, CURRENT_TIMESTAMP),
(129, 2, '08141', 'Candelaria' ,CURRENT_TIMESTAMP, CURRENT_TIMESTAMP),
(130, 2, '08296', 'Galapa' ,CURRENT_TIMESTAMP, CURRENT_TIMESTAMP),
(131, 2, '08372', 'Juan De Acosta' ,CURRENT_TIMESTAMP, CURRENT_TIMESTAMP),
(132, 2, '08421', 'Luruaco' ,CURRENT_TIMESTAMP, CURRENT_TIMESTAMP),
(133, 2, '08433', 'Malambo' ,CURRENT_TIMESTAMP, CURRENT_TIMESTAMP),
(134, 2, '08436', 'Manati' ,CURRENT_TIMESTAMP, CURRENT_TIMESTAMP),
(135, 2, '08520', 'Palmar De Varela' ,CURRENT_TIMESTAMP, CURRENT_TIMESTAMP),
(136, 2, '08549', 'Piojo' ,CURRENT_TIMESTAMP, CURRENT_TIMESTAMP),
(137, 2, '08558', 'Polonuevo' ,CURRENT_TIMESTAMP, CURRENT_TIMESTAMP),
(138, 2, '08560', 'Ponedera' ,CURRENT_TIMESTAMP, CURRENT_TIMESTAMP),
(139, 2, '08573', 'Puerto Colombia' ,CURRENT_TIMESTAMP, CURRENT_TIMESTAMP),
(140, 2, '08606', 'Repelon' ,CURRENT_TIMESTAMP, CURRENT_TIMESTAMP),
(141, 2, '08634', 'Sabanagrande' ,CURRENT_TIMESTAMP, CURRENT_TIMESTAMP),
(142, 2, '08638', 'Sabanalarga' ,CURRENT_TIMESTAMP, CURRENT_TIMESTAMP),
(143, 2, '08675', 'Santa Lucia' ,CURRENT_TIMESTAMP, CURRENT_TIMESTAMP),
(144, 2, '08685', 'Santo Tomas' ,CURRENT_TIMESTAMP, CURRENT_TIMESTAMP),
(145, 2, '08758', 'Soledad' ,CURRENT_TIMESTAMP, CURRENT_TIMESTAMP),
(146, 2, '08770', 'Suan' ,CURRENT_TIMESTAMP, CURRENT_TIMESTAMP),
(147, 2, '08832', 'Tubara' ,CURRENT_TIMESTAMP, CURRENT_TIMESTAMP),
(148, 2, '08849', 'Usiacuri' ,CURRENT_TIMESTAMP, CURRENT_TIMESTAMP),
(149, 3, '11001', 'Bogotá, D.C.' ,CURRENT_TIMESTAMP, CURRENT_TIMESTAMP),
(150, 4, '13001', 'Cartagena' ,CURRENT_TIMESTAMP, CURRENT_TIMESTAMP),
(151, 4, '13006', 'Achi' ,CURRENT_TIMESTAMP, CURRENT_TIMESTAMP),
(152, 4, '13030', 'Altos Del Rosario' ,CURRENT_TIMESTAMP, CURRENT_TIMESTAMP),
(153, 4, '13042', 'Arenal' ,CURRENT_TIMESTAMP, CURRENT_TIMESTAMP),
(154, 4, '13052', 'Arjona' ,CURRENT_TIMESTAMP, CURRENT_TIMESTAMP),
(155, 4, '13062', 'Arroyohondo' ,CURRENT_TIMESTAMP, CURRENT_TIMESTAMP),
(156, 4, '13074', 'Barranco De Loba' ,CURRENT_TIMESTAMP, CURRENT_TIMESTAMP),
(157, 4, '13140', 'Calamar' ,CURRENT_TIMESTAMP, CURRENT_TIMESTAMP),
(158, 4, '13160', 'Cantagallo' ,CURRENT_TIMESTAMP, CURRENT_TIMESTAMP),
(159, 4, '13188', 'Cicuco' ,CURRENT_TIMESTAMP, CURRENT_TIMESTAMP),
(160, 4, '13212', 'Cordoba' ,CURRENT_TIMESTAMP, CURRENT_TIMESTAMP),
(161, 4, '13222', 'Clemencia' ,CURRENT_TIMESTAMP, CURRENT_TIMESTAMP),
(162, 4, '13244', 'El Carmen De Bolivar' ,CURRENT_TIMESTAMP, CURRENT_TIMESTAMP),
(163, 4, '13248', 'El Guamo' ,CURRENT_TIMESTAMP, CURRENT_TIMESTAMP),
(164, 4, '13268', 'El Peñon' ,CURRENT_TIMESTAMP, CURRENT_TIMESTAMP),
(165, 4, '13300', 'Hatillo De Loba' ,CURRENT_TIMESTAMP, CURRENT_TIMESTAMP),
(166, 4, '13430', 'Magangue' ,CURRENT_TIMESTAMP, CURRENT_TIMESTAMP),
(167, 4, '13433', 'Mahates' ,CURRENT_TIMESTAMP, CURRENT_TIMESTAMP),
(168, 4, '13440', 'Margarita' ,CURRENT_TIMESTAMP, CURRENT_TIMESTAMP),
(169, 4, '13442', 'Maria La Baja' ,CURRENT_TIMESTAMP, CURRENT_TIMESTAMP),
(170, 4, '13458', 'Montecristo' ,CURRENT_TIMESTAMP, CURRENT_TIMESTAMP),
(171, 4, '13468', 'Mompos' ,CURRENT_TIMESTAMP, CURRENT_TIMESTAMP),
(172, 4, '13490', 'Norosi' ,CURRENT_TIMESTAMP, CURRENT_TIMESTAMP),
(173, 4, '13473', 'Morales' ,CURRENT_TIMESTAMP, CURRENT_TIMESTAMP),
(174, 4, '13549', 'Pinillos' ,CURRENT_TIMESTAMP, CURRENT_TIMESTAMP),
(175, 4, '13580', 'Regidor' ,CURRENT_TIMESTAMP, CURRENT_TIMESTAMP),
(176, 4, '13600', 'Rio Viejo' ,CURRENT_TIMESTAMP, CURRENT_TIMESTAMP),
(177, 4, '13620', 'San Cristobal' ,CURRENT_TIMESTAMP, CURRENT_TIMESTAMP),
(178, 4, '13647', 'San Estanislao' ,CURRENT_TIMESTAMP, CURRENT_TIMESTAMP),
(179, 4, '13650', 'San Fernando' ,CURRENT_TIMESTAMP, CURRENT_TIMESTAMP),
(180, 4, '13654', 'San Jacinto' ,CURRENT_TIMESTAMP, CURRENT_TIMESTAMP),
(181, 4, '13655', 'San Jacinto del Cauca' ,CURRENT_TIMESTAMP, CURRENT_TIMESTAMP),
(182, 4, '13657', 'San Juan Nepomuceno' ,CURRENT_TIMESTAMP, CURRENT_TIMESTAMP),
(183, 4, '13667', 'San Martin de Loba' ,CURRENT_TIMESTAMP, CURRENT_TIMESTAMP),
(184, 4, '13670', 'San Pablo' ,CURRENT_TIMESTAMP, CURRENT_TIMESTAMP),
(185, 4, '13673', 'Santa Catalina' ,CURRENT_TIMESTAMP, CURRENT_TIMESTAMP),
(186, 4, '13683', 'Santa Rosa' ,CURRENT_TIMESTAMP, CURRENT_TIMESTAMP),
(187, 4, '13688', 'Santa Rosa del Sur' ,CURRENT_TIMESTAMP, CURRENT_TIMESTAMP),
(188, 4, '13744', 'Simiti' ,CURRENT_TIMESTAMP, CURRENT_TIMESTAMP),
(189, 4, '13760', 'Soplaviento' ,CURRENT_TIMESTAMP, CURRENT_TIMESTAMP),
(190, 4, '13780', 'Talaigua Nuevo' ,CURRENT_TIMESTAMP, CURRENT_TIMESTAMP),
(191, 4, '13810', 'Tiquisio' ,CURRENT_TIMESTAMP, CURRENT_TIMESTAMP),
(192, 4, '13836', 'Turbaco' ,CURRENT_TIMESTAMP, CURRENT_TIMESTAMP),
(193, 4, '13838', 'Turbana' ,CURRENT_TIMESTAMP, CURRENT_TIMESTAMP),
(194, 4, '13873', 'Villanueva' ,CURRENT_TIMESTAMP, CURRENT_TIMESTAMP),
(195, 4, '13894', 'Zambrano' ,CURRENT_TIMESTAMP, CURRENT_TIMESTAMP),
(196, 5, '15001', 'Tunja' ,CURRENT_TIMESTAMP, CURRENT_TIMESTAMP),
(197, 5, '15022', 'Almeida' ,CURRENT_TIMESTAMP, CURRENT_TIMESTAMP),
(198, 5, '15047', 'Aquitania' ,CURRENT_TIMESTAMP, CURRENT_TIMESTAMP),
(199, 5, '15051', 'Arcabuco' ,CURRENT_TIMESTAMP, CURRENT_TIMESTAMP),
(200, 5, '15087', 'Belen' ,CURRENT_TIMESTAMP, CURRENT_TIMESTAMP),
(201, 5, '15090', 'Berbeo' ,CURRENT_TIMESTAMP, CURRENT_TIMESTAMP),
(202, 5, '15092', 'Beteitiva' ,CURRENT_TIMESTAMP, CURRENT_TIMESTAMP),
(203, 5, '15097', 'Boavita' ,CURRENT_TIMESTAMP, CURRENT_TIMESTAMP),
(204, 5, '15104', 'Boyaca' ,CURRENT_TIMESTAMP, CURRENT_TIMESTAMP),
(205, 5, '15106', 'Briceño' ,CURRENT_TIMESTAMP, CURRENT_TIMESTAMP),
(206, 5, '15109', 'Buenavista' ,CURRENT_TIMESTAMP, CURRENT_TIMESTAMP),
(207, 5, '15114', 'Busbanza' ,CURRENT_TIMESTAMP, CURRENT_TIMESTAMP),
(208, 5, '15131', 'Caldas' ,CURRENT_TIMESTAMP, CURRENT_TIMESTAMP),
(209, 5, '15135', 'Campohermoso' ,CURRENT_TIMESTAMP, CURRENT_TIMESTAMP),
(210, 5, '15162', 'Cerinza' ,CURRENT_TIMESTAMP, CURRENT_TIMESTAMP),
(211, 5, '15172', 'Chinavita' ,CURRENT_TIMESTAMP, CURRENT_TIMESTAMP),
(212, 5, '15176', 'Chiquinquira' ,CURRENT_TIMESTAMP, CURRENT_TIMESTAMP),
(213, 5, '15180', 'Chiscas' ,CURRENT_TIMESTAMP, CURRENT_TIMESTAMP),
(214, 5, '15183', 'Chita' ,CURRENT_TIMESTAMP, CURRENT_TIMESTAMP),
(215, 5, '15185', 'Chitaraque' ,CURRENT_TIMESTAMP, CURRENT_TIMESTAMP),
(216, 5, '15187', 'Chivata' ,CURRENT_TIMESTAMP, CURRENT_TIMESTAMP),
(217, 5, '15189', 'Cienega' ,CURRENT_TIMESTAMP, CURRENT_TIMESTAMP),
(218, 5, '15204', 'Combita' ,CURRENT_TIMESTAMP, CURRENT_TIMESTAMP),
(219, 5, '15212', 'Coper' ,CURRENT_TIMESTAMP, CURRENT_TIMESTAMP),
(220, 5, '15215', 'Corrales' ,CURRENT_TIMESTAMP, CURRENT_TIMESTAMP),
(221, 5, '15218', 'Covarachia' ,CURRENT_TIMESTAMP, CURRENT_TIMESTAMP),
(222, 5, '15223', 'Cubara' ,CURRENT_TIMESTAMP, CURRENT_TIMESTAMP),
(223, 5, '15224', 'Cucaita' ,CURRENT_TIMESTAMP, CURRENT_TIMESTAMP),
(224, 5, '15226', 'Cuitiva' ,CURRENT_TIMESTAMP, CURRENT_TIMESTAMP),
(225, 5, '15232', 'Chiquiza' ,CURRENT_TIMESTAMP, CURRENT_TIMESTAMP),
(226, 5, '15236', 'Chivor' ,CURRENT_TIMESTAMP, CURRENT_TIMESTAMP),
(227, 5, '15238', 'Duitama' ,CURRENT_TIMESTAMP, CURRENT_TIMESTAMP),
(228, 5, '15244', 'El Cocuy' ,CURRENT_TIMESTAMP, CURRENT_TIMESTAMP),
(229, 5, '15248', 'El Espino' ,CURRENT_TIMESTAMP, CURRENT_TIMESTAMP),
(230, 5, '15272', 'Firavitoba' ,CURRENT_TIMESTAMP, CURRENT_TIMESTAMP),
(231, 5, '15276', 'Floresta' ,CURRENT_TIMESTAMP, CURRENT_TIMESTAMP),
(232, 5, '15293', 'Gachantiva' ,CURRENT_TIMESTAMP, CURRENT_TIMESTAMP),
(233, 5, '15296', 'Gameza' ,CURRENT_TIMESTAMP, CURRENT_TIMESTAMP),
(234, 5, '15299', 'Garagoa' ,CURRENT_TIMESTAMP, CURRENT_TIMESTAMP),
(235, 5, '15317', 'Guacamayas' ,CURRENT_TIMESTAMP, CURRENT_TIMESTAMP),
(236, 5, '15322', 'Guateque' ,CURRENT_TIMESTAMP, CURRENT_TIMESTAMP),
(237, 5, '15325', 'Guayata' ,CURRENT_TIMESTAMP, CURRENT_TIMESTAMP),
(238, 5, '15332', 'Gsican' ,CURRENT_TIMESTAMP, CURRENT_TIMESTAMP),
(239, 5, '15362', 'Iza' ,CURRENT_TIMESTAMP, CURRENT_TIMESTAMP),
(240, 5, '15367', 'Jenesano' ,CURRENT_TIMESTAMP, CURRENT_TIMESTAMP),
(241, 5, '15368', 'Jerico' ,CURRENT_TIMESTAMP, CURRENT_TIMESTAMP),
(242, 5, '15377', 'Labranzagrande' ,CURRENT_TIMESTAMP, CURRENT_TIMESTAMP),
(243, 5, '15380', 'La Capilla' ,CURRENT_TIMESTAMP, CURRENT_TIMESTAMP),
(244, 5, '15401', 'La Victoria' ,CURRENT_TIMESTAMP, CURRENT_TIMESTAMP),
(245, 5, '15403', 'La Uvita' ,CURRENT_TIMESTAMP, CURRENT_TIMESTAMP),
(246, 5, '15407', 'Villa de Leyva' ,CURRENT_TIMESTAMP, CURRENT_TIMESTAMP),
(247, 5, '15425', 'Macanal' ,CURRENT_TIMESTAMP, CURRENT_TIMESTAMP),
(248, 5, '15442', 'Maripi' ,CURRENT_TIMESTAMP, CURRENT_TIMESTAMP),
(249, 5, '15455', 'Miraflores' ,CURRENT_TIMESTAMP, CURRENT_TIMESTAMP),
(250, 5, '15464', 'Mongua' ,CURRENT_TIMESTAMP, CURRENT_TIMESTAMP),
(251, 5, '15466', 'Mongui' ,CURRENT_TIMESTAMP, CURRENT_TIMESTAMP),
(252, 5, '15469', 'Moniquira' ,CURRENT_TIMESTAMP, CURRENT_TIMESTAMP),
(253, 5, '15476', 'Motavita' ,CURRENT_TIMESTAMP, CURRENT_TIMESTAMP),
(254, 5, '15480', 'Muzo' ,CURRENT_TIMESTAMP, CURRENT_TIMESTAMP),
(255, 5, '15491', 'Nobsa' ,CURRENT_TIMESTAMP, CURRENT_TIMESTAMP),
(256, 5, '15494', 'Nuevo Colon' ,CURRENT_TIMESTAMP, CURRENT_TIMESTAMP),
(257, 5, '15500', 'Oicata' ,CURRENT_TIMESTAMP, CURRENT_TIMESTAMP),
(258, 5, '15507', 'Otanche' ,CURRENT_TIMESTAMP, CURRENT_TIMESTAMP),
(259, 5, '15511', 'Pachavita' ,CURRENT_TIMESTAMP, CURRENT_TIMESTAMP),
(260, 5, '15514', 'Paez' ,CURRENT_TIMESTAMP, CURRENT_TIMESTAMP),
(261, 5, '15516', 'Paipa' ,CURRENT_TIMESTAMP, CURRENT_TIMESTAMP),
(262, 5, '15518', 'Pajarito' ,CURRENT_TIMESTAMP, CURRENT_TIMESTAMP),
(263, 5, '15522', 'Panqueba' ,CURRENT_TIMESTAMP, CURRENT_TIMESTAMP),
(264, 5, '15531', 'Pauna' ,CURRENT_TIMESTAMP, CURRENT_TIMESTAMP),
(265, 5, '15533', 'Paya' ,CURRENT_TIMESTAMP, CURRENT_TIMESTAMP),
(266, 5, '15537', 'Paz De Rio' ,CURRENT_TIMESTAMP, CURRENT_TIMESTAMP),
(267, 5, '15542', 'Pesca' ,CURRENT_TIMESTAMP, CURRENT_TIMESTAMP),
(268, 5, '15550', 'Pisba' ,CURRENT_TIMESTAMP, CURRENT_TIMESTAMP),
(269, 5, '15572', 'Puerto Boyaca' ,CURRENT_TIMESTAMP, CURRENT_TIMESTAMP),
(270, 5, '15580', 'Quipama' ,CURRENT_TIMESTAMP, CURRENT_TIMESTAMP),
(271, 5, '15599', 'Ramiriqui' ,CURRENT_TIMESTAMP, CURRENT_TIMESTAMP),
(272, 5, '15600', 'Raquira' ,CURRENT_TIMESTAMP, CURRENT_TIMESTAMP),
(273, 5, '15621', 'Rondon' ,CURRENT_TIMESTAMP, CURRENT_TIMESTAMP),
(274, 5, '15632', 'Saboya' ,CURRENT_TIMESTAMP, CURRENT_TIMESTAMP),
(275, 5, '15638', 'Sachica' ,CURRENT_TIMESTAMP, CURRENT_TIMESTAMP),
(276, 5, '15646', 'Samaca' ,CURRENT_TIMESTAMP, CURRENT_TIMESTAMP),
(277, 5, '15660', 'San Eduardo' ,CURRENT_TIMESTAMP, CURRENT_TIMESTAMP),
(278, 5, '15664', 'San Jose se Pare' ,CURRENT_TIMESTAMP, CURRENT_TIMESTAMP),
(279, 5, '15667', 'San Luis se Gaceno' ,CURRENT_TIMESTAMP, CURRENT_TIMESTAMP),
(280, 5, '15673', 'San Mateo' ,CURRENT_TIMESTAMP, CURRENT_TIMESTAMP),
(281, 5, '15676', 'San Miguel se Sema' ,CURRENT_TIMESTAMP, CURRENT_TIMESTAMP),
(282, 5, '15681', 'San Pablo se Borbur' ,CURRENT_TIMESTAMP, CURRENT_TIMESTAMP),
(283, 5, '15686', 'Santana' ,CURRENT_TIMESTAMP, CURRENT_TIMESTAMP),
(284, 5, '15690', 'Santa Maria' ,CURRENT_TIMESTAMP, CURRENT_TIMESTAMP),
(285, 5, '15693', 'Santa Rosa se Viterbo' ,CURRENT_TIMESTAMP, CURRENT_TIMESTAMP),
(286, 5, '15696', 'Santa Sofia' ,CURRENT_TIMESTAMP, CURRENT_TIMESTAMP),
(287, 5, '15720', 'Sativanorte' ,CURRENT_TIMESTAMP, CURRENT_TIMESTAMP),
(288, 5, '15723', 'Sativasur' ,CURRENT_TIMESTAMP, CURRENT_TIMESTAMP),
(289, 5, '15740', 'Siachoque' ,CURRENT_TIMESTAMP, CURRENT_TIMESTAMP),
(290, 5, '15753', 'Soata' ,CURRENT_TIMESTAMP, CURRENT_TIMESTAMP),
(291, 5, '15755', 'Socota' ,CURRENT_TIMESTAMP, CURRENT_TIMESTAMP),
(292, 5, '15757', 'Socha' ,CURRENT_TIMESTAMP, CURRENT_TIMESTAMP),
(293, 5, '15759', 'Sogamoso' ,CURRENT_TIMESTAMP, CURRENT_TIMESTAMP),
(294, 5, '15761', 'Somondoco' ,CURRENT_TIMESTAMP, CURRENT_TIMESTAMP),
(295, 5, '15762', 'Sora' ,CURRENT_TIMESTAMP, CURRENT_TIMESTAMP),
(296, 5, '15763', 'Sotaquira' ,CURRENT_TIMESTAMP, CURRENT_TIMESTAMP),
(297, 5, '15764', 'Soraca' ,CURRENT_TIMESTAMP, CURRENT_TIMESTAMP),
(298, 5, '15774', 'Susacon' ,CURRENT_TIMESTAMP, CURRENT_TIMESTAMP),
(299, 5, '15776', 'Sutamarchan' ,CURRENT_TIMESTAMP, CURRENT_TIMESTAMP),
(300, 5, '15778', 'Sutatenza' ,CURRENT_TIMESTAMP, CURRENT_TIMESTAMP),
(301, 5, '15790', 'Tasco' ,CURRENT_TIMESTAMP, CURRENT_TIMESTAMP),
(302, 5, '15798', 'Tenza' ,CURRENT_TIMESTAMP, CURRENT_TIMESTAMP),
(303, 5, '15804', 'Tibana' ,CURRENT_TIMESTAMP, CURRENT_TIMESTAMP),
(304, 5, '15806', 'Tibasosa' ,CURRENT_TIMESTAMP, CURRENT_TIMESTAMP),
(305, 5, '15808', 'Tinjaca' ,CURRENT_TIMESTAMP, CURRENT_TIMESTAMP),
(306, 5, '15810', 'Tipacoque' ,CURRENT_TIMESTAMP, CURRENT_TIMESTAMP),
(307, 5, '15814', 'Toca' ,CURRENT_TIMESTAMP, CURRENT_TIMESTAMP),
(308, 5, '15816', 'Togsi' ,CURRENT_TIMESTAMP, CURRENT_TIMESTAMP),
(309, 5, '15820', 'Topaga' ,CURRENT_TIMESTAMP, CURRENT_TIMESTAMP),
(310, 5, '15822', 'Tota' ,CURRENT_TIMESTAMP, CURRENT_TIMESTAMP),
(311, 5, '15832', 'Tunungua' ,CURRENT_TIMESTAMP, CURRENT_TIMESTAMP),
(312, 5, '15835', 'Turmeque' ,CURRENT_TIMESTAMP, CURRENT_TIMESTAMP),
(313, 5, '15837', 'Tuta' ,CURRENT_TIMESTAMP, CURRENT_TIMESTAMP),
(314, 5, '15839', 'Tutaza' ,CURRENT_TIMESTAMP, CURRENT_TIMESTAMP),
(315, 5, '15842', 'Umbita' ,CURRENT_TIMESTAMP, CURRENT_TIMESTAMP),
(316, 5, '15861', 'Ventaquemada' ,CURRENT_TIMESTAMP, CURRENT_TIMESTAMP),
(317, 5, '15879', 'Viracacha' ,CURRENT_TIMESTAMP, CURRENT_TIMESTAMP),
(318, 5, '15897', 'Zetaquira' ,CURRENT_TIMESTAMP, CURRENT_TIMESTAMP),
(319, 6, '17001', 'Manizales' ,CURRENT_TIMESTAMP, CURRENT_TIMESTAMP),
(320, 6, '17013', 'Aguadas' ,CURRENT_TIMESTAMP, CURRENT_TIMESTAMP),
(321, 6, '17042', 'Anserma' ,CURRENT_TIMESTAMP, CURRENT_TIMESTAMP),
(322, 6, '17050', 'Aranzazu' ,CURRENT_TIMESTAMP, CURRENT_TIMESTAMP),
(323, 6, '17088', 'Belalcazar' ,CURRENT_TIMESTAMP, CURRENT_TIMESTAMP),
(324, 6, '17174', 'Chinchina' ,CURRENT_TIMESTAMP, CURRENT_TIMESTAMP),
(325, 6, '17272', 'Filadelfia' ,CURRENT_TIMESTAMP, CURRENT_TIMESTAMP),
(326, 6, '17380', 'La Dorada' ,CURRENT_TIMESTAMP, CURRENT_TIMESTAMP),
(327, 6, '17388', 'La Merced' ,CURRENT_TIMESTAMP, CURRENT_TIMESTAMP),
(328, 6, '17433', 'Manzanares' ,CURRENT_TIMESTAMP, CURRENT_TIMESTAMP),
(329, 6, '17442', 'Marmato' ,CURRENT_TIMESTAMP, CURRENT_TIMESTAMP),
(330, 6, '17444', 'Marquetalia' ,CURRENT_TIMESTAMP, CURRENT_TIMESTAMP),
(331, 6, '17446', 'Marulanda' ,CURRENT_TIMESTAMP, CURRENT_TIMESTAMP),
(332, 6, '17486', 'Neira' ,CURRENT_TIMESTAMP, CURRENT_TIMESTAMP),
(333, 6, '17495', 'Norcasia' ,CURRENT_TIMESTAMP, CURRENT_TIMESTAMP),
(334, 6, '17513', 'Pacora' ,CURRENT_TIMESTAMP, CURRENT_TIMESTAMP),
(335, 6, '17524', 'Palestina' ,CURRENT_TIMESTAMP, CURRENT_TIMESTAMP),
(336, 6, '17541', 'Pensilvania' ,CURRENT_TIMESTAMP, CURRENT_TIMESTAMP),
(337, 6, '17614', 'Riosucio' ,CURRENT_TIMESTAMP, CURRENT_TIMESTAMP),
(338, 6, '17616', 'Risaralda' ,CURRENT_TIMESTAMP, CURRENT_TIMESTAMP),
(339, 6, '17653', 'Salamina' ,CURRENT_TIMESTAMP, CURRENT_TIMESTAMP),
(340, 6, '17662', 'Samana' ,CURRENT_TIMESTAMP, CURRENT_TIMESTAMP),
(341, 6, '17665', 'San Jose' ,CURRENT_TIMESTAMP, CURRENT_TIMESTAMP),
(342, 6, '17777', 'Supia' ,CURRENT_TIMESTAMP, CURRENT_TIMESTAMP),
(343, 6, '17867', 'Victoria' ,CURRENT_TIMESTAMP, CURRENT_TIMESTAMP),
(344, 6, '17873', 'Villamaria' ,CURRENT_TIMESTAMP, CURRENT_TIMESTAMP),
(345, 6, '17877', 'Viterbo' ,CURRENT_TIMESTAMP, CURRENT_TIMESTAMP),
(346, 7, '18001', 'Florencia' ,CURRENT_TIMESTAMP, CURRENT_TIMESTAMP),
(347, 7, '18029', 'Albania' ,CURRENT_TIMESTAMP, CURRENT_TIMESTAMP),
(348, 7, '18094', 'Belen se los Andaquies' ,CURRENT_TIMESTAMP, CURRENT_TIMESTAMP),
(349, 7, '18150', 'Cartagena del Chaira' ,CURRENT_TIMESTAMP, CURRENT_TIMESTAMP),
(350, 7, '18205', 'Curillo' ,CURRENT_TIMESTAMP, CURRENT_TIMESTAMP),
(351, 7, '18247', 'El Doncello' ,CURRENT_TIMESTAMP, CURRENT_TIMESTAMP),
(352, 7, '18256', 'El Paujil' ,CURRENT_TIMESTAMP, CURRENT_TIMESTAMP),
(353, 7, '18410', 'La Montañita' ,CURRENT_TIMESTAMP, CURRENT_TIMESTAMP),
(354, 7, '18460', 'Milan' ,CURRENT_TIMESTAMP, CURRENT_TIMESTAMP),
(355, 7, '18479', 'Morelia' ,CURRENT_TIMESTAMP, CURRENT_TIMESTAMP),
(356, 7, '18592', 'Puerto Rico' ,CURRENT_TIMESTAMP, CURRENT_TIMESTAMP),
(357, 7, '18610', 'San Jose del Fragua' ,CURRENT_TIMESTAMP, CURRENT_TIMESTAMP),
(358, 7, '18753', 'San Vicente del Caguan' ,CURRENT_TIMESTAMP, CURRENT_TIMESTAMP),
(359, 7, '18756', 'Solano' ,CURRENT_TIMESTAMP, CURRENT_TIMESTAMP),
(360, 7, '18785', 'Solita' ,CURRENT_TIMESTAMP, CURRENT_TIMESTAMP),
(361, 7, '18860', 'Valparaiso' ,CURRENT_TIMESTAMP, CURRENT_TIMESTAMP),
(362, 8, '19001', 'Popayan' ,CURRENT_TIMESTAMP, CURRENT_TIMESTAMP),
(363, 8, '19022', 'Almaguer' ,CURRENT_TIMESTAMP, CURRENT_TIMESTAMP),
(364, 8, '19050', 'Argelia' ,CURRENT_TIMESTAMP, CURRENT_TIMESTAMP),
(365, 8, '19075', 'Balboa' ,CURRENT_TIMESTAMP, CURRENT_TIMESTAMP),
(366, 8, '19100', 'Bolivar' ,CURRENT_TIMESTAMP, CURRENT_TIMESTAMP),
(367, 8, '19110', 'Buenos Aires' ,CURRENT_TIMESTAMP, CURRENT_TIMESTAMP),
(368, 8, '19130', 'Cajibio' ,CURRENT_TIMESTAMP, CURRENT_TIMESTAMP),
(369, 8, '19137', 'Caldono' ,CURRENT_TIMESTAMP, CURRENT_TIMESTAMP),
(370, 8, '19142', 'Caloto' ,CURRENT_TIMESTAMP, CURRENT_TIMESTAMP),
(371, 8, '19212', 'Corinto' ,CURRENT_TIMESTAMP, CURRENT_TIMESTAMP),
(372, 8, '19256', 'El Tambo' ,CURRENT_TIMESTAMP, CURRENT_TIMESTAMP),
(373, 8, '19290', 'Florencia' ,CURRENT_TIMESTAMP, CURRENT_TIMESTAMP),
(374, 8, '19300', 'Guachene' ,CURRENT_TIMESTAMP, CURRENT_TIMESTAMP),
(375, 8, '19318', 'Guapi' ,CURRENT_TIMESTAMP, CURRENT_TIMESTAMP),
(376, 8, '19355', 'Inza' ,CURRENT_TIMESTAMP, CURRENT_TIMESTAMP),
(377, 8, '19364', 'Jambalo' ,CURRENT_TIMESTAMP, CURRENT_TIMESTAMP),
(378, 8, '19392', 'La Sierra' ,CURRENT_TIMESTAMP, CURRENT_TIMESTAMP),
(379, 8, '19397', 'La Vega' ,CURRENT_TIMESTAMP, CURRENT_TIMESTAMP),
(380, 8, '19418', 'Lopez' ,CURRENT_TIMESTAMP, CURRENT_TIMESTAMP),
(381, 8, '19450', 'Mercaderes' ,CURRENT_TIMESTAMP, CURRENT_TIMESTAMP),
(382, 8, '19455', 'Miranda' ,CURRENT_TIMESTAMP, CURRENT_TIMESTAMP),
(383, 8, '19473', 'Morales' ,CURRENT_TIMESTAMP, CURRENT_TIMESTAMP),
(384, 8, '19513', 'Padilla' ,CURRENT_TIMESTAMP, CURRENT_TIMESTAMP),
(385, 8, '19517', 'Paez' ,CURRENT_TIMESTAMP, CURRENT_TIMESTAMP),
(386, 8, '19532', 'Patia' ,CURRENT_TIMESTAMP, CURRENT_TIMESTAMP),
(387, 8, '19533', 'Piamonte' ,CURRENT_TIMESTAMP, CURRENT_TIMESTAMP),
(388, 8, '19548', 'Piendamo' ,CURRENT_TIMESTAMP, CURRENT_TIMESTAMP),
(389, 8, '19573', 'Puerto Tejada' ,CURRENT_TIMESTAMP, CURRENT_TIMESTAMP),
(390, 8, '19585', 'Purace' ,CURRENT_TIMESTAMP, CURRENT_TIMESTAMP),
(391, 8, '19622', 'Rosas' ,CURRENT_TIMESTAMP, CURRENT_TIMESTAMP),
(392, 8, '19693', 'San Sebastian' ,CURRENT_TIMESTAMP, CURRENT_TIMESTAMP),
(393, 8, '19698', 'Santander de Quilichao' ,CURRENT_TIMESTAMP, CURRENT_TIMESTAMP),
(394, 8, '19701', 'Santa Rosa' ,CURRENT_TIMESTAMP, CURRENT_TIMESTAMP),
(395, 8, '19743', 'Silvia' ,CURRENT_TIMESTAMP, CURRENT_TIMESTAMP),
(396, 8, '19760', 'Sotara' ,CURRENT_TIMESTAMP, CURRENT_TIMESTAMP),
(397, 8, '19780', 'Suarez' ,CURRENT_TIMESTAMP, CURRENT_TIMESTAMP),
(398, 8, '19785', 'Sucre' ,CURRENT_TIMESTAMP, CURRENT_TIMESTAMP),
(399, 8, '19807', 'Timbio' ,CURRENT_TIMESTAMP, CURRENT_TIMESTAMP),
(400, 8, '19809', 'Timbiqui' ,CURRENT_TIMESTAMP, CURRENT_TIMESTAMP),
(401, 8, '19821', 'Toribio' ,CURRENT_TIMESTAMP, CURRENT_TIMESTAMP),
(402, 8, '19824', 'Totoro' ,CURRENT_TIMESTAMP, CURRENT_TIMESTAMP),
(403, 8, '19845', 'Villa Rica' ,CURRENT_TIMESTAMP, CURRENT_TIMESTAMP),
(404, 9, '20001', 'Valledupar' ,CURRENT_TIMESTAMP, CURRENT_TIMESTAMP),
(405, 9, '20011', 'Aguachica' ,CURRENT_TIMESTAMP, CURRENT_TIMESTAMP),
(406, 9, '20013', 'Agustin Codazzi' ,CURRENT_TIMESTAMP, CURRENT_TIMESTAMP),
(407, 9, '20032', 'Astrea' ,CURRENT_TIMESTAMP, CURRENT_TIMESTAMP),
(408, 9, '20045', 'Becerril' ,CURRENT_TIMESTAMP, CURRENT_TIMESTAMP),
(409, 9, '20060', 'Bosconia' ,CURRENT_TIMESTAMP, CURRENT_TIMESTAMP),
(410, 9, '20175', 'Chimichagua' ,CURRENT_TIMESTAMP, CURRENT_TIMESTAMP),
(411, 9, '20178', 'Chiriguana' ,CURRENT_TIMESTAMP, CURRENT_TIMESTAMP),
(412, 9, '20228', 'Curumani' ,CURRENT_TIMESTAMP, CURRENT_TIMESTAMP),
(413, 9, '20238', 'El Copey' ,CURRENT_TIMESTAMP, CURRENT_TIMESTAMP),
(414, 9, '20250', 'El Paso' ,CURRENT_TIMESTAMP, CURRENT_TIMESTAMP),
(415, 9, '20295', 'Gamarra' ,CURRENT_TIMESTAMP, CURRENT_TIMESTAMP),
(416, 9, '20310', 'Gonzalez' ,CURRENT_TIMESTAMP, CURRENT_TIMESTAMP),
(417, 9, '20383', 'La Gloria' ,CURRENT_TIMESTAMP, CURRENT_TIMESTAMP),
(418, 9, '20400', 'La Jagua De Ibirico' ,CURRENT_TIMESTAMP, CURRENT_TIMESTAMP),
(419, 9, '20443', 'Manaure' ,CURRENT_TIMESTAMP, CURRENT_TIMESTAMP),
(420, 9, '20517', 'Pailitas' ,CURRENT_TIMESTAMP, CURRENT_TIMESTAMP),
(421, 9, '20550', 'Pelaya' ,CURRENT_TIMESTAMP, CURRENT_TIMESTAMP),
(422, 9, '20570', 'Pueblo Bello' ,CURRENT_TIMESTAMP, CURRENT_TIMESTAMP),
(423, 9, '20614', 'Rio De Oro' ,CURRENT_TIMESTAMP, CURRENT_TIMESTAMP),
(424, 9, '20621', 'La Paz' ,CURRENT_TIMESTAMP, CURRENT_TIMESTAMP),
(425, 9, '20710', 'San Alberto' ,CURRENT_TIMESTAMP, CURRENT_TIMESTAMP),
(426, 9, '20750', 'San Diego' ,CURRENT_TIMESTAMP, CURRENT_TIMESTAMP),
(427, 9, '20770', 'San Martin' ,CURRENT_TIMESTAMP, CURRENT_TIMESTAMP),
(428, 9, '20787', 'Tamalameque' ,CURRENT_TIMESTAMP, CURRENT_TIMESTAMP),
(429, 10, '23001', 'Monteria' ,CURRENT_TIMESTAMP, CURRENT_TIMESTAMP),
(430, 10, '23068', 'Ayapel' ,CURRENT_TIMESTAMP, CURRENT_TIMESTAMP),
(431, 10, '23079', 'Buenavista' ,CURRENT_TIMESTAMP, CURRENT_TIMESTAMP),
(432, 10, '23090', 'Canalete' ,CURRENT_TIMESTAMP, CURRENT_TIMESTAMP),
(433, 10, '23162', 'Cerete' ,CURRENT_TIMESTAMP, CURRENT_TIMESTAMP),
(434, 10, '23168', 'Chima' ,CURRENT_TIMESTAMP, CURRENT_TIMESTAMP),
(435, 10, '23182', 'Chinu' ,CURRENT_TIMESTAMP, CURRENT_TIMESTAMP),
(436, 10, '23189', 'Cienaga De Oro' ,CURRENT_TIMESTAMP, CURRENT_TIMESTAMP),
(437, 10, '23300', 'Cotorra' ,CURRENT_TIMESTAMP, CURRENT_TIMESTAMP),
(438, 10, '23350', 'La Apartada' ,CURRENT_TIMESTAMP, CURRENT_TIMESTAMP),
(439, 10, '23417', 'Lorica' ,CURRENT_TIMESTAMP, CURRENT_TIMESTAMP),
(440, 10, '23419', 'Los Cordobas' ,CURRENT_TIMESTAMP, CURRENT_TIMESTAMP),
(441, 10, '23464', 'Momil' ,CURRENT_TIMESTAMP, CURRENT_TIMESTAMP),
(442, 10, '23466', 'Montelibano' ,CURRENT_TIMESTAMP, CURRENT_TIMESTAMP),
(443, 10, '23500', 'Moñitos' ,CURRENT_TIMESTAMP, CURRENT_TIMESTAMP),
(444, 10, '23555', 'Planeta Rica' ,CURRENT_TIMESTAMP, CURRENT_TIMESTAMP),
(445, 10, '23570', 'Pueblo Nuevo' ,CURRENT_TIMESTAMP, CURRENT_TIMESTAMP),
(446, 10, '23574', 'Puerto Escondido' ,CURRENT_TIMESTAMP, CURRENT_TIMESTAMP),
(447, 10, '23580', 'Puerto Libertador' ,CURRENT_TIMESTAMP, CURRENT_TIMESTAMP),
(448, 10, '23586', 'Purisima' ,CURRENT_TIMESTAMP, CURRENT_TIMESTAMP),
(449, 10, '23660', 'Sahagun' ,CURRENT_TIMESTAMP, CURRENT_TIMESTAMP),
(450, 10, '23670', 'San Andres Sotavento' ,CURRENT_TIMESTAMP, CURRENT_TIMESTAMP),
(451, 10, '23672', 'San Antero' ,CURRENT_TIMESTAMP, CURRENT_TIMESTAMP),
(452, 10, '23675', 'San Bernardo Del Viento' ,CURRENT_TIMESTAMP, CURRENT_TIMESTAMP),
(453, 10, '23678', 'San Carlos' ,CURRENT_TIMESTAMP, CURRENT_TIMESTAMP),
(454, 10, '23682', 'San José De Uré' ,CURRENT_TIMESTAMP, CURRENT_TIMESTAMP),
(455, 10, '23686', 'San Pelayo' ,CURRENT_TIMESTAMP, CURRENT_TIMESTAMP),
(456, 10, '23807', 'Tierralta' ,CURRENT_TIMESTAMP, CURRENT_TIMESTAMP),
(457, 10, '23815', 'Tuchín' ,CURRENT_TIMESTAMP, CURRENT_TIMESTAMP),
(458, 10, '23855', 'Valencia' ,CURRENT_TIMESTAMP, CURRENT_TIMESTAMP),
(459, 11, '25001', 'Agua De Dios' ,CURRENT_TIMESTAMP, CURRENT_TIMESTAMP),
(460, 11, '25019', 'Alban' ,CURRENT_TIMESTAMP, CURRENT_TIMESTAMP),
(461, 11, '25035', 'Anapoima' ,CURRENT_TIMESTAMP, CURRENT_TIMESTAMP),
(462, 11, '25040', 'Anolaima' ,CURRENT_TIMESTAMP, CURRENT_TIMESTAMP),
(463, 11, '25053', 'Arbelaez' ,CURRENT_TIMESTAMP, CURRENT_TIMESTAMP),
(464, 11, '25086', 'Beltran' ,CURRENT_TIMESTAMP, CURRENT_TIMESTAMP),
(465, 11, '25095', 'Bituima' ,CURRENT_TIMESTAMP, CURRENT_TIMESTAMP),
(466, 11, '25099', 'Bojaca' ,CURRENT_TIMESTAMP, CURRENT_TIMESTAMP),
(467, 11, '25120', 'Cabrera' ,CURRENT_TIMESTAMP, CURRENT_TIMESTAMP),
(468, 11, '25123', 'Cachipay' ,CURRENT_TIMESTAMP, CURRENT_TIMESTAMP),
(469, 11, '25126', 'Cajica' ,CURRENT_TIMESTAMP, CURRENT_TIMESTAMP),
(470, 11, '25148', 'Caparrapi' ,CURRENT_TIMESTAMP, CURRENT_TIMESTAMP),
(471, 11, '25151', 'Caqueza' ,CURRENT_TIMESTAMP, CURRENT_TIMESTAMP),
(472, 11, '25154', 'Carmen De Carupa' ,CURRENT_TIMESTAMP, CURRENT_TIMESTAMP),
(473, 11, '25168', 'Chaguani' ,CURRENT_TIMESTAMP, CURRENT_TIMESTAMP),
(474, 11, '25175', 'Chia' ,CURRENT_TIMESTAMP, CURRENT_TIMESTAMP),
(475, 11, '25178', 'Chipaque' ,CURRENT_TIMESTAMP, CURRENT_TIMESTAMP),
(476, 11, '25181', 'Choachi' ,CURRENT_TIMESTAMP, CURRENT_TIMESTAMP),
(477, 11, '25183', 'Choconta' ,CURRENT_TIMESTAMP, CURRENT_TIMESTAMP),
(478, 11, '25200', 'Cogua' ,CURRENT_TIMESTAMP, CURRENT_TIMESTAMP),
(479, 11, '25214', 'Cota' ,CURRENT_TIMESTAMP, CURRENT_TIMESTAMP),
(480, 11, '25224', 'Cucunuba' ,CURRENT_TIMESTAMP, CURRENT_TIMESTAMP),
(481, 11, '25245', 'El Colegio' ,CURRENT_TIMESTAMP, CURRENT_TIMESTAMP),
(482, 11, '25258', 'El Peñon' ,CURRENT_TIMESTAMP, CURRENT_TIMESTAMP),
(483, 11, '25260', 'El Rosal' ,CURRENT_TIMESTAMP, CURRENT_TIMESTAMP),
(484, 11, '25269', 'Facatativa' ,CURRENT_TIMESTAMP, CURRENT_TIMESTAMP),
(485, 11, '25279', 'Fomeque' ,CURRENT_TIMESTAMP, CURRENT_TIMESTAMP),
(486, 11, '25281', 'Fosca' ,CURRENT_TIMESTAMP, CURRENT_TIMESTAMP),
(487, 11, '25286', 'Funza' ,CURRENT_TIMESTAMP, CURRENT_TIMESTAMP),
(488, 11, '25288', 'Fuquene' ,CURRENT_TIMESTAMP, CURRENT_TIMESTAMP),
(489, 11, '25290', 'Fusagasuga' ,CURRENT_TIMESTAMP, CURRENT_TIMESTAMP),
(490, 11, '25293', 'Gachala' ,CURRENT_TIMESTAMP, CURRENT_TIMESTAMP),
(491, 11, '25295', 'Gachancipa' ,CURRENT_TIMESTAMP, CURRENT_TIMESTAMP),
(492, 11, '25297', 'Gacheta' ,CURRENT_TIMESTAMP, CURRENT_TIMESTAMP),
(493, 11, '25299', 'Gama' ,CURRENT_TIMESTAMP, CURRENT_TIMESTAMP),
(494, 11, '25307', 'Girardot' ,CURRENT_TIMESTAMP, CURRENT_TIMESTAMP),
(495, 11, '25312', 'Granada' ,CURRENT_TIMESTAMP, CURRENT_TIMESTAMP),
(496, 11, '25317', 'Guacheta' ,CURRENT_TIMESTAMP, CURRENT_TIMESTAMP),
(497, 11, '25320', 'Guaduas' ,CURRENT_TIMESTAMP, CURRENT_TIMESTAMP),
(498, 11, '25322', 'Guasca' ,CURRENT_TIMESTAMP, CURRENT_TIMESTAMP),
(499, 11, '25324', 'Guataqui' ,CURRENT_TIMESTAMP, CURRENT_TIMESTAMP),
(500, 11, '25326', 'Guatavita' ,CURRENT_TIMESTAMP, CURRENT_TIMESTAMP),
(501, 11, '25328', 'Guayabal De Siquima' ,CURRENT_TIMESTAMP, CURRENT_TIMESTAMP),
(502, 11, '25335', 'Guayabetal' ,CURRENT_TIMESTAMP, CURRENT_TIMESTAMP),
(503, 11, '25339', 'Gutierrez' ,CURRENT_TIMESTAMP, CURRENT_TIMESTAMP),
(504, 11, '25368', 'Jerusalen' ,CURRENT_TIMESTAMP, CURRENT_TIMESTAMP),
(505, 11, '25372', 'Junin' ,CURRENT_TIMESTAMP, CURRENT_TIMESTAMP),
(506, 11, '25377', 'La Calera' ,CURRENT_TIMESTAMP, CURRENT_TIMESTAMP),
(507, 11, '25386', 'La Mesa' ,CURRENT_TIMESTAMP, CURRENT_TIMESTAMP),
(508, 11, '25394', 'La Palma' ,CURRENT_TIMESTAMP, CURRENT_TIMESTAMP),
(509, 11, '25398', 'La Peña' ,CURRENT_TIMESTAMP, CURRENT_TIMESTAMP),
(510, 11, '25402', 'La Vega' ,CURRENT_TIMESTAMP, CURRENT_TIMESTAMP),
(511, 11, '25407', 'Lenguazaque' ,CURRENT_TIMESTAMP, CURRENT_TIMESTAMP),
(512, 11, '25426', 'Macheta' ,CURRENT_TIMESTAMP, CURRENT_TIMESTAMP),
(513, 11, '25430', 'Madrid' ,CURRENT_TIMESTAMP, CURRENT_TIMESTAMP),
(514, 11, '25436', 'Manta' ,CURRENT_TIMESTAMP, CURRENT_TIMESTAMP),
(515, 11, '25438', 'Medina' ,CURRENT_TIMESTAMP, CURRENT_TIMESTAMP),
(516, 11, '25473', 'Mosquera' ,CURRENT_TIMESTAMP, CURRENT_TIMESTAMP),
(517, 11, '25483', 'Nariño' ,CURRENT_TIMESTAMP, CURRENT_TIMESTAMP),
(518, 11, '25486', 'Nemocon' ,CURRENT_TIMESTAMP, CURRENT_TIMESTAMP),
(519, 11, '25488', 'Nilo' ,CURRENT_TIMESTAMP, CURRENT_TIMESTAMP),
(520, 11, '25489', 'Nimaima' ,CURRENT_TIMESTAMP, CURRENT_TIMESTAMP),
(521, 11, '25491', 'Nocaima' ,CURRENT_TIMESTAMP, CURRENT_TIMESTAMP),
(522, 11, '25506', 'Venecia' ,CURRENT_TIMESTAMP, CURRENT_TIMESTAMP),
(523, 11, '25513', 'Pacho' ,CURRENT_TIMESTAMP, CURRENT_TIMESTAMP),
(524, 11, '25518', 'Paime' ,CURRENT_TIMESTAMP, CURRENT_TIMESTAMP),
(525, 11, '25524', 'Pandi' ,CURRENT_TIMESTAMP, CURRENT_TIMESTAMP),
(526, 11, '25530', 'Paratebueno' ,CURRENT_TIMESTAMP, CURRENT_TIMESTAMP),
(527, 11, '25535', 'Pasca' ,CURRENT_TIMESTAMP, CURRENT_TIMESTAMP),
(528, 11, '25572', 'Puerto Salgar' ,CURRENT_TIMESTAMP, CURRENT_TIMESTAMP),
(529, 11, '25580', 'Puli' ,CURRENT_TIMESTAMP, CURRENT_TIMESTAMP),
(530, 11, '25592', 'Quebradanegra' ,CURRENT_TIMESTAMP, CURRENT_TIMESTAMP),
(531, 11, '25594', 'Quetame' ,CURRENT_TIMESTAMP, CURRENT_TIMESTAMP),
(532, 11, '25596', 'Quipile' ,CURRENT_TIMESTAMP, CURRENT_TIMESTAMP),
(533, 11, '25599', 'Apulo' ,CURRENT_TIMESTAMP, CURRENT_TIMESTAMP),
(534, 11, '25612', 'Ricaurte' ,CURRENT_TIMESTAMP, CURRENT_TIMESTAMP),
(535, 11, '25645', 'San Antonio Del Tequendama' ,CURRENT_TIMESTAMP, CURRENT_TIMESTAMP),
(536, 11, '25649', 'San Bernardo' ,CURRENT_TIMESTAMP, CURRENT_TIMESTAMP),
(537, 11, '25653', 'San Cayetano' ,CURRENT_TIMESTAMP, CURRENT_TIMESTAMP),
(538, 11, '25658', 'San Francisco' ,CURRENT_TIMESTAMP, CURRENT_TIMESTAMP),
(539, 11, '25662', 'San Juan De Rio Seco' ,CURRENT_TIMESTAMP, CURRENT_TIMESTAMP),
(540, 11, '25718', 'Sasaima' ,CURRENT_TIMESTAMP, CURRENT_TIMESTAMP),
(541, 11, '25736', 'Sesquile' ,CURRENT_TIMESTAMP, CURRENT_TIMESTAMP),
(542, 11, '25740', 'Sibate' ,CURRENT_TIMESTAMP, CURRENT_TIMESTAMP),
(543, 11, '25743', 'Silvania' ,CURRENT_TIMESTAMP, CURRENT_TIMESTAMP),
(544, 11, '25745', 'Simijaca' ,CURRENT_TIMESTAMP, CURRENT_TIMESTAMP),
(545, 11, '25754', 'Soacha' ,CURRENT_TIMESTAMP, CURRENT_TIMESTAMP),
(546, 11, '25758', 'Sopo' ,CURRENT_TIMESTAMP, CURRENT_TIMESTAMP),
(547, 11, '25769', 'Subachoque' ,CURRENT_TIMESTAMP, CURRENT_TIMESTAMP),
(548, 11, '25772', 'Suesca' ,CURRENT_TIMESTAMP, CURRENT_TIMESTAMP),
(549, 11, '25777', 'Supata' ,CURRENT_TIMESTAMP, CURRENT_TIMESTAMP),
(550, 11, '25779', 'Susa' ,CURRENT_TIMESTAMP, CURRENT_TIMESTAMP),
(551, 11, '25781', 'Sutatausa' ,CURRENT_TIMESTAMP, CURRENT_TIMESTAMP),
(552, 11, '25785', 'Tabio' ,CURRENT_TIMESTAMP, CURRENT_TIMESTAMP),
(553, 11, '25793', 'Tausa' ,CURRENT_TIMESTAMP, CURRENT_TIMESTAMP),
(554, 11, '25797', 'Tena' ,CURRENT_TIMESTAMP, CURRENT_TIMESTAMP),
(555, 11, '25799', 'Tenjo' ,CURRENT_TIMESTAMP, CURRENT_TIMESTAMP),
(556, 11, '25805', 'Tibacuy' ,CURRENT_TIMESTAMP, CURRENT_TIMESTAMP),
(557, 11, '25807', 'Tibirita' ,CURRENT_TIMESTAMP, CURRENT_TIMESTAMP),
(558, 11, '25815', 'Tocaima' ,CURRENT_TIMESTAMP, CURRENT_TIMESTAMP),
(559, 11, '25817', 'Tocancipa' ,CURRENT_TIMESTAMP, CURRENT_TIMESTAMP),
(560, 11, '25823', 'Topaipi' ,CURRENT_TIMESTAMP, CURRENT_TIMESTAMP),
(561, 11, '25839', 'Ubala' ,CURRENT_TIMESTAMP, CURRENT_TIMESTAMP),
(562, 11, '25841', 'Ubaque' ,CURRENT_TIMESTAMP, CURRENT_TIMESTAMP),
(563, 11, '25843', 'Villa De San Diego De Ubate' ,CURRENT_TIMESTAMP, CURRENT_TIMESTAMP),
(564, 11, '25845', 'Une' ,CURRENT_TIMESTAMP, CURRENT_TIMESTAMP),
(565, 11, '25851', 'Utica' ,CURRENT_TIMESTAMP, CURRENT_TIMESTAMP),
(566, 11, '25862', 'Vergara' ,CURRENT_TIMESTAMP, CURRENT_TIMESTAMP),
(567, 11, '25867', 'Viani' ,CURRENT_TIMESTAMP, CURRENT_TIMESTAMP),
(568, 11, '25871', 'Villagomez' ,CURRENT_TIMESTAMP, CURRENT_TIMESTAMP),
(569, 11, '25873', 'Villapinzon' ,CURRENT_TIMESTAMP, CURRENT_TIMESTAMP),
(570, 11, '25875', 'Villeta' ,CURRENT_TIMESTAMP, CURRENT_TIMESTAMP),
(571, 11, '25878', 'Viota' ,CURRENT_TIMESTAMP, CURRENT_TIMESTAMP),
(572, 11, '25885', 'Yacopi' ,CURRENT_TIMESTAMP, CURRENT_TIMESTAMP),
(573, 11, '25898', 'Zipacon' ,CURRENT_TIMESTAMP, CURRENT_TIMESTAMP),
(574, 11, '25899', 'Zipaquira' ,CURRENT_TIMESTAMP, CURRENT_TIMESTAMP),
(575, 12, '27001', 'Quibdo' ,CURRENT_TIMESTAMP, CURRENT_TIMESTAMP),
(576, 12, '27006', 'Acandi' ,CURRENT_TIMESTAMP, CURRENT_TIMESTAMP),
(577, 12, '27025', 'Alto Baudo' ,CURRENT_TIMESTAMP, CURRENT_TIMESTAMP),
(578, 12, '27050', 'Atrato' ,CURRENT_TIMESTAMP, CURRENT_TIMESTAMP),
(579, 12, '27073', 'Bagado' ,CURRENT_TIMESTAMP, CURRENT_TIMESTAMP),
(580, 12, '27075', 'Bahia Solano' ,CURRENT_TIMESTAMP, CURRENT_TIMESTAMP),
(581, 12, '27077', 'Bajo Baudo' ,CURRENT_TIMESTAMP, CURRENT_TIMESTAMP),
(582, 12, '27099', 'Bojaya' ,CURRENT_TIMESTAMP, CURRENT_TIMESTAMP),
(583, 12, '27135', 'El Canton Del San Pablo' ,CURRENT_TIMESTAMP, CURRENT_TIMESTAMP),
(584, 12, '27150', 'Carmen Del Darien' ,CURRENT_TIMESTAMP, CURRENT_TIMESTAMP),
(585, 12, '27160', 'Certegui' ,CURRENT_TIMESTAMP, CURRENT_TIMESTAMP),
(586, 12, '27205', 'Condoto' ,CURRENT_TIMESTAMP, CURRENT_TIMESTAMP),
(587, 12, '27245', 'El Carmen De Atrato' ,CURRENT_TIMESTAMP, CURRENT_TIMESTAMP),
(588, 12, '27250', 'El Litoral Del San Juan' ,CURRENT_TIMESTAMP, CURRENT_TIMESTAMP),
(589, 12, '27361', 'Istmina' ,CURRENT_TIMESTAMP, CURRENT_TIMESTAMP),
(590, 12, '27372', 'Jurado' ,CURRENT_TIMESTAMP, CURRENT_TIMESTAMP),
(591, 12, '27413', 'Lloro' ,CURRENT_TIMESTAMP, CURRENT_TIMESTAMP),
(592, 12, '27425', 'Medio Atrato' ,CURRENT_TIMESTAMP, CURRENT_TIMESTAMP),
(593, 12, '27430', 'Medio Baudo' ,CURRENT_TIMESTAMP, CURRENT_TIMESTAMP),
(594, 12, '27450', 'Medio San Juan' ,CURRENT_TIMESTAMP, CURRENT_TIMESTAMP),
(595, 12, '27491', 'Novita' ,CURRENT_TIMESTAMP, CURRENT_TIMESTAMP),
(596, 12, '27495', 'Nuqui' ,CURRENT_TIMESTAMP, CURRENT_TIMESTAMP),
(597, 12, '27580', 'Rio Iro' ,CURRENT_TIMESTAMP, CURRENT_TIMESTAMP),
(598, 12, '27600', 'Rio Quito' ,CURRENT_TIMESTAMP, CURRENT_TIMESTAMP),
(599, 12, '27615', 'Riosucio' ,CURRENT_TIMESTAMP, CURRENT_TIMESTAMP),
(600, 12, '27660', 'San Jose Del Palmar' ,CURRENT_TIMESTAMP, CURRENT_TIMESTAMP),
(601, 12, '27745', 'Sipi' ,CURRENT_TIMESTAMP, CURRENT_TIMESTAMP),
(602, 12, '27787', 'Tado' ,CURRENT_TIMESTAMP, CURRENT_TIMESTAMP),
(603, 12, '27800', 'Unguia' ,CURRENT_TIMESTAMP, CURRENT_TIMESTAMP),
(604, 12, '27810', 'Union Panamericana' ,CURRENT_TIMESTAMP, CURRENT_TIMESTAMP),
(605, 13, '41001', 'Neiva' ,CURRENT_TIMESTAMP, CURRENT_TIMESTAMP),
(606, 13, '41006', 'Acevedo' ,CURRENT_TIMESTAMP, CURRENT_TIMESTAMP),
(607, 13, '41013', 'Agrado' ,CURRENT_TIMESTAMP, CURRENT_TIMESTAMP),
(608, 13, '41016', 'Aipe' ,CURRENT_TIMESTAMP, CURRENT_TIMESTAMP),
(609, 13, '41020', 'Algeciras' ,CURRENT_TIMESTAMP, CURRENT_TIMESTAMP),
(610, 13, '41026', 'Altamira' ,CURRENT_TIMESTAMP, CURRENT_TIMESTAMP),
(611, 13, '41078', 'Baraya' ,CURRENT_TIMESTAMP, CURRENT_TIMESTAMP),
(612, 13, '41132', 'Campoalegre' ,CURRENT_TIMESTAMP, CURRENT_TIMESTAMP),
(613, 13, '41206', 'Colombia' ,CURRENT_TIMESTAMP, CURRENT_TIMESTAMP),
(614, 13, '41244', 'Elias' ,CURRENT_TIMESTAMP, CURRENT_TIMESTAMP),
(615, 13, '41298', 'Garzon' ,CURRENT_TIMESTAMP, CURRENT_TIMESTAMP),
(616, 13, '41306', 'Gigante' ,CURRENT_TIMESTAMP, CURRENT_TIMESTAMP),
(617, 13, '41319', 'Guadalupe' ,CURRENT_TIMESTAMP, CURRENT_TIMESTAMP),
(618, 13, '41349', 'Hobo' ,CURRENT_TIMESTAMP, CURRENT_TIMESTAMP),
(619, 13, '41357', 'Iquira' ,CURRENT_TIMESTAMP, CURRENT_TIMESTAMP),
(620, 13, '41359', 'Isnos' ,CURRENT_TIMESTAMP, CURRENT_TIMESTAMP),
(621, 13, '41378', 'La Argentina' ,CURRENT_TIMESTAMP, CURRENT_TIMESTAMP),
(622, 13, '41396', 'La Plata' ,CURRENT_TIMESTAMP, CURRENT_TIMESTAMP),
(623, 13, '41483', 'Nataga' ,CURRENT_TIMESTAMP, CURRENT_TIMESTAMP),
(624, 13, '41503', 'Oporapa' ,CURRENT_TIMESTAMP, CURRENT_TIMESTAMP),
(625, 13, '41518', 'Paicol' ,CURRENT_TIMESTAMP, CURRENT_TIMESTAMP),
(626, 13, '41524', 'Palermo' ,CURRENT_TIMESTAMP, CURRENT_TIMESTAMP),
(627, 13, '41530', 'Palestina' ,CURRENT_TIMESTAMP, CURRENT_TIMESTAMP),
(628, 13, '41548', 'Pital' ,CURRENT_TIMESTAMP, CURRENT_TIMESTAMP),
(629, 13, '41551', 'Pitalito' ,CURRENT_TIMESTAMP, CURRENT_TIMESTAMP),
(630, 13, '41615', 'Rivera' ,CURRENT_TIMESTAMP, CURRENT_TIMESTAMP),
(631, 13, '41660', 'Saladoblanco' ,CURRENT_TIMESTAMP, CURRENT_TIMESTAMP),
(632, 13, '41668', 'San Agustin' ,CURRENT_TIMESTAMP, CURRENT_TIMESTAMP),
(633, 13, '41676', 'Santa Maria' ,CURRENT_TIMESTAMP, CURRENT_TIMESTAMP),
(634, 13, '41770', 'Suaza' ,CURRENT_TIMESTAMP, CURRENT_TIMESTAMP),
(635, 13, '41791', 'Tarqui' ,CURRENT_TIMESTAMP, CURRENT_TIMESTAMP),
(636, 13, '41797', 'Tesalia' ,CURRENT_TIMESTAMP, CURRENT_TIMESTAMP),
(637, 13, '41799', 'Tello' ,CURRENT_TIMESTAMP, CURRENT_TIMESTAMP),
(638, 13, '41801', 'Teruel' ,CURRENT_TIMESTAMP, CURRENT_TIMESTAMP),
(639, 13, '41807', 'Timana' ,CURRENT_TIMESTAMP, CURRENT_TIMESTAMP),
(640, 13, '41872', 'Villavieja' ,CURRENT_TIMESTAMP, CURRENT_TIMESTAMP),
(641, 13, '41885', 'Yaguara' ,CURRENT_TIMESTAMP, CURRENT_TIMESTAMP),
(642, 14, '44001', 'Riohacha' ,CURRENT_TIMESTAMP, CURRENT_TIMESTAMP),
(643, 14, '44035', 'Albania' ,CURRENT_TIMESTAMP, CURRENT_TIMESTAMP),
(644, 14, '44078', 'Barrancas' ,CURRENT_TIMESTAMP, CURRENT_TIMESTAMP),
(645, 14, '44090', 'Dibulla' ,CURRENT_TIMESTAMP, CURRENT_TIMESTAMP),
(646, 14, '44098', 'Distraccion' ,CURRENT_TIMESTAMP, CURRENT_TIMESTAMP),
(647, 14, '44110', 'El Molino' ,CURRENT_TIMESTAMP, CURRENT_TIMESTAMP),
(648, 14, '44279', 'Fonseca' ,CURRENT_TIMESTAMP, CURRENT_TIMESTAMP),
(649, 14, '44378', 'Hatonuevo' ,CURRENT_TIMESTAMP, CURRENT_TIMESTAMP),
(650, 14, '44420', 'La Jagua Del Pilar' ,CURRENT_TIMESTAMP, CURRENT_TIMESTAMP),
(651, 14, '44430', 'Maicao' ,CURRENT_TIMESTAMP, CURRENT_TIMESTAMP),
(652, 14, '44560', 'Manaure' ,CURRENT_TIMESTAMP, CURRENT_TIMESTAMP),
(653, 14, '44650', 'San Juan Del Cesar' ,CURRENT_TIMESTAMP, CURRENT_TIMESTAMP),
(654, 14, '44847', 'Uribia' ,CURRENT_TIMESTAMP, CURRENT_TIMESTAMP),
(655, 14, '44855', 'Urumita' ,CURRENT_TIMESTAMP, CURRENT_TIMESTAMP),
(656, 14, '44874', 'Villanueva' ,CURRENT_TIMESTAMP, CURRENT_TIMESTAMP),
(657, 15, '47001', 'Santa Marta' ,CURRENT_TIMESTAMP, CURRENT_TIMESTAMP),
(658, 15, '47030', 'Algarrobo' ,CURRENT_TIMESTAMP, CURRENT_TIMESTAMP),
(659, 15, '47053', 'Aracataca' ,CURRENT_TIMESTAMP, CURRENT_TIMESTAMP),
(660, 15, '47058', 'Ariguani' ,CURRENT_TIMESTAMP, CURRENT_TIMESTAMP),
(661, 15, '47161', 'Cerro San Antonio' ,CURRENT_TIMESTAMP, CURRENT_TIMESTAMP),
(662, 15, '47170', 'Chibolo' ,CURRENT_TIMESTAMP, CURRENT_TIMESTAMP),
(663, 15, '47189', 'Cienaga' ,CURRENT_TIMESTAMP, CURRENT_TIMESTAMP),
(664, 15, '47205', 'Concordia' ,CURRENT_TIMESTAMP, CURRENT_TIMESTAMP),
(665, 15, '47245', 'El Banco' ,CURRENT_TIMESTAMP, CURRENT_TIMESTAMP),
(666, 15, '47258', 'El Piñon' ,CURRENT_TIMESTAMP, CURRENT_TIMESTAMP),
(667, 15, '47268', 'El Reten' ,CURRENT_TIMESTAMP, CURRENT_TIMESTAMP),
(668, 15, '47288', 'Fundacion' ,CURRENT_TIMESTAMP, CURRENT_TIMESTAMP),
(669, 15, '47318', 'Guamal' ,CURRENT_TIMESTAMP, CURRENT_TIMESTAMP),
(670, 15, '47460', 'Nueva Granada' ,CURRENT_TIMESTAMP, CURRENT_TIMESTAMP),
(671, 15, '47541', 'Pedraza' ,CURRENT_TIMESTAMP, CURRENT_TIMESTAMP),
(672, 15, '47545', 'Pijiño Del Carmen' ,CURRENT_TIMESTAMP, CURRENT_TIMESTAMP),
(673, 15, '47551', 'Pivijay' ,CURRENT_TIMESTAMP, CURRENT_TIMESTAMP),
(674, 15, '47555', 'Plato' ,CURRENT_TIMESTAMP, CURRENT_TIMESTAMP),
(675, 15, '47570', 'Puebloviejo' ,CURRENT_TIMESTAMP, CURRENT_TIMESTAMP),
(676, 15, '47605', 'Remolino' ,CURRENT_TIMESTAMP, CURRENT_TIMESTAMP),
(677, 15, '47660', 'Sabanas De San Angel' ,CURRENT_TIMESTAMP, CURRENT_TIMESTAMP),
(678, 15, '47675', 'Salamina' ,CURRENT_TIMESTAMP, CURRENT_TIMESTAMP),
(679, 15, '47692', 'San Sebastian De Buenavista' ,CURRENT_TIMESTAMP, CURRENT_TIMESTAMP),
(680, 15, '47703', 'San Zenon' ,CURRENT_TIMESTAMP, CURRENT_TIMESTAMP),
(681, 15, '47707', 'Santa Ana' ,CURRENT_TIMESTAMP, CURRENT_TIMESTAMP),
(682, 15, '47720', 'Santa Barbara De Pinto' ,CURRENT_TIMESTAMP, CURRENT_TIMESTAMP),
(683, 15, '47745', 'Sitionuevo' ,CURRENT_TIMESTAMP, CURRENT_TIMESTAMP),
(684, 15, '47798', 'Tenerife' ,CURRENT_TIMESTAMP, CURRENT_TIMESTAMP),
(685, 15, '47960', 'Zapayan' ,CURRENT_TIMESTAMP, CURRENT_TIMESTAMP),
(686, 15, '47980', 'Zona Bananera' ,CURRENT_TIMESTAMP, CURRENT_TIMESTAMP),
(687, 16, '50001', 'Villavicencio' ,CURRENT_TIMESTAMP, CURRENT_TIMESTAMP),
(688, 16, '50006', 'Acacias' ,CURRENT_TIMESTAMP, CURRENT_TIMESTAMP),
(689, 16, '50110', 'Barranca De Upia' ,CURRENT_TIMESTAMP, CURRENT_TIMESTAMP),
(690, 16, '50124', 'Cabuyaro' ,CURRENT_TIMESTAMP, CURRENT_TIMESTAMP),
(691, 16, '50150', 'Castilla La Nueva' ,CURRENT_TIMESTAMP, CURRENT_TIMESTAMP),
(692, 16, '50223', 'Cubarral' ,CURRENT_TIMESTAMP, CURRENT_TIMESTAMP),
(693, 16, '50226', 'Cumaral' ,CURRENT_TIMESTAMP, CURRENT_TIMESTAMP),
(694, 16, '50245', 'El Calvario' ,CURRENT_TIMESTAMP, CURRENT_TIMESTAMP),
(695, 16, '50251', 'El Castillo' ,CURRENT_TIMESTAMP, CURRENT_TIMESTAMP),
(696, 16, '50270', 'El Dorado' ,CURRENT_TIMESTAMP, CURRENT_TIMESTAMP),
(697, 16, '50287', 'Fuente De Oro' ,CURRENT_TIMESTAMP, CURRENT_TIMESTAMP),
(698, 16, '50313', 'Granada' ,CURRENT_TIMESTAMP, CURRENT_TIMESTAMP),
(699, 16, '50318', 'Guamal' ,CURRENT_TIMESTAMP, CURRENT_TIMESTAMP),
(700, 16, '50325', 'Mapiripan' ,CURRENT_TIMESTAMP, CURRENT_TIMESTAMP),
(701, 16, '50330', 'Mesetas' ,CURRENT_TIMESTAMP, CURRENT_TIMESTAMP),
(702, 16, '50350', 'La Macarena' ,CURRENT_TIMESTAMP, CURRENT_TIMESTAMP),
(703, 16, '50370', 'Uribe' ,CURRENT_TIMESTAMP, CURRENT_TIMESTAMP),
(704, 16, '50400', 'Lejanias' ,CURRENT_TIMESTAMP, CURRENT_TIMESTAMP),
(705, 16, '50450', 'Puerto Concordia' ,CURRENT_TIMESTAMP, CURRENT_TIMESTAMP),
(706, 16, '50568', 'Puerto Gaitan' ,CURRENT_TIMESTAMP, CURRENT_TIMESTAMP),
(707, 16, '50573', 'Puerto Lopez' ,CURRENT_TIMESTAMP, CURRENT_TIMESTAMP),
(708, 16, '50577', 'Puerto Lleras' ,CURRENT_TIMESTAMP, CURRENT_TIMESTAMP),
(709, 16, '50590', 'Puerto Rico' ,CURRENT_TIMESTAMP, CURRENT_TIMESTAMP),
(710, 16, '50606', 'Restrepo' ,CURRENT_TIMESTAMP, CURRENT_TIMESTAMP),
(711, 16, '50680', 'San Carlos De Guaroa' ,CURRENT_TIMESTAMP, CURRENT_TIMESTAMP),
(712, 16, '50683', 'San Juan De Arama' ,CURRENT_TIMESTAMP, CURRENT_TIMESTAMP),
(713, 16, '50686', 'San Juanito' ,CURRENT_TIMESTAMP, CURRENT_TIMESTAMP),
(714, 16, '50689', 'San Martin' ,CURRENT_TIMESTAMP, CURRENT_TIMESTAMP),
(715, 16, '50711', 'Vistahermosa' ,CURRENT_TIMESTAMP, CURRENT_TIMESTAMP),
(716, 17, '52001', 'Pasto' ,CURRENT_TIMESTAMP, CURRENT_TIMESTAMP),
(717, 17, '52019', 'Alban' ,CURRENT_TIMESTAMP, CURRENT_TIMESTAMP),
(718, 17, '52022', 'Aldana' ,CURRENT_TIMESTAMP, CURRENT_TIMESTAMP),
(719, 17, '52036', 'Ancuya' ,CURRENT_TIMESTAMP, CURRENT_TIMESTAMP),
(720, 17, '52051', 'Arboleda' ,CURRENT_TIMESTAMP, CURRENT_TIMESTAMP),
(721, 17, '52079', 'Barbacoas' ,CURRENT_TIMESTAMP, CURRENT_TIMESTAMP),
(722, 17, '52083', 'Belen' ,CURRENT_TIMESTAMP, CURRENT_TIMESTAMP),
(723, 17, '52110', 'Buesaco' ,CURRENT_TIMESTAMP, CURRENT_TIMESTAMP),
(724, 17, '52203', 'Colon' ,CURRENT_TIMESTAMP, CURRENT_TIMESTAMP),
(725, 17, '52207', 'Consaca' ,CURRENT_TIMESTAMP, CURRENT_TIMESTAMP),
(726, 17, '52210', 'Contadero' ,CURRENT_TIMESTAMP, CURRENT_TIMESTAMP),
(727, 17, '52215', 'Cordoba' ,CURRENT_TIMESTAMP, CURRENT_TIMESTAMP),
(728, 17, '52224', 'Cuaspud' ,CURRENT_TIMESTAMP, CURRENT_TIMESTAMP),
(729, 17, '52227', 'Cumbal' ,CURRENT_TIMESTAMP, CURRENT_TIMESTAMP),
(730, 17, '52233', 'Cumbitara' ,CURRENT_TIMESTAMP, CURRENT_TIMESTAMP),
(731, 17, '52240', 'Chachagsi' ,CURRENT_TIMESTAMP, CURRENT_TIMESTAMP),
(732, 17, '52250', 'El Charco' ,CURRENT_TIMESTAMP, CURRENT_TIMESTAMP),
(733, 17, '52254', 'El Peñol' ,CURRENT_TIMESTAMP, CURRENT_TIMESTAMP),
(734, 17, '52256', 'El Rosario' ,CURRENT_TIMESTAMP, CURRENT_TIMESTAMP),
(735, 17, '52258', 'El Tablon De Gomez' ,CURRENT_TIMESTAMP, CURRENT_TIMESTAMP),
(736, 17, '52260', 'El Tambo' ,CURRENT_TIMESTAMP, CURRENT_TIMESTAMP),
(737, 17, '52287', 'Funes' ,CURRENT_TIMESTAMP, CURRENT_TIMESTAMP),
(738, 17, '52317', 'Guachucal' ,CURRENT_TIMESTAMP, CURRENT_TIMESTAMP),
(739, 17, '52320', 'Guaitarilla' ,CURRENT_TIMESTAMP, CURRENT_TIMESTAMP),
(740, 17, '52323', 'Gualmatan' ,CURRENT_TIMESTAMP, CURRENT_TIMESTAMP),
(741, 17, '52352', 'Iles' ,CURRENT_TIMESTAMP, CURRENT_TIMESTAMP),
(742, 17, '52354', 'Imues' ,CURRENT_TIMESTAMP, CURRENT_TIMESTAMP),
(743, 17, '52356', 'Ipiales' ,CURRENT_TIMESTAMP, CURRENT_TIMESTAMP),
(744, 17, '52378', 'La Cruz' ,CURRENT_TIMESTAMP, CURRENT_TIMESTAMP),
(745, 17, '52381', 'La Florida' ,CURRENT_TIMESTAMP, CURRENT_TIMESTAMP),
(746, 17, '52385', 'La Llanada' ,CURRENT_TIMESTAMP, CURRENT_TIMESTAMP),
(747, 17, '52390', 'La Tola' ,CURRENT_TIMESTAMP, CURRENT_TIMESTAMP),
(748, 17, '52399', 'La Union' ,CURRENT_TIMESTAMP, CURRENT_TIMESTAMP),
(749, 17, '52405', 'Leiva' ,CURRENT_TIMESTAMP, CURRENT_TIMESTAMP),
(750, 17, '52411', 'Linares' ,CURRENT_TIMESTAMP, CURRENT_TIMESTAMP),
(751, 17, '52418', 'Los Andes' ,CURRENT_TIMESTAMP, CURRENT_TIMESTAMP),
(752, 17, '52427', 'Magsi' ,CURRENT_TIMESTAMP, CURRENT_TIMESTAMP),
(753, 17, '52435', 'Mallama' ,CURRENT_TIMESTAMP, CURRENT_TIMESTAMP),
(754, 17, '52473', 'Mosquera' ,CURRENT_TIMESTAMP, CURRENT_TIMESTAMP),
(755, 17, '52480', 'Nariño' ,CURRENT_TIMESTAMP, CURRENT_TIMESTAMP),
(756, 17, '52490', 'Olaya Herrera' ,CURRENT_TIMESTAMP, CURRENT_TIMESTAMP),
(757, 17, '52506', 'Ospina' ,CURRENT_TIMESTAMP, CURRENT_TIMESTAMP),
(758, 17, '52520', 'Francisco Pizarro' ,CURRENT_TIMESTAMP, CURRENT_TIMESTAMP),
(759, 17, '52540', 'Policarpa' ,CURRENT_TIMESTAMP, CURRENT_TIMESTAMP),
(760, 17, '52560', 'Potosi' ,CURRENT_TIMESTAMP, CURRENT_TIMESTAMP),
(761, 17, '52565', 'Providencia' ,CURRENT_TIMESTAMP, CURRENT_TIMESTAMP),
(762, 17, '52573', 'Puerres' ,CURRENT_TIMESTAMP, CURRENT_TIMESTAMP),
(763, 17, '52585', 'Pupiales' ,CURRENT_TIMESTAMP, CURRENT_TIMESTAMP),
(764, 17, '52612', 'Ricaurte' ,CURRENT_TIMESTAMP, CURRENT_TIMESTAMP),
(765, 17, '52621', 'Roberto Payan' ,CURRENT_TIMESTAMP, CURRENT_TIMESTAMP),
(766, 17, '52678', 'Samaniego' ,CURRENT_TIMESTAMP, CURRENT_TIMESTAMP),
(767, 17, '52683', 'Sandona' ,CURRENT_TIMESTAMP, CURRENT_TIMESTAMP),
(768, 17, '52685', 'San Bernardo' ,CURRENT_TIMESTAMP, CURRENT_TIMESTAMP),
(769, 17, '52687', 'San Lorenzo' ,CURRENT_TIMESTAMP, CURRENT_TIMESTAMP),
(770, 17, '52693', 'San Pablo' ,CURRENT_TIMESTAMP, CURRENT_TIMESTAMP),
(771, 17, '52694', 'San Pedro De Cartago' ,CURRENT_TIMESTAMP, CURRENT_TIMESTAMP),
(772, 17, '52696', 'Santa Barbara' ,CURRENT_TIMESTAMP, CURRENT_TIMESTAMP),
(773, 17, '52699', 'Santacruz' ,CURRENT_TIMESTAMP, CURRENT_TIMESTAMP),
(774, 17, '52720', 'Sapuyes' ,CURRENT_TIMESTAMP, CURRENT_TIMESTAMP),
(775, 17, '52786', 'Taminango' ,CURRENT_TIMESTAMP, CURRENT_TIMESTAMP),
(776, 17, '52788', 'Tangua' ,CURRENT_TIMESTAMP, CURRENT_TIMESTAMP),
(777, 17, '52835', 'San Andres De Tumaco' ,CURRENT_TIMESTAMP, CURRENT_TIMESTAMP),
(778, 17, '52838', 'Tuquerres' ,CURRENT_TIMESTAMP, CURRENT_TIMESTAMP),
(779, 17, '52885', 'Yacuanquer' ,CURRENT_TIMESTAMP, CURRENT_TIMESTAMP),
(780, 18, '54001', 'Cucuta' ,CURRENT_TIMESTAMP, CURRENT_TIMESTAMP),
(781, 18, '54003', 'Abrego' ,CURRENT_TIMESTAMP, CURRENT_TIMESTAMP),
(782, 18, '54051', 'Arboledas' ,CURRENT_TIMESTAMP, CURRENT_TIMESTAMP),
(783, 18, '54099', 'Bochalema' ,CURRENT_TIMESTAMP, CURRENT_TIMESTAMP),
(784, 18, '54109', 'Bucarasica' ,CURRENT_TIMESTAMP, CURRENT_TIMESTAMP),
(785, 18, '54125', 'Cacota' ,CURRENT_TIMESTAMP, CURRENT_TIMESTAMP),
(786, 18, '54128', 'Cachira' ,CURRENT_TIMESTAMP, CURRENT_TIMESTAMP),
(787, 18, '54172', 'Chinacota' ,CURRENT_TIMESTAMP, CURRENT_TIMESTAMP),
(788, 18, '54174', 'Chitaga' ,CURRENT_TIMESTAMP, CURRENT_TIMESTAMP),
(789, 18, '54206', 'Convención' ,CURRENT_TIMESTAMP, CURRENT_TIMESTAMP),
(790, 18, '54223', 'Cucutilla' ,CURRENT_TIMESTAMP, CURRENT_TIMESTAMP),
(791, 18, '54239', 'Durania' ,CURRENT_TIMESTAMP, CURRENT_TIMESTAMP),
(792, 18, '54245', 'El Carmen' ,CURRENT_TIMESTAMP, CURRENT_TIMESTAMP),
(793, 18, '54250', 'El Tarra' ,CURRENT_TIMESTAMP, CURRENT_TIMESTAMP),
(794, 18, '54261', 'El Zulia' ,CURRENT_TIMESTAMP, CURRENT_TIMESTAMP),
(795, 18, '54313', 'Gramalote' ,CURRENT_TIMESTAMP, CURRENT_TIMESTAMP),
(796, 18, '54344', 'Hacarí' ,CURRENT_TIMESTAMP, CURRENT_TIMESTAMP),
(797, 18, '54347', 'Herran' ,CURRENT_TIMESTAMP, CURRENT_TIMESTAMP),
(798, 18, '54377', 'Labateca' ,CURRENT_TIMESTAMP, CURRENT_TIMESTAMP),
(799, 18, '54385', 'La Esperanza' ,CURRENT_TIMESTAMP, CURRENT_TIMESTAMP),
(800, 18, '54398', 'La Playa' ,CURRENT_TIMESTAMP, CURRENT_TIMESTAMP),
(801, 18, '54405', 'Los Patios' ,CURRENT_TIMESTAMP, CURRENT_TIMESTAMP),
(802, 18, '54418', 'Lourdes' ,CURRENT_TIMESTAMP, CURRENT_TIMESTAMP),
(803, 18, '54480', 'Mutiscua' ,CURRENT_TIMESTAMP, CURRENT_TIMESTAMP),
(804, 18, '54498', 'Ocaña' ,CURRENT_TIMESTAMP, CURRENT_TIMESTAMP),
(805, 18, '54518', 'Pamplona' ,CURRENT_TIMESTAMP, CURRENT_TIMESTAMP),
(806, 18, '54520', 'Pamplonita' ,CURRENT_TIMESTAMP, CURRENT_TIMESTAMP),
(807, 18, '54553', 'Puerto Santander' ,CURRENT_TIMESTAMP, CURRENT_TIMESTAMP),
(808, 18, '54599', 'Ragonvalia' ,CURRENT_TIMESTAMP, CURRENT_TIMESTAMP),
(809, 18, '54660', 'Salazar' ,CURRENT_TIMESTAMP, CURRENT_TIMESTAMP),
(810, 18, '54670', 'San Calixto' ,CURRENT_TIMESTAMP, CURRENT_TIMESTAMP),
(811, 18, '54673', 'San Cayetano' ,CURRENT_TIMESTAMP, CURRENT_TIMESTAMP),
(812, 18, '54680', 'Santiago' ,CURRENT_TIMESTAMP, CURRENT_TIMESTAMP),
(813, 18, '54720', 'Sardinata' ,CURRENT_TIMESTAMP, CURRENT_TIMESTAMP),
(814, 18, '54743', 'Silos' ,CURRENT_TIMESTAMP, CURRENT_TIMESTAMP),
(815, 18, '54800', 'Teorama' ,CURRENT_TIMESTAMP, CURRENT_TIMESTAMP),
(816, 18, '54810', 'Tibu' ,CURRENT_TIMESTAMP, CURRENT_TIMESTAMP),
(817, 18, '54820', 'Toledo' ,CURRENT_TIMESTAMP, CURRENT_TIMESTAMP),
(818, 18, '54871', 'Villa Caro' ,CURRENT_TIMESTAMP, CURRENT_TIMESTAMP),
(819, 18, '54874', 'Villa Del Rosario' ,CURRENT_TIMESTAMP, CURRENT_TIMESTAMP),
(820, 19, '63001', 'Armenia' ,CURRENT_TIMESTAMP, CURRENT_TIMESTAMP),
(821, 19, '63111', 'Buenavista' ,CURRENT_TIMESTAMP, CURRENT_TIMESTAMP),
(822, 19, '63130', 'Calarca' ,CURRENT_TIMESTAMP, CURRENT_TIMESTAMP),
(823, 19, '63190', 'Circasia' ,CURRENT_TIMESTAMP, CURRENT_TIMESTAMP),
(824, 19, '63212', 'Cordoba' ,CURRENT_TIMESTAMP, CURRENT_TIMESTAMP),
(825, 19, '63272', 'Filandia' ,CURRENT_TIMESTAMP, CURRENT_TIMESTAMP),
(826, 19, '63302', 'Genova' ,CURRENT_TIMESTAMP, CURRENT_TIMESTAMP),
(827, 19, '63401', 'La Tebaida' ,CURRENT_TIMESTAMP, CURRENT_TIMESTAMP),
(828, 19, '63470', 'Montenegro' ,CURRENT_TIMESTAMP, CURRENT_TIMESTAMP),
(829, 19, '63548', 'Pijao' ,CURRENT_TIMESTAMP, CURRENT_TIMESTAMP),
(830, 19, '63594', 'Quimbaya' ,CURRENT_TIMESTAMP, CURRENT_TIMESTAMP),
(831, 19, '63690', 'Salento' ,CURRENT_TIMESTAMP, CURRENT_TIMESTAMP),
(832, 20, '66001', 'Pereira' ,CURRENT_TIMESTAMP, CURRENT_TIMESTAMP),
(833, 20, '66045', 'Apia' ,CURRENT_TIMESTAMP, CURRENT_TIMESTAMP),
(834, 20, '66075', 'Balboa' ,CURRENT_TIMESTAMP, CURRENT_TIMESTAMP),
(835, 20, '66088', 'Belen De Umbria' ,CURRENT_TIMESTAMP, CURRENT_TIMESTAMP),
(836, 20, '66170', 'Dosquebradas' ,CURRENT_TIMESTAMP, CURRENT_TIMESTAMP),
(837, 20, '66318', 'Guatica' ,CURRENT_TIMESTAMP, CURRENT_TIMESTAMP),
(838, 20, '66383', 'La Celia' ,CURRENT_TIMESTAMP, CURRENT_TIMESTAMP),
(839, 20, '66400', 'La Virginia' ,CURRENT_TIMESTAMP, CURRENT_TIMESTAMP),
(840, 20, '66440', 'Marsella' ,CURRENT_TIMESTAMP, CURRENT_TIMESTAMP),
(841, 20, '66456', 'Mistrato' ,CURRENT_TIMESTAMP, CURRENT_TIMESTAMP),
(842, 20, '66572', 'Pueblo Rico' ,CURRENT_TIMESTAMP, CURRENT_TIMESTAMP),
(843, 20, '66594', 'Quinchia' ,CURRENT_TIMESTAMP, CURRENT_TIMESTAMP),
(844, 20, '66682', 'Santa Rosa De Cabal' ,CURRENT_TIMESTAMP, CURRENT_TIMESTAMP),
(845, 20, '66687', 'Santuario' ,CURRENT_TIMESTAMP, CURRENT_TIMESTAMP),
(846, 21, '68001', 'Bucaramanga' ,CURRENT_TIMESTAMP, CURRENT_TIMESTAMP),
(847, 21, '68013', 'Aguada' ,CURRENT_TIMESTAMP, CURRENT_TIMESTAMP),
(848, 21, '68020', 'Albania' ,CURRENT_TIMESTAMP, CURRENT_TIMESTAMP),
(849, 21, '68051', 'Aratoca' ,CURRENT_TIMESTAMP, CURRENT_TIMESTAMP),
(850, 21, '68077', 'Barbosa' ,CURRENT_TIMESTAMP, CURRENT_TIMESTAMP),
(851, 21, '68079', 'Barichara' ,CURRENT_TIMESTAMP, CURRENT_TIMESTAMP),
(852, 21, '68081', 'Barrancabermeja' ,CURRENT_TIMESTAMP, CURRENT_TIMESTAMP),
(853, 21, '68092', 'Betulia' ,CURRENT_TIMESTAMP, CURRENT_TIMESTAMP),
(854, 21, '68101', 'Bolivar' ,CURRENT_TIMESTAMP, CURRENT_TIMESTAMP),
(855, 21, '68121', 'Cabrera' ,CURRENT_TIMESTAMP, CURRENT_TIMESTAMP),
(856, 21, '68132', 'California' ,CURRENT_TIMESTAMP, CURRENT_TIMESTAMP),
(857, 21, '68147', 'Capitanejo' ,CURRENT_TIMESTAMP, CURRENT_TIMESTAMP),
(858, 21, '68152', 'Carcasi' ,CURRENT_TIMESTAMP, CURRENT_TIMESTAMP),
(859, 21, '68160', 'Cepita' ,CURRENT_TIMESTAMP, CURRENT_TIMESTAMP),
(860, 21, '68162', 'Cerrito' ,CURRENT_TIMESTAMP, CURRENT_TIMESTAMP),
(861, 21, '68167', 'Charala' ,CURRENT_TIMESTAMP, CURRENT_TIMESTAMP),
(862, 21, '68169', 'Charta' ,CURRENT_TIMESTAMP, CURRENT_TIMESTAMP),
(863, 21, '68176', 'Chima' ,CURRENT_TIMESTAMP, CURRENT_TIMESTAMP),
(864, 21, '68179', 'Chipata' ,CURRENT_TIMESTAMP, CURRENT_TIMESTAMP),
(865, 21, '68190', 'Cimitarra' ,CURRENT_TIMESTAMP, CURRENT_TIMESTAMP),
(866, 21, '68207', 'Concepcion' ,CURRENT_TIMESTAMP, CURRENT_TIMESTAMP),
(867, 21, '68209', 'Confines' ,CURRENT_TIMESTAMP, CURRENT_TIMESTAMP),
(868, 21, '68211', 'Contratacion' ,CURRENT_TIMESTAMP, CURRENT_TIMESTAMP),
(869, 21, '68217', 'Coromoro' ,CURRENT_TIMESTAMP, CURRENT_TIMESTAMP),
(870, 21, '68229', 'Curiti' ,CURRENT_TIMESTAMP, CURRENT_TIMESTAMP),
(871, 21, '68235', 'El Carmen De Chucuri' ,CURRENT_TIMESTAMP, CURRENT_TIMESTAMP),
(872, 21, '68245', 'El Guacamayo' ,CURRENT_TIMESTAMP, CURRENT_TIMESTAMP),
(873, 21, '68250', 'El Peñon' ,CURRENT_TIMESTAMP, CURRENT_TIMESTAMP),
(874, 21, '68255', 'El Playon' ,CURRENT_TIMESTAMP, CURRENT_TIMESTAMP),
(875, 21, '68264', 'Encino' ,CURRENT_TIMESTAMP, CURRENT_TIMESTAMP),
(876, 21, '68266', 'Enciso' ,CURRENT_TIMESTAMP, CURRENT_TIMESTAMP),
(877, 21, '68271', 'Florian' ,CURRENT_TIMESTAMP, CURRENT_TIMESTAMP),
(878, 21, '68276', 'Floridablanca' ,CURRENT_TIMESTAMP, CURRENT_TIMESTAMP),
(879, 21, '68296', 'Galan' ,CURRENT_TIMESTAMP, CURRENT_TIMESTAMP),
(880, 21, '68298', 'Gambita' ,CURRENT_TIMESTAMP, CURRENT_TIMESTAMP),
(881, 21, '68307', 'Giron' ,CURRENT_TIMESTAMP, CURRENT_TIMESTAMP),
(882, 21, '68318', 'Guaca' ,CURRENT_TIMESTAMP, CURRENT_TIMESTAMP),
(883, 21, '68320', 'Guadalupe' ,CURRENT_TIMESTAMP, CURRENT_TIMESTAMP),
(884, 21, '68322', 'Guapota' ,CURRENT_TIMESTAMP, CURRENT_TIMESTAMP),
(885, 21, '68324', 'Guavata' ,CURRENT_TIMESTAMP, CURRENT_TIMESTAMP),
(886, 21, '68327', 'Gsepsa' ,CURRENT_TIMESTAMP, CURRENT_TIMESTAMP),
(887, 21, '68344', 'Hato' ,CURRENT_TIMESTAMP, CURRENT_TIMESTAMP),
(888, 21, '68368', 'Jesus Maria' ,CURRENT_TIMESTAMP, CURRENT_TIMESTAMP),
(889, 21, '68370', 'Jordan' ,CURRENT_TIMESTAMP, CURRENT_TIMESTAMP),
(890, 21, '68377', 'La Belleza' ,CURRENT_TIMESTAMP, CURRENT_TIMESTAMP),
(891, 21, '68385', 'Landazuri' ,CURRENT_TIMESTAMP, CURRENT_TIMESTAMP),
(892, 21, '68397', 'La Paz' ,CURRENT_TIMESTAMP, CURRENT_TIMESTAMP),
(893, 21, '68406', 'Lebrija' ,CURRENT_TIMESTAMP, CURRENT_TIMESTAMP),
(894, 21, '68418', 'Los Santos' ,CURRENT_TIMESTAMP, CURRENT_TIMESTAMP),
(895, 21, '68425', 'Macaravita' ,CURRENT_TIMESTAMP, CURRENT_TIMESTAMP),
(896, 21, '68432', 'Malaga' ,CURRENT_TIMESTAMP, CURRENT_TIMESTAMP),
(897, 21, '68444', 'Matanza' ,CURRENT_TIMESTAMP, CURRENT_TIMESTAMP),
(898, 21, '68464', 'Mogotes' ,CURRENT_TIMESTAMP, CURRENT_TIMESTAMP),
(899, 21, '68468', 'Molagavita' ,CURRENT_TIMESTAMP, CURRENT_TIMESTAMP),
(900, 21, '68498', 'Ocamonte' ,CURRENT_TIMESTAMP, CURRENT_TIMESTAMP),
(901, 21, '68500', 'Oiba' ,CURRENT_TIMESTAMP, CURRENT_TIMESTAMP),
(902, 21, '68502', 'Onzaga' ,CURRENT_TIMESTAMP, CURRENT_TIMESTAMP),
(903, 21, '68522', 'Palmar' ,CURRENT_TIMESTAMP, CURRENT_TIMESTAMP),
(904, 21, '68524', 'Palmas Del Socorro' ,CURRENT_TIMESTAMP, CURRENT_TIMESTAMP),
(905, 21, '68533', 'Paramo' ,CURRENT_TIMESTAMP, CURRENT_TIMESTAMP),
(906, 21, '68547', 'Piedecuesta' ,CURRENT_TIMESTAMP, CURRENT_TIMESTAMP),
(907, 21, '68549', 'Pinchote' ,CURRENT_TIMESTAMP, CURRENT_TIMESTAMP),
(908, 21, '68572', 'Puente Nacional' ,CURRENT_TIMESTAMP, CURRENT_TIMESTAMP),
(909, 21, '68573', 'Puerto Parra' ,CURRENT_TIMESTAMP, CURRENT_TIMESTAMP),
(910, 21, '68575', 'Puerto Wilches' ,CURRENT_TIMESTAMP, CURRENT_TIMESTAMP),
(911, 21, '68615', 'Rionegro' ,CURRENT_TIMESTAMP, CURRENT_TIMESTAMP),
(912, 21, '68655', 'Sabana De Torres' ,CURRENT_TIMESTAMP, CURRENT_TIMESTAMP),
(913, 21, '68669', 'San Andres' ,CURRENT_TIMESTAMP, CURRENT_TIMESTAMP),
(914, 21, '68673', 'San Benito' ,CURRENT_TIMESTAMP, CURRENT_TIMESTAMP),
(915, 21, '68679', 'San Gil' ,CURRENT_TIMESTAMP, CURRENT_TIMESTAMP),
(916, 21, '68682', 'San Joaquin' ,CURRENT_TIMESTAMP, CURRENT_TIMESTAMP),
(917, 21, '68684', 'San Jose De Miranda' ,CURRENT_TIMESTAMP, CURRENT_TIMESTAMP),
(918, 21, '68686', 'San Miguel' ,CURRENT_TIMESTAMP, CURRENT_TIMESTAMP),
(919, 21, '68689', 'San Vicente De Chucuri' ,CURRENT_TIMESTAMP, CURRENT_TIMESTAMP),
(920, 21, '68705', 'Santa Barbara' ,CURRENT_TIMESTAMP, CURRENT_TIMESTAMP),
(921, 21, '68720', 'Santa Helena Del Opon' ,CURRENT_TIMESTAMP, CURRENT_TIMESTAMP),
(922, 21, '68745', 'Simacota' ,CURRENT_TIMESTAMP, CURRENT_TIMESTAMP),
(923, 21, '68755', 'Socorro' ,CURRENT_TIMESTAMP, CURRENT_TIMESTAMP),
(924, 21, '68770', 'Suaita' ,CURRENT_TIMESTAMP, CURRENT_TIMESTAMP),
(925, 21, '68773', 'Sucre' ,CURRENT_TIMESTAMP, CURRENT_TIMESTAMP),
(926, 21, '68780', 'Surata' ,CURRENT_TIMESTAMP, CURRENT_TIMESTAMP),
(927, 21, '68820', 'Tona' ,CURRENT_TIMESTAMP, CURRENT_TIMESTAMP),
(928, 21, '68855', 'Valle De San Jose' ,CURRENT_TIMESTAMP, CURRENT_TIMESTAMP),
(929, 21, '68861', 'Velez' ,CURRENT_TIMESTAMP, CURRENT_TIMESTAMP),
(930, 21, '68867', 'Vetas' ,CURRENT_TIMESTAMP, CURRENT_TIMESTAMP),
(931, 21, '68872', 'Villanueva' ,CURRENT_TIMESTAMP, CURRENT_TIMESTAMP),
(932, 21, '68895', 'Zapatoca' ,CURRENT_TIMESTAMP, CURRENT_TIMESTAMP),
(933, 22, '70001', 'Sincelejo' ,CURRENT_TIMESTAMP, CURRENT_TIMESTAMP),
(934, 22, '70110', 'Buenavista' ,CURRENT_TIMESTAMP, CURRENT_TIMESTAMP),
(935, 22, '70124', 'Caimito' ,CURRENT_TIMESTAMP, CURRENT_TIMESTAMP),
(936, 22, '70204', 'Coloso' ,CURRENT_TIMESTAMP, CURRENT_TIMESTAMP),
(937, 22, '70215', 'Corozal' ,CURRENT_TIMESTAMP, CURRENT_TIMESTAMP),
(938, 22, '70221', 'Coveñas' ,CURRENT_TIMESTAMP, CURRENT_TIMESTAMP),
(939, 22, '70230', 'Chalan' ,CURRENT_TIMESTAMP, CURRENT_TIMESTAMP),
(940, 22, '70233', 'El Roble' ,CURRENT_TIMESTAMP, CURRENT_TIMESTAMP),
(941, 22, '70235', 'Galeras' ,CURRENT_TIMESTAMP, CURRENT_TIMESTAMP),
(942, 22, '70265', 'Guaranda' ,CURRENT_TIMESTAMP, CURRENT_TIMESTAMP),
(943, 22, '70400', 'La Union' ,CURRENT_TIMESTAMP, CURRENT_TIMESTAMP),
(944, 22, '70418', 'Los Palmitos' ,CURRENT_TIMESTAMP, CURRENT_TIMESTAMP),
(945, 22, '70429', 'Majagual' ,CURRENT_TIMESTAMP, CURRENT_TIMESTAMP),
(946, 22, '70473', 'Morroa' ,CURRENT_TIMESTAMP, CURRENT_TIMESTAMP),
(947, 22, '70508', 'Ovejas' ,CURRENT_TIMESTAMP, CURRENT_TIMESTAMP),
(948, 22, '70523', 'Palmito' ,CURRENT_TIMESTAMP, CURRENT_TIMESTAMP),
(949, 22, '70670', 'Sampues' ,CURRENT_TIMESTAMP, CURRENT_TIMESTAMP),
(950, 22, '70678', 'San Benito Abad' ,CURRENT_TIMESTAMP, CURRENT_TIMESTAMP),
(951, 22, '70702', 'San Juan De Betulia' ,CURRENT_TIMESTAMP, CURRENT_TIMESTAMP),
(952, 22, '70708', 'San Marcos' ,CURRENT_TIMESTAMP, CURRENT_TIMESTAMP),
(953, 22, '70713', 'San Onofre' ,CURRENT_TIMESTAMP, CURRENT_TIMESTAMP),
(954, 22, '70717', 'San Pedro' ,CURRENT_TIMESTAMP, CURRENT_TIMESTAMP),
(955, 22, '70742', 'San Luis De Since' ,CURRENT_TIMESTAMP, CURRENT_TIMESTAMP),
(956, 22, '70771', 'Sucre' ,CURRENT_TIMESTAMP, CURRENT_TIMESTAMP),
(957, 22, '70820', 'Santiago De Tolu' ,CURRENT_TIMESTAMP, CURRENT_TIMESTAMP),
(958, 22, '70823', 'Tolu Viejo' ,CURRENT_TIMESTAMP, CURRENT_TIMESTAMP),
(959, 23, '73001', 'Ibague' ,CURRENT_TIMESTAMP, CURRENT_TIMESTAMP),
(960, 23, '73024', 'Alpujarra' ,CURRENT_TIMESTAMP, CURRENT_TIMESTAMP),
(961, 23, '73026', 'Alvarado' ,CURRENT_TIMESTAMP, CURRENT_TIMESTAMP),
(962, 23, '73030', 'Ambalema' ,CURRENT_TIMESTAMP, CURRENT_TIMESTAMP),
(963, 23, '73043', 'Anzoategui' ,CURRENT_TIMESTAMP, CURRENT_TIMESTAMP),
(964, 23, '73055', 'Armero' ,CURRENT_TIMESTAMP, CURRENT_TIMESTAMP),
(965, 23, '73067', 'Ataco' ,CURRENT_TIMESTAMP, CURRENT_TIMESTAMP),
(966, 23, '73124', 'Cajamarca' ,CURRENT_TIMESTAMP, CURRENT_TIMESTAMP),
(967, 23, '73148', 'Carmen De Apicala' ,CURRENT_TIMESTAMP, CURRENT_TIMESTAMP),
(968, 23, '73152', 'Casabianca' ,CURRENT_TIMESTAMP, CURRENT_TIMESTAMP),
(969, 23, '73168', 'Chaparral' ,CURRENT_TIMESTAMP, CURRENT_TIMESTAMP),
(970, 23, '73200', 'Coello' ,CURRENT_TIMESTAMP, CURRENT_TIMESTAMP),
(971, 23, '73217', 'Coyaima' ,CURRENT_TIMESTAMP, CURRENT_TIMESTAMP),
(972, 23, '73226', 'Cunday' ,CURRENT_TIMESTAMP, CURRENT_TIMESTAMP),
(973, 23, '73236', 'Dolores' ,CURRENT_TIMESTAMP, CURRENT_TIMESTAMP),
(974, 23, '73268', 'Espinal' ,CURRENT_TIMESTAMP, CURRENT_TIMESTAMP),
(975, 23, '73270', 'Falan' ,CURRENT_TIMESTAMP, CURRENT_TIMESTAMP),
(976, 23, '73275', 'Flandes' ,CURRENT_TIMESTAMP, CURRENT_TIMESTAMP),
(977, 23, '73283', 'Fresno' ,CURRENT_TIMESTAMP, CURRENT_TIMESTAMP),
(978, 23, '73319', 'Guamo' ,CURRENT_TIMESTAMP, CURRENT_TIMESTAMP),
(979, 23, '73347', 'Herveo' ,CURRENT_TIMESTAMP, CURRENT_TIMESTAMP),
(980, 23, '73349', 'Honda' ,CURRENT_TIMESTAMP, CURRENT_TIMESTAMP),
(981, 23, '73352', 'Icononzo' ,CURRENT_TIMESTAMP, CURRENT_TIMESTAMP),
(982, 23, '73408', 'Lerida' ,CURRENT_TIMESTAMP, CURRENT_TIMESTAMP),
(983, 23, '73411', 'Libano' ,CURRENT_TIMESTAMP, CURRENT_TIMESTAMP),
(984, 23, '73443', 'Mariquita' ,CURRENT_TIMESTAMP, CURRENT_TIMESTAMP),
(985, 23, '73449', 'Melgar' ,CURRENT_TIMESTAMP, CURRENT_TIMESTAMP),
(986, 23, '73461', 'Murillo' ,CURRENT_TIMESTAMP, CURRENT_TIMESTAMP),
(987, 23, '73483', 'Natagaima' ,CURRENT_TIMESTAMP, CURRENT_TIMESTAMP),
(988, 23, '73504', 'Ortega' ,CURRENT_TIMESTAMP, CURRENT_TIMESTAMP),
(989, 23, '73520', 'Palocabildo' ,CURRENT_TIMESTAMP, CURRENT_TIMESTAMP),
(990, 23, '73547', 'Piedras' ,CURRENT_TIMESTAMP, CURRENT_TIMESTAMP),
(991, 23, '73555', 'Planadas' ,CURRENT_TIMESTAMP, CURRENT_TIMESTAMP),
(992, 23, '73563', 'Prado' ,CURRENT_TIMESTAMP, CURRENT_TIMESTAMP),
(993, 23, '73585', 'Purificacion' ,CURRENT_TIMESTAMP, CURRENT_TIMESTAMP),
(994, 23, '73616', 'Rioblanco' ,CURRENT_TIMESTAMP, CURRENT_TIMESTAMP),
(995, 23, '73622', 'Roncesvalles' ,CURRENT_TIMESTAMP, CURRENT_TIMESTAMP),
(996, 23, '73624', 'Rovira' ,CURRENT_TIMESTAMP, CURRENT_TIMESTAMP),
(997, 23, '73671', 'Saldaña' ,CURRENT_TIMESTAMP, CURRENT_TIMESTAMP),
(998, 23, '73675', 'San Antonio' ,CURRENT_TIMESTAMP, CURRENT_TIMESTAMP),
(999, 23, '73678', 'San Luis' ,CURRENT_TIMESTAMP, CURRENT_TIMESTAMP),
(1000, 23, '73686', 'Santa Isabel' ,CURRENT_TIMESTAMP, CURRENT_TIMESTAMP),
(1001, 23, '73770', 'Suarez' ,CURRENT_TIMESTAMP, CURRENT_TIMESTAMP),
(1002, 23, '73854', 'Valle De San Juan' ,CURRENT_TIMESTAMP, CURRENT_TIMESTAMP),
(1003, 23, '73861', 'Venadillo' ,CURRENT_TIMESTAMP, CURRENT_TIMESTAMP),
(1004, 23, '73870', 'Villahermosa' ,CURRENT_TIMESTAMP, CURRENT_TIMESTAMP),
(1005, 23, '73873', 'Villarrica' ,CURRENT_TIMESTAMP, CURRENT_TIMESTAMP),
(1006, 24, '76001', 'Cali' ,CURRENT_TIMESTAMP, CURRENT_TIMESTAMP),
(1007, 24, '76020', 'Alcala' ,CURRENT_TIMESTAMP, CURRENT_TIMESTAMP),
(1008, 24, '76036', 'Andalucia' ,CURRENT_TIMESTAMP, CURRENT_TIMESTAMP),
(1009, 24, '76041', 'Ansermanuevo' ,CURRENT_TIMESTAMP, CURRENT_TIMESTAMP),
(1010, 24, '76054', 'Argelia' ,CURRENT_TIMESTAMP, CURRENT_TIMESTAMP),
(1011, 24, '76100', 'Bolivar' ,CURRENT_TIMESTAMP, CURRENT_TIMESTAMP),
(1012, 24, '76109', 'Buenaventura' ,CURRENT_TIMESTAMP, CURRENT_TIMESTAMP),
(1013, 24, '76111', 'Guadalajara De Buga' ,CURRENT_TIMESTAMP, CURRENT_TIMESTAMP),
(1014, 24, '76113', 'Bugalagrande' ,CURRENT_TIMESTAMP, CURRENT_TIMESTAMP),
(1015, 24, '76122', 'Caicedonia' ,CURRENT_TIMESTAMP, CURRENT_TIMESTAMP),
(1016, 24, '76126', 'Calima' ,CURRENT_TIMESTAMP, CURRENT_TIMESTAMP),
(1017, 24, '76130', 'Candelaria' ,CURRENT_TIMESTAMP, CURRENT_TIMESTAMP),
(1018, 24, '76147', 'Cartago' ,CURRENT_TIMESTAMP, CURRENT_TIMESTAMP),
(1019, 24, '76233', 'Dagua' ,CURRENT_TIMESTAMP, CURRENT_TIMESTAMP),
(1020, 24, '76243', 'El Aguila' ,CURRENT_TIMESTAMP, CURRENT_TIMESTAMP),
(1021, 24, '76246', 'El Cairo' ,CURRENT_TIMESTAMP, CURRENT_TIMESTAMP),
(1022, 24, '76248', 'El Cerrito' ,CURRENT_TIMESTAMP, CURRENT_TIMESTAMP),
(1023, 24, '76250', 'El Dovio' ,CURRENT_TIMESTAMP, CURRENT_TIMESTAMP),
(1024, 24, '76275', 'Florida' ,CURRENT_TIMESTAMP, CURRENT_TIMESTAMP),
(1025, 24, '76306', 'Ginebra' ,CURRENT_TIMESTAMP, CURRENT_TIMESTAMP),
(1026, 24, '76318', 'Guacari' ,CURRENT_TIMESTAMP, CURRENT_TIMESTAMP),
(1027, 24, '76364', 'Jamundi' ,CURRENT_TIMESTAMP, CURRENT_TIMESTAMP),
(1028, 24, '76377', 'La Cumbre' ,CURRENT_TIMESTAMP, CURRENT_TIMESTAMP),
(1029, 24, '76400', 'La Union' ,CURRENT_TIMESTAMP, CURRENT_TIMESTAMP),
(1030, 24, '76403', 'La Victoria' ,CURRENT_TIMESTAMP, CURRENT_TIMESTAMP),
(1031, 24, '76497', 'Obando' ,CURRENT_TIMESTAMP, CURRENT_TIMESTAMP),
(1032, 24, '76520', 'Palmira' ,CURRENT_TIMESTAMP, CURRENT_TIMESTAMP),
(1033, 24, '76563', 'Pradera' ,CURRENT_TIMESTAMP, CURRENT_TIMESTAMP),
(1034, 24, '76606', 'Restrepo' ,CURRENT_TIMESTAMP, CURRENT_TIMESTAMP),
(1035, 24, '76616', 'Riofrio' ,CURRENT_TIMESTAMP, CURRENT_TIMESTAMP),
(1036, 24, '76622', 'Roldanillo' ,CURRENT_TIMESTAMP, CURRENT_TIMESTAMP),
(1037, 24, '76670', 'San Pedro' ,CURRENT_TIMESTAMP, CURRENT_TIMESTAMP),
(1038, 24, '76736', 'Sevilla' ,CURRENT_TIMESTAMP, CURRENT_TIMESTAMP),
(1039, 24, '76823', 'Toro' ,CURRENT_TIMESTAMP, CURRENT_TIMESTAMP),
(1040, 24, '76828', 'Trujillo' ,CURRENT_TIMESTAMP, CURRENT_TIMESTAMP),
(1041, 24, '76834', 'Tulua' ,CURRENT_TIMESTAMP, CURRENT_TIMESTAMP),
(1042, 24, '76845', 'Ulloa' ,CURRENT_TIMESTAMP, CURRENT_TIMESTAMP),
(1043, 24, '76863', 'Versalles' ,CURRENT_TIMESTAMP, CURRENT_TIMESTAMP),
(1044, 24, '76869', 'Vijes' ,CURRENT_TIMESTAMP, CURRENT_TIMESTAMP),
(1045, 24, '76890', 'Yotoco' ,CURRENT_TIMESTAMP, CURRENT_TIMESTAMP),
(1046, 24, '76892', 'Yumbo' ,CURRENT_TIMESTAMP, CURRENT_TIMESTAMP),
(1047, 24, '76895', 'Zarzal' ,CURRENT_TIMESTAMP, CURRENT_TIMESTAMP),
(1048, 25, '81001', 'Arauca' ,CURRENT_TIMESTAMP, CURRENT_TIMESTAMP),
(1049, 25, '81065', 'Arauquita' ,CURRENT_TIMESTAMP, CURRENT_TIMESTAMP),
(1050, 25, '81220', 'Cravo Norte' ,CURRENT_TIMESTAMP, CURRENT_TIMESTAMP),
(1051, 25, '81300', 'Fortul' ,CURRENT_TIMESTAMP, CURRENT_TIMESTAMP),
(1052, 25, '81591', 'Puerto Rondon' ,CURRENT_TIMESTAMP, CURRENT_TIMESTAMP),
(1053, 25, '81736', 'Saravena' ,CURRENT_TIMESTAMP, CURRENT_TIMESTAMP),
(1054, 25, '81794', 'Tame' ,CURRENT_TIMESTAMP, CURRENT_TIMESTAMP),
(1055, 26, '85001', 'Yopal' ,CURRENT_TIMESTAMP, CURRENT_TIMESTAMP),
(1056, 26, '85010', 'Aguazul' ,CURRENT_TIMESTAMP, CURRENT_TIMESTAMP),
(1057, 26, '85015', 'Chameza' ,CURRENT_TIMESTAMP, CURRENT_TIMESTAMP),
(1058, 26, '85125', 'Hato Corozal' ,CURRENT_TIMESTAMP, CURRENT_TIMESTAMP),
(1059, 26, '85136', 'La Salina' ,CURRENT_TIMESTAMP, CURRENT_TIMESTAMP),
(1060, 26, '85139', 'Mani' ,CURRENT_TIMESTAMP, CURRENT_TIMESTAMP),
(1061, 26, '85162', 'Monterrey' ,CURRENT_TIMESTAMP, CURRENT_TIMESTAMP),
(1062, 26, '85225', 'Nunchia' ,CURRENT_TIMESTAMP, CURRENT_TIMESTAMP),
(1063, 26, '85230', 'Orocue' ,CURRENT_TIMESTAMP, CURRENT_TIMESTAMP),
(1064, 26, '85250', 'Paz De Ariporo' ,CURRENT_TIMESTAMP, CURRENT_TIMESTAMP),
(1065, 26, '85263', 'Pore' ,CURRENT_TIMESTAMP, CURRENT_TIMESTAMP),
(1066, 26, '85279', 'Recetor' ,CURRENT_TIMESTAMP, CURRENT_TIMESTAMP),
(1067, 26, '85300', 'Sabanalarga' ,CURRENT_TIMESTAMP, CURRENT_TIMESTAMP),
(1068, 26, '85315', 'Sacama' ,CURRENT_TIMESTAMP, CURRENT_TIMESTAMP),
(1069, 26, '85325', 'San Luis De Palenque' ,CURRENT_TIMESTAMP, CURRENT_TIMESTAMP),
(1070, 26, '85400', 'Tamara' ,CURRENT_TIMESTAMP, CURRENT_TIMESTAMP),
(1071, 26, '85410', 'Tauramena' ,CURRENT_TIMESTAMP, CURRENT_TIMESTAMP),
(1072, 26, '85430', 'Trinidad' ,CURRENT_TIMESTAMP, CURRENT_TIMESTAMP),
(1073, 26, '85440', 'Villanueva' ,CURRENT_TIMESTAMP, CURRENT_TIMESTAMP),
(1074, 27, '86001', 'Mocoa' ,CURRENT_TIMESTAMP, CURRENT_TIMESTAMP),
(1075, 27, '86219', 'Colon' ,CURRENT_TIMESTAMP, CURRENT_TIMESTAMP),
(1076, 27, '86320', 'Orito' ,CURRENT_TIMESTAMP, CURRENT_TIMESTAMP),
(1077, 27, '86568', 'Puerto Asis' ,CURRENT_TIMESTAMP, CURRENT_TIMESTAMP),
(1078, 27, '86569', 'Puerto Caicedo' ,CURRENT_TIMESTAMP, CURRENT_TIMESTAMP),
(1079, 27, '86571', 'Puerto Guzman' ,CURRENT_TIMESTAMP, CURRENT_TIMESTAMP),
(1080, 27, '86573', 'Leguizamo' ,CURRENT_TIMESTAMP, CURRENT_TIMESTAMP),
(1081, 27, '86749', 'Sibundoy' ,CURRENT_TIMESTAMP, CURRENT_TIMESTAMP),
(1082, 27, '86755', 'San Francisco' ,CURRENT_TIMESTAMP, CURRENT_TIMESTAMP),
(1083, 27, '86757', 'San Miguel' ,CURRENT_TIMESTAMP, CURRENT_TIMESTAMP),
(1084, 27, '86760', 'Santiago' ,CURRENT_TIMESTAMP, CURRENT_TIMESTAMP),
(1085, 27, '86865', 'Valle Del Guamuez' ,CURRENT_TIMESTAMP, CURRENT_TIMESTAMP),
(1086, 27, '86885', 'Villagarzon' ,CURRENT_TIMESTAMP, CURRENT_TIMESTAMP),
(1087, 28, '88001', 'San Andres' ,CURRENT_TIMESTAMP, CURRENT_TIMESTAMP),
(1088, 28, '88564', 'Providencia' ,CURRENT_TIMESTAMP, CURRENT_TIMESTAMP),
(1089, 29, '91001', 'Leticia' ,CURRENT_TIMESTAMP, CURRENT_TIMESTAMP),
(1090, 29, '91263', 'El Encanto' ,CURRENT_TIMESTAMP, CURRENT_TIMESTAMP),
(1091, 29, '91405', 'La Chorrera' ,CURRENT_TIMESTAMP, CURRENT_TIMESTAMP),
(1092, 29, '91407', 'La Pedrera' ,CURRENT_TIMESTAMP, CURRENT_TIMESTAMP),
(1093, 29, '91430', 'La Victoria' ,CURRENT_TIMESTAMP, CURRENT_TIMESTAMP),
(1094, 29, '91460', 'Miriti - Parana' ,CURRENT_TIMESTAMP, CURRENT_TIMESTAMP),
(1095, 29, '91530', 'Puerto Alegria' ,CURRENT_TIMESTAMP, CURRENT_TIMESTAMP),
(1096, 29, '91536', 'Puerto Arica' ,CURRENT_TIMESTAMP, CURRENT_TIMESTAMP),
(1097, 29, '91540', 'Puerto Nariño' ,CURRENT_TIMESTAMP, CURRENT_TIMESTAMP),
(1098, 29, '91669', 'Puerto Santander' ,CURRENT_TIMESTAMP, CURRENT_TIMESTAMP),
(1099, 29, '91798', 'Tarapaca' ,CURRENT_TIMESTAMP, CURRENT_TIMESTAMP),
(1100, 30, '94001', 'Inirida' ,CURRENT_TIMESTAMP, CURRENT_TIMESTAMP),
(1101, 30, '94343', 'Barranco Minas' ,CURRENT_TIMESTAMP, CURRENT_TIMESTAMP),
(1102, 30, '94663', 'Mapiripana' ,CURRENT_TIMESTAMP, CURRENT_TIMESTAMP),
(1103, 30, '94883', 'San Felipe' ,CURRENT_TIMESTAMP, CURRENT_TIMESTAMP),
(1104, 30, '94884', 'Puerto Colombia' ,CURRENT_TIMESTAMP, CURRENT_TIMESTAMP),
(1105, 30, '94885', 'La Guadalupe' ,CURRENT_TIMESTAMP, CURRENT_TIMESTAMP),
(1106, 30, '94886', 'Cacahual' ,CURRENT_TIMESTAMP, CURRENT_TIMESTAMP),
(1107, 30, '94887', 'Pana Pana' ,CURRENT_TIMESTAMP, CURRENT_TIMESTAMP),
(1108, 30, '94888', 'Morichal' ,CURRENT_TIMESTAMP, CURRENT_TIMESTAMP),
(1109, 31, '95001', 'San Jose Del Guaviare' ,CURRENT_TIMESTAMP, CURRENT_TIMESTAMP),
(1110, 31, '95015', 'Calamar' ,CURRENT_TIMESTAMP, CURRENT_TIMESTAMP),
(1111, 31, '95025', 'El Retorno' ,CURRENT_TIMESTAMP, CURRENT_TIMESTAMP),
(1112, 31, '95200', 'Miraflores' ,CURRENT_TIMESTAMP, CURRENT_TIMESTAMP),
(1113, 32, '97001', 'Mitu' ,CURRENT_TIMESTAMP, CURRENT_TIMESTAMP),
(1114, 32, '97161', 'Caruru' ,CURRENT_TIMESTAMP, CURRENT_TIMESTAMP),
(1115, 32, '97511', 'Pacoa' ,CURRENT_TIMESTAMP, CURRENT_TIMESTAMP),
(1116, 32, '97666', 'Taraira' ,CURRENT_TIMESTAMP, CURRENT_TIMESTAMP),
(1117, 32, '97777', 'Papunaua' ,CURRENT_TIMESTAMP, CURRENT_TIMESTAMP),
(1118, 32, '97889', 'Yavarate' ,CURRENT_TIMESTAMP, CURRENT_TIMESTAMP),
(1119, 33, '99001', 'Puerto Carreño' ,CURRENT_TIMESTAMP, CURRENT_TIMESTAMP),
(1120, 33, '99524', 'La Primavera' ,CURRENT_TIMESTAMP, CURRENT_TIMESTAMP),
(1121, 33, '99624', 'Santa Rosalia' ,CURRENT_TIMESTAMP, CURRENT_TIMESTAMP),
(1122, 33, '99773', 'Cumaribo', CURRENT_TIMESTAMP, CURRENT_TIMESTAMP),
(1123, 18, '54399', 'Aspacica' ,CURRENT_TIMESTAMP, CURRENT_TIMESTAMP),
(1124, 18, '54400', 'La Vega de San Antonio', CURRENT_TIMESTAMP, CURRENT_TIMESTAMP),
(1125, 9, '20615', 'Otaré', CURRENT_TIMESTAMP, CURRENT_TIMESTAMP),
(1126, 9, '20012', 'Besote', CURRENT_TIMESTAMP, CURRENT_TIMESTAMP),
(1127, 9, '20014', 'Casacará', CURRENT_TIMESTAMP, CURRENT_TIMESTAMP),
(1128, 18, '54246', 'Guamalito', CURRENT_TIMESTAMP, CURRENT_TIMESTAMP),
(1129, 9, '20015', 'Cuatrovientos', CURRENT_TIMESTAMP, CURRENT_TIMESTAMP),
(1130, 9, '20016', 'El burro', CURRENT_TIMESTAMP, CURRENT_TIMESTAMP),
(1131, 9, '20017', 'La loma', CURRENT_TIMESTAMP, CURRENT_TIMESTAMP),
(1132, 9, '20018', 'La mata', CURRENT_TIMESTAMP, CURRENT_TIMESTAMP),
(1133, 9, '20019', 'Rincon Hondo', CURRENT_TIMESTAMP, CURRENT_TIMESTAMP);

update municipio set munihacepresencia = true 
where muniid in (804,792,405,789,420,781, 409, 665, 793, 415,416, 796,
800, 420, 423, 810, 427, 815, 404, 408,  406, 411,412, 796, 418, 424, 421, 426, 99, 428,
1123,1124,1125,1126, 1127, 1128,1129, 1130, 1131,1132, 1133, 846);


--Debe existir el municipio y persona
INSERT INTO empresa (emprid, persidrepresentantelegal,emprdepaid,emprmuniid,emprnit,emprdigitoverificacion,
emprnombre,emprsigla,emprlema,emprdireccion,emprbarrio, emprcorreo, emprtelefonofijo,emprtelefonocelular,
emprhorarioatencion,emprurl,emprcodigopostal, emprpersoneriajuridica, emprlogo, created_at, updated_at) VALUES
(1, 3, 18, 804, '890.505.424', '7', 'COOPERATIVA DE TRANSPORTADORES HACARITAMA', 'COOTRANSHACARITAMA', 'La empresa que integra la region', 
'Calle 7 a 56 211 la ondina vía a rio de oro','Santa Clara','cootranshacaritama@hotmail.com', '5611012', '3146034311', 
 'Lunes a Viernes De 8:00 a.m a 12:00  y de 2:00 p.m a 6:00 p.m', 'www.cootranshacaritama.com', '546552', 'Personería Jurídica No. 73 enero 28 de 1976', '890505424_logoHacaritama.png', CURRENT_TIMESTAMP, CURRENT_TIMESTAMP);

INSERT INTO `modulo` (`moduid`, `modunombre`, `moduicono`, `moduorden`, `moduactivo`, `created_at`, `updated_at`) VALUES
(1, 'Configuración', 'settings_applications', 1, 1,  CURRENT_TIMESTAMP, CURRENT_TIMESTAMP),
(2, 'Gestionar', 'ac_unit_icon', 2, 1, CURRENT_TIMESTAMP, CURRENT_TIMESTAMP),
(3, 'Producción documental', 'menu_book_icon', 3, 1, CURRENT_TIMESTAMP, CURRENT_TIMESTAMP),
(4, 'Radicación', 'folder_special_icon', 4, 1, CURRENT_TIMESTAMP, CURRENT_TIMESTAMP),
(5, 'Archivo histórico', 'insert_page_break_icon', 5, 1, CURRENT_TIMESTAMP, CURRENT_TIMESTAMP),
(6, 'Asociados', 'person_search_icon', 6, 1, CURRENT_TIMESTAMP, CURRENT_TIMESTAMP),
(7, 'Dirección transporte', 'drive_eta_icon', 7, 1, CURRENT_TIMESTAMP, CURRENT_TIMESTAMP),
(8, 'Cartera', 'work_icon', 8, 1, CURRENT_TIMESTAMP, CURRENT_TIMESTAMP),
(9, 'Despachos', 'send_time_extension_icon', 9, 1, CURRENT_TIMESTAMP, CURRENT_TIMESTAMP),
(10, 'Caja', 'attach_money_icon', 10, 1, CURRENT_TIMESTAMP, CURRENT_TIMESTAMP);

INSERT INTO `funcionalidad` (`funcid`, `moduid`, `funcnombre`, `functitulo`, `funcruta`, `funcicono`, `funcorden`, `funcactiva`, `created_at`, `updated_at`) VALUES
(1, 1, 'Menú', 'Gestionar menú', 'admin/configurar/menu', 'add_chart', 1, 1, CURRENT_TIMESTAMP, CURRENT_TIMESTAMP),
(2, 1, 'Notificación correo', 'Gestionar información de notificar correo', 'admin/configurar/notificarCorreo', 'mail_outline_icon', 2, 1, CURRENT_TIMESTAMP, CURRENT_TIMESTAMP),
(3, 1, 'Información PDF', 'Gestionar información PDF', 'admin/configurar/GeneralPdf', 'picture_as_pdf', 3, 1, CURRENT_TIMESTAMP, CURRENT_TIMESTAMP),
(4, 1, 'Datos territorial', 'Gestionar datos territorial', 'admin/configurar/datosTerritorial', 'language_icon', 4, 1, CURRENT_TIMESTAMP, CURRENT_TIMESTAMP),
(5, 1, 'Empresa', 'Gestionar empresa', 'admin/configurar/empresa', 'store', 5, 1, CURRENT_TIMESTAMP, CURRENT_TIMESTAMP),
(6, 2, 'Tipos', 'Gestionar tipos', 'admin/gestionar/tipos', 'star_rate_icon', 1, 1, CURRENT_TIMESTAMP, CURRENT_TIMESTAMP),
(7, 2, 'Series', 'Gestionar series documentales', 'admin/gestionar/seriesDocumentales', 'insert_chart_icon', 2, 1, CURRENT_TIMESTAMP, CURRENT_TIMESTAMP),
(8, 2, 'Dependencia', 'Gestionar dependencia', 'admin/gestionar/dependencia', 'maps_home_work_icon', 3, 1, CURRENT_TIMESTAMP, CURRENT_TIMESTAMP),
(9, 2, 'Persona', 'Gestionar persona', 'admin/gestionar/persona', 'person_icon', 4, 1, CURRENT_TIMESTAMP, CURRENT_TIMESTAMP),
(10, 2, 'Agencia', 'Gestionar agencia', 'admin/gestionar/agencia', 'holiday_village_con', 5, 1, CURRENT_TIMESTAMP, CURRENT_TIMESTAMP),
(11, 2, 'Usuario', 'Gestionar usuario', 'admin/gestionar/usuario', 'person', 6, 1, CURRENT_TIMESTAMP, CURRENT_TIMESTAMP),
(12, 2, 'Festivos', 'Gestionar festivos', 'admin/gestionar/festivos', 'calendar_month_icon', 7, 1, CURRENT_TIMESTAMP, CURRENT_TIMESTAMP),

(14, 3, 'Acta', 'Gestionar actas', 'admin/produccion/documental/acta', 'local_library_icon', 1, 1, CURRENT_TIMESTAMP, CURRENT_TIMESTAMP),
(15, 3, 'Certificado', 'Gestionar certificados', 'admin/produccion/documental/certificado', 'note_icon', 2, 1, CURRENT_TIMESTAMP, CURRENT_TIMESTAMP),
(16, 3, 'Circular', 'Gestionar circulares', 'admin/produccion/documental/circular', 'menu_book_icon', 3, 1, CURRENT_TIMESTAMP, CURRENT_TIMESTAMP),
(17, 3, 'Citación', 'Gestionar citaciones', 'admin/produccion/documental/citacion', 'collections_bookmark_icon', 4, 1, CURRENT_TIMESTAMP, CURRENT_TIMESTAMP),
(18, 3, 'Constancia', 'Gestionar constancias', 'admin/produccion/documental/constancia', 'auto_stories_icon', 5, 1, CURRENT_TIMESTAMP, CURRENT_TIMESTAMP),
(19, 3, 'Oficio', 'Gestionar oficios', 'admin/produccion/documental/oficio', 'library_books_icon', 6, 1, CURRENT_TIMESTAMP, CURRENT_TIMESTAMP),
(20, 3, 'Firmar', 'Firmar documentos', 'admin/produccion/documental/firmar', 'import_contacts_icon', 7, 1, CURRENT_TIMESTAMP, CURRENT_TIMESTAMP),
(21, 4, 'Documento entrante', 'Gestionar documento entrante', 'admin/radicacion/documento/entrante', 'post_add_icon', 1, 1, CURRENT_TIMESTAMP, CURRENT_TIMESTAMP),
(22, 4, 'Anular radicado', 'Gestionar anulado de radicado', 'admin/radicacion/documento/anular', 'layers_clear_icon', 2, 1, CURRENT_TIMESTAMP, CURRENT_TIMESTAMP),
(23, 4, 'Bandeja de radicado', 'Gestionar bandeja de radicado', 'admin/radicacion/documento/bandeja', 'content_paste_go_icon', 3, 1, CURRENT_TIMESTAMP, CURRENT_TIMESTAMP),
(24, 5, 'Gestionar', 'Gestionar archivo histórico', 'admin/archivo/historico/gestionar', 'ac_unit_icon', 1, 1, CURRENT_TIMESTAMP, CURRENT_TIMESTAMP),
(25, 5, 'Consultar', 'Gestionar consulta del archivo histórico', 'admin/archivo/historico/consultar', 'find_in_page_icon', 2, 1, CURRENT_TIMESTAMP, CURRENT_TIMESTAMP),
(26, 6, 'Procesar', 'Procesar asociados', 'admin/gestionar/asociados', 'person_add_alt1_icon', 1, 1, CURRENT_TIMESTAMP, CURRENT_TIMESTAMP),
(27, 6, 'Desvincular', 'Desvincular asociado', 'admin/gestionar/desvincularAsociado', 'person_remove_icon', 2, 1, CURRENT_TIMESTAMP, CURRENT_TIMESTAMP),
(28, 6, 'Inactivos', 'Gestionar asociados inactivos', 'admin/gestionar/asociadosInactivos', 'person_off_icon', 3, 1, CURRENT_TIMESTAMP, CURRENT_TIMESTAMP),
(29, 7, 'Tipos de vehiculos', 'Gestionar tipos de vehículos', 'admin/direccion/transporte/tipos', 'car_crash_icon', 1, 1, CURRENT_TIMESTAMP, CURRENT_TIMESTAMP),
(30, 7, 'Vehículos', 'Gestionar vehículos', 'admin/direccion/transporte/vehiculos', 'electric_car_icon', 2, 1, CURRENT_TIMESTAMP, CURRENT_TIMESTAMP),
(31, 7, 'Conductores', 'Gestionar conductores', 'admin/direccion/transporte/conductores', 'attach_money_icon', 3, 1, CURRENT_TIMESTAMP, CURRENT_TIMESTAMP),
(32, 7, 'Asignación vehículos', 'Gestionar asignación de vehículos', 'admin/direccion/transporte/asignarVehiculo', 'credit_score_icon', 4, 1, CURRENT_TIMESTAMP, CURRENT_TIMESTAMP),
(33, 8, 'Línea de crédito', 'Gestionar línea de crédito', 'admin/cartera/lineaCredito', 'add_chart', 1, 1, CURRENT_TIMESTAMP, CURRENT_TIMESTAMP),
(34, 8, 'Solicitud', 'Gestionar solicitud de crédito', 'admin/cartera/solicitud', 'add_card_icon', 2, 1, CURRENT_TIMESTAMP, CURRENT_TIMESTAMP),
(35, 8, 'Aprobación', 'Aprobar solicitud de crédito', 'admin/cartera/aprobacion', 'credit_score_icon', 3, 1, CURRENT_TIMESTAMP, CURRENT_TIMESTAMP),
(36, 8, 'Desembolso', 'Getionar desembolso', 'admin/cartera/desembolso', 'attach_money_icon', 4, 1, CURRENT_TIMESTAMP, CURRENT_TIMESTAMP),
(37, 8, 'Historial S.C.', 'Getionar historial de solicitud de crédito', 'admin/cartera/historial', 'auto_stories_icon ', 5, 1, CURRENT_TIMESTAMP, CURRENT_TIMESTAMP),
(38, 8, 'Cobranza', 'Getionar cobranza', 'admin/cartera/cobranza', 'table_chart_icon', 6, 1, CURRENT_TIMESTAMP, CURRENT_TIMESTAMP),
(39, 9, 'Rutas', 'Getionar de rutas', 'admin/despacho/rutas', 'directions_icon', 1, 1, CURRENT_TIMESTAMP, CURRENT_TIMESTAMP),
(40, 9, 'Planillas', 'Getionar planillas', 'admin/despacho/planillas', 'no_crash_icon', 2, 1, CURRENT_TIMESTAMP, CURRENT_TIMESTAMP),
(41, 9, 'Encomiendas', 'Getionar encomiendas', 'admin/despacho/encomiendas', 'local_shipping_icon', 3, 1, CURRENT_TIMESTAMP, CURRENT_TIMESTAMP),
(42, 9, 'Tiquetes', 'Getionar tiquetes', 'admin/despacho/tiquetes', 'card_travel_icon', 4, 1, CURRENT_TIMESTAMP, CURRENT_TIMESTAMP),
(43, 9, 'Servico especial', 'Getionar planilla de servico especial', 'admin/despacho/servicioEspecial', 'taxi_alert_icon', 5, 1, CURRENT_TIMESTAMP, CURRENT_TIMESTAMP),

INSERT INTO `rol` (`rolid`, `rolnombre`, `rolactivo`, `created_at`, `updated_at`) VALUES
(1, 'Super administrador', 1, CURRENT_TIMESTAMP, CURRENT_TIMESTAMP),
(2, 'Administrador', 1, CURRENT_TIMESTAMP, CURRENT_TIMESTAMP),
(3, 'Secretaria', 1, CURRENT_TIMESTAMP, CURRENT_TIMESTAMP),
(4, 'Jefe', 1, CURRENT_TIMESTAMP, CURRENT_TIMESTAMP),
(5, 'Radicador', 1, CURRENT_TIMESTAMP, CURRENT_TIMESTAMP),
(6, 'Coordinador del archivo histórico', 1, CURRENT_TIMESTAMP, CURRENT_TIMESTAMP);


INSERT INTO `dependencia` (`depeid`, `depejefeid`, `depecodigo`, `depesigla`, `depenombre`, `depecorreo`, `depeactiva`, `created_at`, `updated_at`) VALUES
(1, 1, '100', 'GER', 'GERENCIA', 'rdsalazarr@ufpso.edu.co', 1, CURRENT_TIMESTAMP, CURRENT_TIMESTAMP);

INSERT INTO `dependencia` (`depeid`, `depejefeid`, `depecodigo`, `depesigla`, `depenombre`, `depecorreo`, `depeactiva`, `created_at`, `updated_at`) VALUES
(2, 1, '200', 'CON', 'CONTABILIDAD', 'radasa10@hotmail.com', 1,  CURRENT_TIMESTAMP, CURRENT_TIMESTAMP);

INSERT INTO `dependenciapersona` (`depperid`, `depperdepeid`, `depperpersid`) VALUES
(1, 1, 1),(2, 2, 1);

INSERT INTO `dependenciasubseriedocumental` (`desusdid`, `desusdsusedoid`, `desusddepeid`) VALUES
(1, 1, 1),(2, 2, 2);

INSERT INTO `usuariorol` (`usurolid`, `usurolusuaid`, `usurolrolid`) VALUES
(1, 1, 1);

INSERT INTO `rolfuncionalidad` (`rolfunid`, `rolfunrolid`, `rolfunfuncid`) VALUES
(1, 1, 1),
(2, 1, 2),
(3, 1, 3),
(4, 1, 4),
(5, 1, 5),
(6, 1, 6),
(7, 1, 7),
(8, 1, 8),
(9, 1, 9),
(10, 1, 10),
(11, 1, 11),
(12, 1, 12),
--(13, 1, 13),
(14, 1, 14),
(15, 1, 15),
(16, 1, 16),
(17, 1, 17),
(18, 1, 18),
(19, 1, 19),
(20, 1, 20),
(21, 1, 21),
(22, 1, 22),
(23, 1, 23),
(24, 1, 24),
(25, 1, 25),
(26, 1, 26),
(27, 1, 27),
(28, 1, 28),
(29, 1, 29),
(30, 1, 30),
(31, 1, 31),
(32, 1, 32),
(33, 1, 33),
(34, 1, 34),
(35, 1, 35),
(36, 1, 36),
(37, 1, 37),
(38, 1, 38),
(39, 1, 39),
(40, 1, 40),
(41, 1, 41),
(42, 1, 42),
(43, 1, 43);

INSERT INTO `informaciongeneralpdf` (`ingpdfid`, `ingpdfnombre`, `ingpdftitulo`, `ingpdfcontenido`, `created_at`, `updated_at`) VALUES
(1, 'pagareColocacion', 'PAGARÉ NÚMERO  numeroPagare', '<table style=\"border-collapse: collapse; width: 100.008%;\" border=\"0\"><colgroup><col style=\"width: 27.3991%;\"><col style=\"width: 25.5309%;\"><col style=\"width: 25.5303%;\"><col style=\"width: 21.5878%;\"></colgroup>\r\n<tbody>\r\n<tr>\r\n<td>N&uacute;mero de pagar&eacute;:</td>\r\n<td><strong>numeroPagare</strong></td>\r\n<td>Valor del cr&eacute;dito:</td>\r\n<td>$ <strong>valorCredito</strong></td>\r\n</tr>\r\n<tr>\r\n<td>Fecha de la solicitud:</td>\r\n<td>fechaSolicitud</td>\r\n<td>Fecha del desembolso:</td>\r\n<td><strong>fechaDesembolso</strong></td>\r\n</tr>\r\n<tr>\r\n<td>Fecha de la primera cuota:</td>\r\n<td>fechaPrimeraCuota</td>\r\n<td>Fecha de la &uacute;ltima cuota:</td>\r\n<td>fechaUltimaCuota</td>\r\n</tr>\r\n<tr>\r\n<td>Inter&eacute;s mensual:</td>\r\n<td>interesMensual %</td>\r\n<td>N&uacute;mero de cuotas:</td>\r\n<td>numeroCuota</td>\r\n</tr>\r\n<tr>\r\n<td>Destinaci&oacute;n del cr&eacute;dito:</td>\r\n<td colspan=\"3\">destinacionCredito</td>\r\n</tr>\r\n<tr>\r\n<td>Referencia:</td>\r\n<td>referenciaCredito</td>\r\n<td>Garant&iacute;a:</td>\r\n<td>garantiaCredito</td>\r\n</tr>\r\n<tr>\r\n<td>N&uacute;mero interno:</td>\r\n<td>numeroInternoVehiculo</td>\r\n<td>Placa:</td>\r\n<td>placaVehiculo</td>\r\n</tr>\r\n</tbody>\r\n</table>\r\n<p style=\"text-align: justify;\">El Suscrito, <strong>nombreAsociado </strong>identificado con tpDocumentoAsociado <strong>documentoAsociado</strong>, deudor(a) principal me obligo a pagar solidaria e incondicionalmente en dinero en efectivo a COOTRANSHACARITAMA LTDA, en su oficina de Oca&ntilde;a N.S, a su orden o a quien represente sus derechos, la suma de ($ <strong>valorCredito</strong>), (<strong>valorEnLetras</strong>) moneda legal recibida en calidad de mutuo o pr&eacute;stamo a inter&eacute;s. INTERESES: Que sobre la suma debida reconocer&eacute; intereses equivalentes al <strong>interesMensual</strong>% mensual, sobre el saldo de capital insoluto, los cuales se liquidar&aacute;n y pagar&aacute;n mes vencido, junto con la cuota mensual correspondiente al mes de causaci&oacute;n. En caso de mora, reconocer&eacute; intereses moratorios del <strong>interesMoratorio</strong>% mensual. PARAGRAFO: En caso que la tasa de inter&eacute;s corriente y/o moratorio pactado, sobrepase los topes m&aacute;ximos permitidos por las disposiciones comerciales, dichas tasas se ajustar&aacute;n mensualmente a los m&aacute;ximos legales. PLAZO: Que pagar&eacute; la suma indicada en la cl&aacute;usula anterior mediante instalamentos mensuales sucesivos y en <strong>numeroCuota </strong>cuota(s), correspondientes cada una a la cantidad de $ <strong>valorCuota</strong>,&nbsp; m&aacute;s los intereses corrientes sobre el saldo, a partir del d&iacute;a fechaLargaPrestamo. VENCIMIENTO DEL PLAZO: Autorizo a COOTRANSHACARITAMA LTDA para declarar vencido totalmente el plazo de esta obligaci&oacute;n y exigir el pago inmediato del saldo, intereses, gastos judiciales y de los que se causen por el cobro de la obligaci&oacute;n, en cualquiera de los siguientes casos: a) Por mora de una o m&aacute;s cuotas de capital o de los intereses de esta o cualquier obligaci&oacute;n que, conjunta o separadamente, tenga contra&iacute;da a favor de COOTRANSHACARITAMA LTDA ; b) Si fuere demandado judicialmente o si los bienes de cualquiera de los otorgantes son embargados o perseguidos por la v&iacute;a judicial; c) Por muerte, concordato, quiebra, concurso de acreedores, disoluci&oacute;n, liquidaci&oacute;n o inhabilidad de uno de los otorgantes; d) Si mis activos se disminuyen, los bienes dados en garant&iacute;a se gravan o enajenan en todo o en parte o dejan de ser respaldo suficiente de la(s) obligaci&oacute;n(es) adquirida(s) o si incumpliera la obligaci&oacute;n de mantener actualizada la garant&iacute;a; e) Si la inversi&oacute;n del cr&eacute;dito fuese diferente de la convenida o de la mencionada en la solicitud del pr&eacute;stamo; f) si no actualizo(amos) oportunamente la informaci&oacute;n legal y financiera en los plazos que determine COOTRANSHACARITAMA LTDA; g) Las dem&aacute;s que las reglamentaciones internas de COOTRANSHACARITAMA LTDA contemplen. GASTOS E IMPUESTOS: Todos los gastos e impuestos que cause este pagar&eacute; sean de mi cargo, as&iacute; como los honorarios de abogado, costos judiciales y dem&aacute;s gastos que se generen. Me oblig&oacute; a cancelar las primas de seguros en las condiciones establecidas en las p&oacute;lizas respectivas. Autorizo a COOTRANSHACARITAMA LTDA para debitar de la(s) cuenta(s) de dep&oacute;sito(s) en todas las modalidades que tenga cualquiera de los otorgantes, el importe de este t&iacute;tulo valor, la cuota o cuotas respectivas, los intereses, primas de seguros y dem&aacute;s gastos o impuestos causados por esta obligaci&oacute;n. DESCUENTOS LABORALES: De acuerdo con lo previsto en el art&iacute;culo 142 de la ley 79 de 1988, autorizo (amos) irrevocablemente a la persona natural o jur&iacute;dica, p&uacute;blica o privada, a quien corresponda realizarme el pago de cualquier cantidad de dinero por concepto laboral o prestaciones, para que deduzca o retenga de estos valores, sin perjuicio de las acciones judiciales que quiera iniciar directamente sin hacer valer la autorizaci&oacute;n. Se suscribe en la ciudad de Oca&ntilde;a a los fechaLargaDesembolso.</p>\r\n<p style=\"text-align: justify;\">&nbsp;</p>', CURRENT_TIMESTAMP, CURRENT_TIMESTAMP),
(2, 'cartaInstrucciones', 'REFERENCIA: CARTA DE INSTRUCCIONES', '<p style=\"text-align: justify;\">Yo, <strong>nombreAsociado &nbsp;</strong>mayor de edad, identificado como aparece al pie de mi firma, actuando en nombre propio, por medio del presente escrito manifiesto que le faculto a usted, de manera permanente e irrevocable para que, en caso de incumplimiento en el pago oportuno de alguna de las obligaciones que hemos adquirido con usted, derivadas de los negocios comerciales y contractuales bien sean verbales o escritos; sin previo aviso, proceda a llenar los espacios en blanco La letra del pagar&eacute; No. <strong>numeroPagare </strong>que he suscrito en la fecha a su favor y que se anexa, con el fin de convertir el pagar&eacute;, en un documento que presta m&eacute;rito ejecutivo y que est&aacute; sujeto a los par&aacute;metros legales del Art&iacute;culo 622 del C&oacute;digo de Comercio.</p>\r\n<p style=\"text-align: justify;\">1. El espacio correspondiente a &ldquo;la suma cierta de&rdquo; se llenar&aacute; por una suma igual a la que resulte pendiente de pago de todas la obligaciones contra&iacute;das con el acreedor, por concepto de capital, intereses, seguros, cobranza extrajudicial, seg&uacute;n la contabilidad del acreedor a la fecha en que sea llenado el pagar&eacute;.</p>\r\n<p style=\"text-align: justify;\">2. El espacio correspondiente a la fecha en que se debe hacer el pago, se llenar&aacute; con la fecha correspondiente al d&iacute;a en que sea llenado el pagar&eacute;, fecha que se entiende que es la de su vencimiento.</p>\r\n<p style=\"text-align: justify;\">En constancia de lo anterior firmamos la presente autorizaci&oacute;n, el d&iacute;a fechaLargaPrestamo.</p>\r\n<p style=\"text-align: justify;\">&nbsp;</p>\r\n<p style=\"text-align: justify;\">EL DEUDOR,</p>\r\n<p style=\"text-align: justify;\">&nbsp;</p>', CURRENT_TIMESTAMP, CURRENT_TIMESTAMP),
(3, 'fichaTecnica', 'FICHA TÉCNICA', '<p class=\"MsoNormal\"><strong>FICHA T&Eacute;CNICA</strong></p>\r\n<p class=\"MsoNormal\" style=\"text-align: justify;\">FORMATO UNICO DE EXTRACTO DEL CONTRATO \"FUEC\" REVERSO</p>\r\n<p class=\"MsoNormal\" style=\"text-align: justify;\">INSTRUCTIVO PARA LA DETERMINACI&Oacute;N DEL N&Uacute;MERO CONSECUTIVO DEL FUEC</p>\r\n<p class=\"MsoNormal\" style=\"text-align: justify;\">El formato &Uacute;nico de Extracto del Contrato \"FUEC\" estar&aacute; constituida por los siguientes n&uacute;meros:</p>\r\n<p class=\"MsoNormal\" style=\"text-align: justify;\">a) Los tres primeros d&iacute;gitos de izquierda a derecha corresponder&aacute;n al c&oacute;digo de la Direcci&oacute;n Territorial que otorg&oacute; la habilitaci&oacute;n de la empresa de transporte de Servicio Especial.</p>\r\n<table style=\"border-collapse: collapse; width: 90%;\" border=\"1\"><colgroup><col style=\"width: 35%;\"><col style=\"width: 15%;\"><col style=\"width: 35%;\"><col style=\"width: 15%;\"></colgroup>\r\n<tbody>\r\n<tr>\r\n<td style=\"width: 40%;\"><strong>Antioquia - Choc&oacute;</strong></td>\r\n<td style=\"width: 10%; text-align: center;\"><strong>305</strong></td>\r\n<td style=\"width: 40%;\"><strong>Huila - Caquet&aacute;</strong></td>\r\n<td style=\"width: 10%; text-align: center;\"><strong>441</strong></td>\r\n</tr>\r\n<tr>\r\n<td><strong>Atl&aacute;ntico</strong></td>\r\n<td style=\"text-align: center;\"><strong>208</strong></td>\r\n<td><strong>Magdalena</strong></td>\r\n<td style=\"text-align: center;\"><strong>247</strong></td>\r\n</tr>\r\n<tr>\r\n<td><strong>Bolivar - San Andr&eacute;s y Providencia</strong></td>\r\n<td style=\"text-align: center;\"><strong>213</strong></td>\r\n<td><strong>Meta - Vaup&eacute;s - Vichada</strong></td>\r\n<td style=\"text-align: center;\"><strong>550</strong></td>\r\n</tr>\r\n<tr>\r\n<td><strong>Boyac&aacute; - Casanare</strong></td>\r\n<td style=\"text-align: center;\"><strong>415</strong></td>\r\n<td><strong>Nari&ntilde;o - Putumayo</strong></td>\r\n<td style=\"text-align: center;\"><strong>352</strong></td>\r\n</tr>\r\n<tr>\r\n<td><strong>Caldas</strong></td>\r\n<td style=\"text-align: center;\"><strong>317</strong></td>\r\n<td><strong>N/Santander - Arauca</strong></td>\r\n<td style=\"text-align: center;\"><strong>454</strong></td>\r\n</tr>\r\n<tr>\r\n<td><strong>Cauca</strong></td>\r\n<td style=\"text-align: center;\"><strong>319</strong></td>\r\n<td><strong>Quind&iacute;o</strong></td>\r\n<td style=\"text-align: center;\"><strong>363</strong></td>\r\n</tr>\r\n<tr>\r\n<td><strong>Cesar</strong></td>\r\n<td style=\"text-align: center;\"><strong>220</strong></td>\r\n<td><strong>Risaralda</strong></td>\r\n<td style=\"text-align: center;\"><strong>366</strong></td>\r\n</tr>\r\n<tr>\r\n<td><strong>C&oacute;rdoba - Sucre</strong></td>\r\n<td style=\"text-align: center;\"><strong>223</strong></td>\r\n<td><strong>Santander</strong></td>\r\n<td style=\"text-align: center;\"><strong>468</strong></td>\r\n</tr>\r\n<tr>\r\n<td><strong>Cundinamarca</strong></td>\r\n<td style=\"text-align: center;\"><strong>425</strong></td>\r\n<td><strong>Tolima</strong></td>\r\n<td style=\"text-align: center;\"><strong>473</strong></td>\r\n</tr>\r\n<tr>\r\n<td><strong>Guajira</strong></td>\r\n<td style=\"text-align: center;\"><strong>241</strong></td>\r\n<td><strong>Valle del Cauca</strong></td>\r\n<td style=\"text-align: center;\"><strong>376</strong></td>\r\n</tr>\r\n</tbody>\r\n</table>\r\n<p class=\"MsoNormal\" style=\"text-align: justify;\">b) Los cuatro d&iacute;gitos siguientes se&ntilde;alar&aacute;n el n&uacute;mero de resoluci&oacute;n mediante el cual se otorg&oacute; la habilitaci&oacute;n de la Empresa. En caso que la resoluci&oacute;n no tenga estos d&iacute;gitos, los faltantes ser&aacute;n completados con ceros a la izquierda.</p>\r\n<p class=\"MsoNormal\" style=\"text-align: justify;\">c) Los dos siguientes d&iacute;gitos corresponder&aacute;n a los dos &uacute;ltimos del a&ntilde;o en que la empresa fue habilitada.</p>\r\n<p class=\"MsoNormal\" style=\"text-align: justify;\">d) A continuaci&oacute;n, cuatro d&iacute;gitos que corresponder&aacute;n al a&ntilde;o en que se expide el extracto del contrato.</p>\r\n<p class=\"MsoNormal\" style=\"text-align: justify;\">e) Posteriormente, cuatro d&iacute;gitos que identifican el n&uacute;mero del contrato. La numeraci&oacute;n debe ser consecutiva, establecida por cada empresa y continuar&aacute; con la numeraci&oacute;n dada a los contratos de prestaci&oacute;n de servicio celebrados para el transporte de estudiantes, empleados, turistas, usuarios del servicio de salud y grupos espec&iacute;ficos de usuarios, en vigencia de la resoluci&oacute;n 3068 de 2014.</p>\r\n<p class=\"MsoNormal\" style=\"text-align: justify;\">f) Finalmente, los cuatro &uacute;ltimos d&iacute;gitos corresponder&aacute;n al n&uacute;mero consecutivo o identificaci&oacute;n interna del extracto de contrato que se expida, para la ejecuci&oacute;n de cada contrato. Se debe expedir un nuevo extracto por vencimiento del plazo inicial del mismo o por cada cambio de veh&iacute;culo.</p>\r\n<p class=\"MsoNormal\" style=\"text-align: justify;\">Ejemplo:</p>\r\n<p class=\"MsoNormal\" style=\"text-align: justify;\">Empresa habilitada por la Direcci&oacute;n Territorial Norte de Santander en el a&ntilde;o 2002, con resoluci&oacute;n de habilitaci&oacute;n N. 0083 que expide el primer extracto del contrato en el a&ntilde;o 2023, del contrato 0693. El n&uacute;mero del Formato &Uacute;nico de Extracto del Contrato \"FUE\" ser&aacute;: numeroContratoServicioEspecial.</p>', CURRENT_TIMESTAMP, CURRENT_TIMESTAMP),
(4, 'contratoTransporteEspecial', 'CONTRATO DE TRANSPORTE ESPECIAL numeroContratoServicioEspecial', '<p style=\"text-align: justify;\">Entre los suscritos nombreGerente, identificado con C.C. documentoGerente de Oca&ntilde;a, quien obra en representaci&oacute;n legal de COOPERATIVA DE TRANSPORTADORES HACARITAMA con NIT: 890.505.424-7, domiciliado en Oca&ntilde;a y quien para efectos del presente contrato se llamar&aacute; EL CONTRATISTA y por otra parte nombreContratante identificado(a) con NIT/C.C documentoContratante y quien para el presente contrato se denominar&aacute; EL CONTRATANTE, hemos celebrado el presente contrato que consta de las siguientes cl&aacute;usulas: <strong>PRIMERA</strong>: EL CONTRATISTA se compromete a poner a disposici&oacute;n de EL CONTRATANTE descripcionServicoContratado. <strong>SEGUNDA</strong>: OBJETO: objetoContrato. EL CONTRATISTA se compromete a transportar el personal que EL CONTRATANTE le conf&iacute;a en la ruta especificada en la cl&aacute;usula siguiente.&nbsp;<strong>TERCERA</strong>: RUTA: EL CONTRATANTE estipula como ruta la siguiente: Origen: origenContrato, Destino: destinoContrato. <strong>CUARTA</strong>: DIAS CONTRATADOS: El contrato iniciar&aacute; en el origenContrato el d&iacute;a fechaInicialContrato, con destino a destinoContrato hasta el d&iacute;a fechaFinalContrato. <strong>QUINTA</strong>: VALOR: El presente contrato tiene un valor de $valorContrato. Forma de pago: CONTADO.&nbsp;<strong>SEXTA</strong>: El veh&iacute;culo est&aacute; en &oacute;ptimas condiciones de seguridad y mec&aacute;nicas para el transporte del personal en la ruta acordada y porta las p&oacute;lizas contractuales y extracontractuales. <strong>SEPTIMA</strong>: EL CONTRATISTA se compromete a cumplir con los decretos y disposiciones emanados del Ministerio de Transporte, en lo concerniente al transporte de personal contemplados en el Decreto 0348 del 2015, as&iacute; como las dem&aacute;s normas que emita el gobierno para mejorar el transporte.</p>\r\n<p style=\"text-align: justify;\"><br>En constancia firmamos el presente contrato el d&iacute;a fechaInicialContrato.</p>', CURRENT_TIMESTAMP, CURRENT_TIMESTAMP);

INSERT INTO `informaciongeneralpdf` (`ingpdfid`, `ingpdfnombre`, `ingpdftitulo`, `ingpdfcontenido`, `created_at`, `updated_at`) VALUES
(5, 'contratoModalidadIntermunicipal', 'CONTRATO DE VINCULACIÓN POR AFILIACIÓN', '<p style=\"text-align: justify;\">Entre los suscritos a saber nombreGerente, mayor de edad y con cedula de ciudadan&iacute;a No. documentoGerente expedida en ciudadExpDocumentoGerente, quien act&uacute;a como representante legal de la Cooperativa de Transportadores Hacaritama, <strong>COOTRANSHACARITAMA </strong>identificada con NIT 890.505.424 - 7,&nbsp; quien en adelante se llamara LA EMPRESA y el mencionado en la parte inicial del contrato quien obra como propietario del automotor descrito inscrito en matricula, y quien en adelante se llamar&aacute; EL CONTRATISTA, por la otra parte; hacemos constar que hemos celebrado el contrato de administraci&oacute;n por afiliaci&oacute;n por la modalidad de afiliaci&oacute;n, el cual se rige por las siguientes cl&aacute;usulas:</p>\r\n<p style=\"text-align: justify;\"><strong>PRIMERA. OBJETO DEL CONTRATO.</strong> El contratista vincula el veh&iacute;culo cuyas caracter&iacute;sticas se mencionan anteriormente, con el objeto de prestar el servicio p&uacute;blico de transporte terrestre automotor individual de conformidad con la habilitaci&oacute;n otorgada mediante la Resoluci&oacute;n &hellip;&hellip;&hellip; del &hellip;&hellip;&hellip;&hellip;&hellip;&hellip;&hellip;&hellip;&hellip;.Expedida &nbsp;por LA SECRETARIA DE TRANSITO DE &hellip;&hellip;&hellip;&hellip;.., radio de acci&oacute;n MUNICIPAL, y la Empresa &nbsp;por la suma convenida que se pagara de forma mensual y el cumplimiento de las dem&aacute;s obligaciones, &nbsp;le permitir&aacute; usufructuar y usar la raz&oacute;n social y los dem&aacute;s beneficios &nbsp;que se estipulen &nbsp;en este Contrato o que se desprenden de la naturaleza seg&uacute;n las normas vigentes sobre la materia,</p>\r\n<p style=\"text-align: justify;\"><strong>PARAGRAFO SEGUNDO:</strong>-El uso y usufructo de la raz&oacute;n social de la empresa constituye una contraprestaci&oacute;n contractual que recibe el propietario del automotor, pues aquella es y seguir&aacute; siendo de propiedad &nbsp;exclusiva &nbsp;de &nbsp;la Empresa obtenida a trav&eacute;s de su constituci&oacute;n y de la Licencia de Funcionamiento &nbsp;y/o &nbsp;Habilitaci&oacute;n &nbsp;para operar &nbsp;en &nbsp;la actividad &nbsp;del &nbsp;servicio p&uacute;blico de transporte terrestre automotor especial &nbsp;y no puede ser objeto de transferencia a ning&uacute;n t&iacute;tulo de conformidad con lo establecido en el art&iacute;culo 13 de la ley 336 de 1996.</p>\r\n<p style=\"text-align: justify;\"><strong>SEGUNDA.- VINCULACI&Oacute;N DEL VEHICULO</strong>.- &nbsp;Para el cumplimiento de la finalidad mencionada en la cl&aacute;usula anterior, el Contratista &nbsp;vincula a la Empresa el veh&iacute;culo de su propiedad, manifestando que este se encuentra libre &nbsp;de &nbsp;acciones &nbsp;reales, &nbsp;pleitos pendientes, embargos y &oacute;rdenes de retenci&oacute;n oficiales, condiciones resolutorias, y que el veh&iacute;culo no se encuentra vinculado a ninguna otra empresa de transporte, en caso que siga vinculado a la otra empresa, deber&aacute; tramitar la desvinculaci&oacute;n y/o la cancelaci&oacute;n del certificado de disponibilidad de capacidad transportadora para vincularse formalmente en vista de que hasta que no se expida la tarjeta de operaci&oacute;n no se oficializa el contrato, y por lo tanto no comenzara a generar efectos jur&iacute;dicos. Esta vinculaci&oacute;n en ning&uacute;n caso genera aceptaci&oacute;n del propietario de vehicul&oacute; como asociado, y en caso de ser aceptado como tal, deber&aacute; cumplir las obligaciones propias establecidas en los estatutos.</p>\r\n<p style=\"text-align: justify;\"><strong>TERCERA: DURACI&Oacute;N Y PR&Oacute;RROGAS DEL CONTRATO</strong>: El t&eacute;rmino de duraci&oacute;n de este contrato ser&aacute; de 2 a&ntilde;os, pero podr&aacute; ser inferior en el caso de disoluci&oacute;n y liquidaci&oacute;n de la empresa, efectuada de conformidad a los Estatutos o la Ley, caso en el cual no habr&aacute; lugar a indemnizaci&oacute;n. Adem&aacute;s, podr&aacute; darse por terminado en cualquier momento por cualquiera de las partes dando aviso a la otra con sesenta (60) d&iacute;as antes de la fecha en que se desea terminar, sin acatar el plazo previsto en este contrato, este contrato se perfecciona con su suscripci&oacute;n y la expedici&oacute;n de la tarjeta de operaci&oacute;n por parte del Ministerio de Transporte y hasta tanto no se expida la tarjeta no surtir&aacute; efectos legales.</p>\r\n<p style=\"text-align: justify;\"><strong>CUARTA</strong>. Acuerdan las partes que, de acuerdo a la legislaci&oacute;n sobre la materia, el propietario del veh&iacute;culo, debe mantener el veh&iacute;culo en &oacute;ptimas condiciones t&eacute;cnicas, mec&aacute;nicas, de aseo, presentaci&oacute;n y seguridad, so pena de que la empresa de transporte se abstenga leg&iacute;timamente de incluirlo en su plan de rodamiento, y pueda proceder a negar el despacho , para lo cual solamente se necesitara una manifestaci&oacute;n escrita a la direcci&oacute;n registrada en este contrato o entregada directamente al contratista, o anterior en vista de que la seguridad de los usuarios es primordial en la prestaci&oacute;n del servicio.&nbsp;</p>\r\n<p style=\"text-align: justify;\"><strong>QUINTA: DESIGNACI&Oacute;N Y CONTRATACI&Oacute;N DEL CONDUCTOR</strong>. - El conductor ser&aacute; designado por el propietario del veh&iacute;culo, salvo que este delegue esta responsabilidad en la empresa. Este deber&aacute; contar con los requisitos exigidos por la empresa y por las normas legales vigentes sobre la materia especialmente lo relacionado con los requisitos de la legislaci&oacute;n de tr&aacute;nsito, deber&aacute; contar con seguridad social como trabajador independiente, cumpliendo con los requisitos exigidos por la ley tanto de tr&aacute;nsito, como ley de transporte y ley de seguridad social para el desarrollo de esa labor y siempre y cuando &nbsp;las &nbsp;normas lo permitan, caso en el cual las obligaciones y responsabilidades de ese oficio, ser&aacute;n diferentes a las que se desprenden de este contrato, siendo su obligaci&oacute;n afiliarse &nbsp;al sistema de seguridad social, y allegar a la empresa cada mes, el soporte del pago respectivo a cada entidad a la cual se encuentra afiliado como trabajador independiente, o cancelar mensualmente a la empresa dicho valor. <strong>PARAGRAFO 2</strong>: El conductor deber&aacute; dar cumplimiento a los programas de capacitaci&oacute;n que establezca la empresa, as&iacute; como cumplir con los ex&aacute;menes m&eacute;dicos para ingresos los peri&oacute;dicos y de retiro, y la empresa queda en libertad de prescindir de sus servicios cuando se genera alguna causal de incumplimiento.</p>\r\n<p style=\"text-align: justify;\"><strong>SEXTA: SALARIO, PRESTACIONES Y DEMAS OBLIGACIONES CON EL CONDUCTOR.</strong>- EL CONTRATISTA como propietario del veh&iacute;culo asume el pago de los salarios, primas, cesant&iacute;as, bonificaciones, aportes a la Seguridad Social y dem&aacute;s prestaciones sociales y econ&oacute;micas del conductor, en la forma y t&eacute;rminos se&ntilde;alados en el Contrato de Trabajo <strong>PARAGRAFO 1:</strong> Queda acordado y aceptado por el propietario que, si el conductor no cumple con sus obligaciones, la EMPRESA queda facultada para suspender la prestaci&oacute;n del servicio y no expedir la tarjeta de operaci&oacute;n ni despacho y aplicar las sanciones a que haya lugar, incluida la desvinculaci&oacute;n unilateral del veh&iacute;culo dando por terminada esta relaci&oacute;n contractual. <strong>PARAGRAFO 2:</strong> La empresa no asume ninguna responsabilidad con relaci&oacute;n al pago de salarios y prestaciones sociales del conductor, pues es una responsabilidad exclusiva del propietario.</p>\r\n<p style=\"text-align: justify;\"><strong>SEPTIMA. VIGILANCIA Y SUPERVIGILANCIA</strong>. - LA EMPRESA vigilar&aacute; el cumplimiento de todos los requisitos legales, reglamentarios y los que se determinen en el r&eacute;gimen interno de la EMPRESA, relacionadas con la operaci&oacute;n del veh&iacute;culo y la prestaci&oacute;n del servicio, para lo cual tomar&aacute; las medidas que cada situaci&oacute;n requiera, bien sea respecto del veh&iacute;culo o en relaci&oacute;n con el conductor.&nbsp;</p>\r\n<p style=\"text-align: justify;\"><strong>OCTAVA. MANTENIMIENTO PREVENTIVO</strong>: El ministerio de Transporte expidi&oacute; la Resoluci&oacute;n 315 del 6 de febrero del 2013, por la cual se adoptan unas medidas para garantizar la seguridad en el transporte p&uacute;blico terrestre automotor y se dictan otras disposiciones. En dicha resoluci&oacute;n se establecen nuevas obligaciones para propietarios y empresas de transporte con relaci&oacute;n al mantenimiento de los veh&iacute;culos vinculados y espec&iacute;ficamente el art&iacute;culo 10 de la misma, ordena ajustar los contratos de administraci&oacute;n por afiliaci&oacute;n a esta nueva norma. As&iacute; las cosas, la empresa y el propietario acuerdan lo siguiente: <strong>1.</strong> Acatando lo dispuesto en esta resoluci&oacute;n, El propietario se compromete a mantener actualizada una ficha t&eacute;cnica Revisi&oacute;n y mantenimiento de cada veh&iacute;culo entregando a la empresa mensualmente las facturas de mantenimiento y reparaciones realizadas; dichas intervenciones deber&aacute;n ser realizadas en un centro especializado seg&uacute;n lo que defina la empresa de transporte. <strong>2.</strong> Para la validaci&oacute;n satisfactoria de las reparaciones correctivas y mantenimientos preventivas y de que trata el art&iacute;culo 2 de la resoluci&oacute;n 315, el propietario deber&aacute; remitir el veh&iacute;culo para unas inspecciones peri&oacute;dicas que se realizaran donde la empresa establezca que realizaran cada dos meses, en caso de que el veh&iacute;culo no apruebe estas revisiones no se le dar&aacute; despacho. <strong>3.</strong> Para efectos del establecer el periodo en que deber&aacute; realizarse el mantenimiento preventivo de los veh&iacute;culos, la empresa ha establecido que estos no podr&aacute;n realizarse con m&aacute;s de dos meses, pero se realizar&aacute;n cuando el veh&iacute;culo lo requiera anexando la factura correspondiente a la ficha t&eacute;cnica del automotor. <strong>4.</strong> El conductor en compa&ntilde;&iacute;a del propietario o de la auxiliar de ruta, este &uacute;ltimo actuando en representaci&oacute;n de la empresa, se encargara de realizar el protocolo de alistamiento de que trata el art&iacute;culo 3 de la resoluci&oacute;n 315 del 2013, verificando como m&iacute;nimo los siguientes aspectos: Fugas del motor, tensi&oacute;n correas, tapas, niveles de aceite del motor, transmisi&oacute;n, direcci&oacute;n, frenos, nivel de agua limpia brisas, aditivos de radiador, filtros h&uacute;medos y secos; bater&iacute;as: niveles de electrolito, ajuste de bordes y sulfataci&oacute;n; llantas: desgaste, presi&oacute;n de aire; equipo de carretera; botiqu&iacute;n. De dicho alistamiento se dejar&aacute; constancia en la ficha pre operacional, la cual ser&aacute; entregada por la empresa. <strong>5.</strong> El propietario y el conductor no podr&aacute; realizar reparaciones del veh&iacute;culo en las v&iacute;as, &nbsp;solo se except&uacute;a las reparaciones de emergencia o bajo absoluta imposibilidad f&iacute;sica de mover el veh&iacute;culo, con el fin de permitir el desplazamiento del automotor al centro especializado para las labores de reparaci&oacute;n; cuando el veh&iacute;culo haya sido intervenido en la v&iacute;a no podr&aacute; continuar con la prestaci&oacute;n del servicio de transporte debiendo a la empresa proveer oportunamente un veh&iacute;culo de reemplazo, salvo cuando el veh&iacute;culo se haya pinchado. <strong>6.</strong> Para viajes de m&aacute;s de 8 horas de recorrido entre el lugar de origen y el lugar de destino, el propietario deber&aacute; contar con un segundo conductor. <strong>7.</strong> Los propietarios se comprometen a asistir y a convocar a los conductores a las reuniones y capacitaciones que establezca la empresa para el cumplimiento de la resoluci&oacute;n 315 y dem&aacute;s disposiciones establecidas en la ley y las disposiciones administrativas de la empresa. <strong>8.</strong> Adem&aacute;s el propietario se compromete a llevar el veh&iacute;culo para la realizaci&oacute;n del mantenimiento preventivo en los talleres establecidos por la empresa. PARRAGRAFO: INSPECCI&Oacute;N DEL VEH&Iacute;CULO Y CONSECUENCIAS: LA EMPRESA podr&aacute; en cualquier tiempo inspeccionar el estado mec&aacute;nico y general del veh&iacute;culo, como garant&iacute;a de seguridad en el servicio y en caso de comprobarse fallas, tanto EL CONTRATISTA como el conductor del veh&iacute;culo atender&aacute;n de inmediato las ordenes de LA EMPRESA para corregirlas so pena de no despachar el veh&iacute;culo.</p>\r\n<p style=\"text-align: justify;\"><strong>NOVENA: COLORES, EMBLEMAS E IDENTIFICACION</strong>. - El contratista se compromete una vez firmado este contrato a marcar el veh&iacute;culo con los logos respectivos de la EMPRESA, e instalar en la forma que se le indique, el radio y los emblemas que identifican a la empresa y a retirarlos al momento de la desvinculaci&oacute;n del automotor.</p>\r\n<p style=\"text-align: justify;\"><strong>DECIMA: - RESPONSABILIDADES POR INFRACCIONES Y DA&Ntilde;OS</strong>.- Conforme lo estipulan las normas legales vigentes, ser&aacute;n a cargo del propietario el pago de las multas por infracciones a las normas de tr&aacute;nsito y transporte que se generen por su conducta o la conducta del conductor, por lo tanto en caso de que la empresa resulte involucrada podr&aacute; repetir en contra del contratista o propietario lo pagado, as&iacute; mismo EL CONTRATISTA se har&aacute; cargo de cualquier reclamaci&oacute;n de terceros que pueda presentarse y realizar los descaros correspondientes, colaborando a la empresa en la defensa de los intereses de los involucrados.</p>\r\n<p style=\"text-align: justify;\"><strong>DECIMA PRIMERA. - OBLIGACIONES DEL CONTRATISTA.</strong> - Son obligaciones especiales de EL CONTRATISTA las &nbsp;que a continuaci&oacute;n se convienen: -<strong>1.</strong>Utilizar la raz&oacute;n social y los distintivos de la Empresa, &uacute;nicamente para cumplimiento del objeto y fines del presente contrato lo cual incluye prestar el servicio p&uacute;blico de pasajeros en la modalidad de intermunicipal, con autorizaci&oacute;n de la empresa que se entender&aacute; otorgada con la orden de despacho, de no cumplir con esta obligaci&oacute;n la EMPRESA no responder&aacute; civilmente, ni ante las autoridades en forma solidaria como lo establece la ley &nbsp;por las indemnizaciones y perjuicios que causare. &nbsp;<strong>2.</strong>- Pagar oportunamente todos los impuestos y dem&aacute;s erogaciones oficiales, as&iacute; como combustible, repuestos, accesorios, mano de obra y dem&aacute;s gastos de operaci&oacute;n y mantenimiento del veh&iacute;culo y las relacionadas con las obligaciones laborales a que se refieren las cl&aacute;usulas cuarta y quinta de este contrato. <strong>3.</strong>- Contratar y mantener vigente durante el tiempo de administraci&oacute;n por afiliaci&oacute;n las p&oacute;lizas de seguros, de las cuales la Empresa ser&aacute; la depositaria; as&iacute; como afiliarse a los dem&aacute;s fondos que la ley exige, a fin de efectuar los pagos e indemnizaciones a que hubiere lugar y que correspondieren al Contratista. -Dicha p&oacute;liza deber&aacute; cubrir los riesgos y los montos que las leyes y Decretos vigentes establezcan y los que dispusiere la Empresa. <strong>4.</strong>- Obtener de las autoridades de Tr&aacute;nsito y/o de Transporte respectivas y de la Empresa, autorizaci&oacute;n previa antes de prestaci&oacute;n de servicios. <strong>5.</strong>- No enajenar, ni dar en prenda el veh&iacute;culo durante el tiempo de vigencia de este contrato, sin la previa autorizaci&oacute;n de la Empresa. - <strong>6.</strong>- &nbsp;Acatar y cumplir las disposiciones emanadas de la Asamblea General, as&iacute; como las del Gerente. &nbsp;<strong>7.</strong>- Abstenerse de despachar o disponer que el veh&iacute;culo preste servicio p&uacute;blico de transporte, en las siguientes circunstancias: A) Sin tarjeta de operaci&oacute;n, o revisi&oacute;n t&eacute;cnico mec&aacute;nica &nbsp; vigente; B) Sin ser despachado por la empresa, y sin tenerlo debidamente diligenciado. C) Sin los seguros obligatorio o de responsabilidad civil vigentes y/o aportes al Fondo de Responsabilidad Civil; D) Sin licencia de conducci&oacute;n del conductor y vigente. E) Con el veh&iacute;culo en mal estado. &nbsp;<strong>8.</strong>- Instruir permanentemente al conductor para que cumpla las normas de Tr&aacute;nsito y de Transporte, especialmente las relacionadas con la obligaci&oacute;n de llevar acompa&ntilde;ante cuando transporte ni&ntilde;os, no llevar pasajeros o personas de pie. -<strong>9.</strong> Cumplir y hacer que se cumplan por el conductor, las disposiciones contenidas en la ley 105 de 1993, ley 336 de 1996, decreto 1079 del 2015 y dem&aacute;s normas reglamentarias y concordantes que con posterioridad se dicten, o aquellas que las modifiquen o adicionen. <strong>10.</strong>- Presentar oportunamente y dentro de los t&eacute;rminos se&ntilde;alados por la EMPRESA los documentos exigidos para tramitar la renovaci&oacute;n de la tarjeta de operaci&oacute;n y pagar oportunamente el valor correspondiente exigido por la autoridad competente para dicho tr&aacute;mite. <strong>11.</strong>- Entregar o responder a la Gerencia los informes que le sean solicitados dentro de los t&eacute;rminos que se le se&ntilde;alen. <strong>12.</strong>- Informar a la Gerencia por escrito cualquier cambio de direcci&oacute;n de su residencia, dentro de los ocho d&iacute;as siguientes de haberse cumplido el traslado. <strong>13.</strong> Cumplir y hacer cumplir al conductor, los servicios oficialmente autorizados, modificados o que se autoricen, as&iacute; como los horarios, turnos y el Reglamento interno. <strong>14.</strong> pagar oportunamente los deducibles y dem&aacute;s rublos relacionados con los da&ntilde;os ocasionados por el veh&iacute;culo a terceros o a los usuarios del servicio, siempre y cuando exista responsabilidad civil presunta. <strong>15. </strong>Cumplir y hacer cumplir Oportunamente al conductor el programa de revisi&oacute;n y mantenimiento preventivo dise&ntilde;ado por la empresa y diligenciar lo correspondiente en la plataforma virtual establecida para tal fin. <strong>16.</strong> Verificar el estado mec&aacute;nico del veh&iacute;culo antes de prestar el servicio. <strong>17.</strong> Renovar oportunamente los seguros de responsabilidad civil contractual y extracontractual, cancelando con ocho d&iacute;as de anticipaci&oacute;n a su vencimiento el valor total de la prima en las oficinas de la empresa o de manera mensual en caso de que se puedan financiar. <strong>18.</strong> Habilitar el canal de comunicaci&oacute;n utilizando los medios electr&oacute;nicos (informando a la empresa la direcci&oacute;n del correo electr&oacute;nico vigente). <strong>19.</strong> Asistir a todas las reuniones dentro de los programas de capacitaci&oacute;n permanente establecido por la EMPRESA ya sea de manera personal o virtual. <strong>20.</strong> Comprar los dispositivos requeridos para el control de flota que disponga la empresa y pagar el servicio mensual del rastreo satelital donde disponga la empresa de transporte, con el fin de vigilar y constatar el cumplimiento de sus obligaciones. 21. Diligenciar la plataforma tecnol&oacute;gica que la empresa contarte para el control de los requisitos legales tanto del conductor como del veh&iacute;culo. &nbsp;<strong>22.</strong> El propietario pagar&aacute; en calidad de cuota de sostenimiento de manera mensual dentro de los 5 primeros d&iacute;as de cada mes la suma de $158.000 (ciento cincuenta y ocho mil pesos) El incremento de este valor ser&aacute; el IPC as 2 puntos porcentuales por a&ntilde;o.&nbsp;<strong>PARAGRAFO 1:</strong> Todas las obligaciones econ&oacute;micas contra&iacute;das por el propietario podr&aacute;n ser descontadas por la empresa de los servicios prestados. <strong>PARAGRAFO 2:</strong> En caso de venta del veh&iacute;culo, la empresa se reserva el derecho de aceptar al nuevo propietario, en todo caso el nuevo propietario pagara a t&iacute;tulo de cesio de contrato la suma de un salario m&iacute;nimo mensual legal vigente.&nbsp;</p>\r\n<p style=\"text-align: justify;\"><strong>DECIMA SEGUNDA: OBLIGACIONES DE LA EMPRESA</strong>.- Son las siguientes: 1.- Velar porque el veh&iacute;culo una vez formalizada la administraci&oacute;n por afiliaci&oacute;n coloque en la carrocer&iacute;a los distintivos, n&uacute;mero de orden, raz&oacute;n social y pagina web de la empresa.- 2.- Vigilar que el conductor y el propietario que conduce su propio veh&iacute;culo se encuentre afiliado al Sistema de Seguridad Social.- 3.- Desarrollar el programa de medicina preventiva para el conductor.- 4.- Suministrar oportunamente la tarjeta de operaci&oacute;n siempre y cuando el contratista entregue los documentos oportunamente a la empresa y pague el valor correspondiente seg&uacute;n las autoridades. - 5.- Desarrollar programas de capacitaci&oacute;n para los operadores del equipo y a los Cooperados- 6.- Vigilar que el veh&iacute;culo cuente con las condiciones de seguridad y comodidad reglamentados por el Ministerio de Transporte. - 7.- Desarrollar el programa de revisi&oacute;n y mantenimiento preventivo del equipo. - 8.- Vigilar que el veh&iacute;culo preste el servicio con la tarjeta de operaci&oacute;n vigente. 9.- Vigilar y constatar que el conductor del veh&iacute;culo cuente con licencia de conducci&oacute;n vigente y apropiada. 10.- Llevar y mantener en el archivo una ficha t&eacute;cnica del veh&iacute;culo. - 11.- Entregar al propietario del equipo la ficha t&eacute;cnica una vez efectuada la vinculaci&oacute;n por la autoridad competente. - 12.- Expedir el paz y salvo sin costo alguno, siempre y cuando no tengan deudas originadas con ocasi&oacute;n de las obligaciones contra&iacute;das en el presente contrato. -</p>\r\n<p style=\"text-align: justify;\"><strong>DECIMA TERCERA: CAUSALES DE TERMINACION DE CONTRATO Y DESVINCULACION DEL VEHICULO</strong>.- Sin perjuicio de las disposiciones contenidas en este contrato o las de orden legal, LA EMPRESA proceder&aacute; &nbsp;a dar por terminado el contrato en cualquier momento dando aviso al propietario con 60 d&iacute;as de anticipaci&oacute;n a la fecha en que se terminara el contrato sin que este supeditado a la terminaci&oacute;n del mismo y remitir&aacute; carta al Ministerio de Transporte en la forma prevista en las disposiciones de transporte, adem&aacute;s terminara el contrato de manera inmediata cuando acontezca una de las siguientes causales: 1) Cuando el propietario por intermedio del conductor o personalmente preste servicio de transporte sin tarjeta de &nbsp;operaci&oacute;n, o sin ser despachado por la empresa o &nbsp;con el veh&iacute;culo en mal estado. 2) Cuando el propietario o su conductor se abstenga de forma reiterada y sin ninguna justificaci&oacute;n, de cumplir las determinaciones emanadas de la Asamblea General, o de las &oacute;rdenes que imparta la Gerencia. - 3) Por decisi&oacute;n judicial u orden administrativa de las autoridades de Tr&aacute;nsito y Transporte. - 4) Por incumplimiento total o parcial o cumplimiento tard&iacute;o o defectuoso de las obligaciones expresadas en este contrato. 5) Cuando el CONTRATISTA dirija, de &oacute;rdenes o instrucciones, o patrocine al conductor para cometer cualquier tipo de il&iacute;citos o el incumplimiento de las normas de Tr&aacute;nsito y Transporte. 6)- No cancelar oportunamente los valores acordados en este contrato. 7). cuando en el t&eacute;rmino de (8) Ocho d&iacute;as no sean corregidos los da&ntilde;os mec&aacute;nicos que sean detectados al inspeccionar el veh&iacute;culo. &nbsp;<strong>PARAGRAFO 1:</strong>- Tambi&eacute;n podr&aacute; cancelarse este contrato por acuerdo mutuo entre las partes o por muerte del propietario si los herederos o causahabientes no desean continuarlo, caso este en el cual no tendr&aacute;n derecho a reclamar perjuicios o indemnizaci&oacute;n &nbsp;a la Empresa, cuando esta cancele el contrato por incumplimiento de las obligaciones adquiridas por el Contratista o por cualquiera de las causales de terminaci&oacute;n aqu&iacute; previstas.- Una vez adjudicado dentro de la sucesi&oacute;n el veh&iacute;culo, el heredero favorecido deber&aacute; tramitar el traspaso correspondiente y manifestar por escrito ante la Gerencia si desea continuar la afiliaci&oacute;n del veh&iacute;culo, caso en el cual deber&aacute; firmarse nuevo contrato entre las partes o prorrogarse el existente mediante cl&aacute;usula adicional. <strong>PARAGRAFO 2:</strong>.- El CONTRATISTA se compromete en caso de terminaci&oacute;n del contrato a presentarse a la empresa en el momento que se le cite, para firmar la comunicaci&oacute;n que debe enviarse al Ministerio de Transporte &nbsp;para el retiro del veh&iacute;culo de la capacidad transportadora y entregar el original de la tarjeta de operaci&oacute;n, y si no lo hiciere responder&aacute; en los t&eacute;rminos de este contrato y judicialmente si a ello hubiere lugar por los perjuicios causados a LA EMPRESA. y a terceros.- <strong>PARAGRAFO 3</strong>: .- Mientras el Ministerio de Transporte expide la autorizaci&oacute;n para la desvinculaci&oacute;n, la EMPRESA permitir&aacute; que el veh&iacute;culo contin&uacute;e prestando el servicio si el CONTRATISTA as&iacute; lo solicita por escrito, comprometi&eacute;ndose a seguir cumpliendo las obligaciones contenidas en este contrato y a observar los reglamentos de la EMPRESA. PARAGARFO 4: En caso de &eacute;l, propietario de manera unilateral decida el cambio de empresa y desvinculaci&oacute;n, el propietario deber&aacute; estar a paz y salvo y pagar la suma de ----------------- y el valor de las p&oacute;lizas hasta tanto se genere efectivamente la desvinculaci&oacute;n del veh&iacute;culo.</p>\r\n<p style=\"text-align: justify;\"><strong>DECIMA CUARTA: PROHIBICIONES AL CONTRATISTA</strong>.- Le queda prohibido al CONTRATISTA lo siguiente: 1.- &nbsp;Ordenar &nbsp;prestar &nbsp;el &nbsp;servicio &nbsp;cuando &nbsp;el &nbsp;veh&iacute;culo no cumpla con las condiciones de seguridad y comodidad exigidas por el C&oacute;digo de Tr&aacute;nsito, &nbsp;la ley y los reglamentos de transporte.- 2.- Permitir que se preste el servicio de transporte sin autorizaci&oacute;n de la empresa, sin tener tarjeta de operaci&oacute;n vigente, sin &nbsp;seguro &nbsp;obligatorio y &nbsp;de &nbsp;responsabilidad &nbsp;civil contractual y extracontractual o estando vencidos- 3.- Entregar el veh&iacute;culo para su conducci&oacute;n y para la prestaci&oacute;n del servicio p&uacute;blico de transporte a un conductor no autorizado por la Empresa.- 4.- Autorizar o permitir que el conductor transporte en el veh&iacute;culo sustancias inflamables o estupefacientes, o de contrabando o de procedencia il&iacute;cita.-5.- Ordenar o Permitir que el conductor cobre tarifas &nbsp;distintas a &nbsp;las contratadas.- 5.- <strong>DERECHOS DE AUTOR:</strong> Se proh&iacute;be expresamente la reproducci&oacute;n de obras musicales y audiovisuales con destino a los pasajeros dentro de los veh&iacute;culos de transporte terrestre automotor intermunicipal, ello con el fin de evitar que se presuma de hecho, por parte de la &nbsp;Organizaci&oacute;n Sayco Acinpro (OSA), que al interior de los veh&iacute;culos se est&aacute; realizando el fen&oacute;meno de la comunicaci&oacute;n p&uacute;blica, plasmada en el art&iacute;culo 8 literal &Ntilde;. de la ley 23 de 1982&rdquo;.</p>\r\n<p style=\"text-align: justify;\"><strong>DECIMA QUINTA: PROHIBICIONES A LA EMPRESA</strong>. - 1.- Exigir suma alguna por desvinculaci&oacute;n o por el tr&aacute;mite de expedici&oacute;n de paz y salvo. - 2.- Hacer cobros diferentes a los previstos en este contrato. - 3.- Retener la tarjeta de operaci&oacute;n por obligaciones contractuales. - 4.- Exigir al propietario del veh&iacute;culo comprar acciones de la empresa.</p>\r\n<p style=\"text-align: justify;\"><strong>DECIMA SEXTA: RESPONSABILIDADES Y OBLIGACIONES SUBSIDIARIAS</strong>. - EL CONTRATISTA ser&aacute; responsable ante las autoridades y ante terceros, de las sanciones, perjuicios e indemnizaciones que se causaren por el incumplimiento total o parcial o ejecuci&oacute;n defectuosa o tard&iacute;a de cualquiera de las obligaciones o prohibiciones aqu&iacute; estipuladas, cuando por acci&oacute;n u omisi&oacute;n propia o del conductor del veh&iacute;culo, sea el causante de los mismos. En el evento que LA EMPRESA en forma solidaria y subsidiaria tenga que responder por las situaciones previstas en esta cl&aacute;usula y otras similares no previstas en este Contrato, aquella podr&aacute; repetir lo pagado contra el Contratista por v&iacute;a judicial, en caso de no darse la conciliaci&oacute;n o arreglo extrajudicial. &nbsp;La empresa tambi&eacute;n podr&aacute; repetir en contra del propietario lo pagado ante la Superintendencia de Puertos y Transporte por sanciones administrativas generadas cuando el propietario del veh&iacute;culo transite sin los documentos de transporte o sin acompa&ntilde;ante o genere con su conducta la violaci&oacute;n a las normas de transporte. El propietario autoriza expresamente a la empresa a repetir lo pagado por sanciones administrativas anteriores y desde que el veh&iacute;culo se vincul&oacute; a la empresa.</p>\r\n<p style=\"text-align: justify;\"><strong>DECIMA SEPTIMA: CONSECUENCIAS POR ACTUACIONES UNILATERALES</strong>. - Si en forma unilateral EL CONTRATISTA retira el veh&iacute;culo del servicio o no presta el servicio sin justa causa o sin previo aviso y como consecuencia de tal actuaci&oacute;n la Empresa es investigada y sancionada, el contratista deber&aacute; cancelar los honorarios del abogado para ejercer la defensa, pagar la multa que se impusiere y los perjuicios que con tal acci&oacute;n se causen. -&nbsp;</p>\r\n<p style=\"text-align: justify;\"><strong>DECIMA OCTAVA: OBLIGACIONES DEL CONTRATISTA DESPUES DE LA DESVINCULACION DEL VEHICULO</strong>.- Una vez se produzca la desvinculaci&oacute;n definitiva del &nbsp;veh&iacute;culo &nbsp;por &nbsp;la &nbsp;autorizaci&oacute;n &nbsp;otorgada por la autoridad competente de Transporte, EL CONTRATISTA se obliga para con LA EMPRESA a firmar el Acta de Terminaci&oacute;n del contrato y a borrar o cambiar la raz&oacute;n &nbsp;social, as&iacute; como los distintivos o emblemas de la Empresa en el t&eacute;rmino no mayor de cinco ( 5 ) d&iacute;as, haciendo llegar la comprobaci&oacute;n respectiva a la Gerencia de la Empresa, so pena de incurrir en responsabilidad y &nbsp;consiguiente &nbsp;pago de los perjuicios e indemnizaciones que con tal actitud se causen. Adem&aacute;s, deber&aacute; cancelar los valores pendientes por p&oacute;lizas de seguros hasta el momento de la cancelaci&oacute;n de la tarjeta de operaci&oacute;n.</p>\r\n<p style=\"text-align: justify;\"><strong>DECIMA NOVENA: DERECHOS DEL CONTRATISTA</strong>.- Son los siguientes: 1.- A que se tramite y entregue oportunamente la tarjeta de operaci&oacute;n, si ha suministrado con la oportunidad debida los requisitos exigidos.2 &nbsp;Expedir un extracto que contenga en forma discriminada los rubros y montos, cobrados y pagados, por cada concepto.-&nbsp;</p>\r\n<p style=\"text-align: justify;\"><strong>VIGESIMA: &nbsp;DERECHOS &nbsp;DE &nbsp;LA &nbsp;EMPRESA</strong>.- &nbsp;Son &nbsp; los siguientes: 1.- A qu&eacute; se le entregue oportunamente la informaci&oacute;n &nbsp;solicitada &nbsp;al &nbsp;propietario &nbsp;del &nbsp;veh&iacute;culo- 2.- A hacer uso de la aplicaci&oacute;n de las sanciones previstas por el incumplimiento de las obligaciones y convenios determinados en este contrato.- 3.- A qu&eacute; se le entreguen oportuna y previamente los documentos y requisitos exigidos en la ley, as&iacute; como los pagos respectivos, para el tr&aacute;mite de solicitud o renovaci&oacute;n de la tarjeta de operaci&oacute;n y de las p&oacute;lizas de los seguros.- 4.- A que se &nbsp;cumplan por el &nbsp;CONTRATISTA los pagos dentro de los t&eacute;rminos y de las fechas acordados en las cl&aacute;usulas de este contrato.</p>\r\n<p style=\"text-align: justify;\"><strong>VIGESIMA PRIMERA: NORMAS QUE FORMAN PARTE DEL CONTRATO</strong>.- Forman parte del presente contrato para todos los efectos no previstos en estas cl&aacute;usulas, las normas expedidas o que se expidan por el Congreso Nacional, El Gobierno Nacional, El Concejo Municipal, La Autoridad competente del &Aacute;rea Metropolitana, el Ministerio de Transporte, tanto en el campo &nbsp;administrativo, &nbsp;como &nbsp;en &nbsp; materia &nbsp;penal, &nbsp; civil, &nbsp; laboral &nbsp;y &nbsp; comercial, como de Tr&aacute;nsito y Transporte.- PARAGRAFO: Las decisiones adoptadas por la Asamblea General y/o El Consejo de Administraci&oacute;n seg&uacute;n el caso, constituyen parte integrante de este contrato y por lo tanto EL CONTRATISTA se obliga a cumplirlas, cuando las mismas impliquen revocaci&oacute;n, reforma, adici&oacute;n o aclaraci&oacute;n de cualquiera de las cl&aacute;usulas contenidas en el presente contrato.</p>\r\n<p style=\"text-align: justify;\"><strong>VIGESIMA SEGUNDA: INTERESES MORATORIOS Y RENUNCIA A REQUERIMIENTOS</strong>. - Cualquiera de las obligaciones aqu&iacute; contra&iacute;das, causar&aacute;n intereses moratorios conforme a la certificaci&oacute;n expedida por la Superintendencia Bancaria o el Banco de la Rep&uacute;blica. Todas y cada una de las obligaciones contenidas en el presente contrato o las que se llegaren a establecer y &nbsp;las &nbsp;que se &nbsp;impongan &nbsp;conforme a las cl&aacute;usulas y estipulaciones contenidas en este Contrato, se cumplir&aacute;n sin necesidad de requerimientos personales, extrajudiciales, judiciales o legales a los cuales renunciamos expresamente.- PARAGRAFO: No obstante lo anterior, si la EMPRESA decide mediante comunicaciones de prensa o radio, comunicar, notificar o hacer conocer sus decisiones a EL CONTRATISTA, estas constituir&aacute;n medio v&aacute;lido de informaci&oacute;n para todos los efectos legales.&nbsp;</p>\r\n<p style=\"text-align: justify;\"><strong>VIGESIMA TERCERA: PAGAR&Eacute; A CARGO DEL CONTRATISTA</strong>.- &nbsp;EL CONTRATISTA expresamente manifiesta, que este contrato tiene la caracter&iacute;stica del T&Iacute;TULO VALOR PAGAR&Eacute;, en la &nbsp;forma como lo contempla el C&oacute;digo de Comercio, y por lo tanto en forma incondicional pagar&aacute; a la orden de la &hellip;&hellip;&hellip;&hellip;&hellip;&hellip;&hellip;&hellip;&hellip;&hellip;&hellip;., dentro de los treinta d&iacute;as siguientes al requerimiento escrito de LA EMPRESA o comunicaci&oacute;n de prensa o radio, las sumas que resulte a deber durante la vigencia del presente contrato por concepto de: cuotas atrasadas por los pagos u obligaciones aqu&iacute; contra&iacute;das, valores adeudados por concepto de provisiones y suministros de la empresa, bien sea combustible, llantas, repuestos, insumos para el automotor, GPS, multas y comparendos antes la superintendencia de puertos y transportes; pr&eacute;stamos; valores cubiertos por &nbsp;la empresa y relacionados con la &nbsp;responsabilidad civil contractual o extracontractual derivados de la prestaci&oacute;n del servicio p&uacute;blico de transporte; valores cubiertos por la &nbsp;empresa por &nbsp;raz&oacute;n de infracciones al C&oacute;digo Nacional de Tr&aacute;nsito o al Estatuto de Transporte en que haya incurrido el Contratista o el conductor de su veh&iacute;culo con ocasi&oacute;n de la prestaci&oacute;n de servicio p&uacute;blico de transporte; valores causados por cuotas ordinarias o extraordinarias con cargo a los propietarios de veh&iacute;culos ordenados por la Asamblea General de la Empresa; PARAGRAFO : La EMPRESA se abstendr&aacute; de expedir el paz y salvo cuando existan obligaciones no canceladas por el CONTRATISTA, hasta tanto este t&iacute;tulo valor se haya hecho efectivo.&nbsp;</p>\r\n<p style=\"text-align: justify;\"><strong>VIGESIMA CUARTA: DE LA RESPONSABILIDAD CIVIL CON OCASI&Oacute;N DE HECHOS RESULTANTES DE LA PRESTACI&Oacute;N DEL SERVICIO.</strong>- Las partes libremente acuerdan, que en caso de condenas por la responsabilidad civil contractual o extracontractual derivadas de la prestaci&oacute;n del servicio p&uacute;blico de transporte con &nbsp;el &nbsp;automotor &nbsp;identificado &nbsp;en &nbsp;la &nbsp;cl&aacute;usula &nbsp;primera, LA EMPRESA &nbsp;solo se &nbsp;obliga a responder hasta el monto de las coberturas de las p&oacute;lizas de Responsabilidad Civil contractual, extracontractual RCC RCE en exceso .</p>\r\n<p style=\"text-align: justify;\"><strong>VIGESIMA QUINTA:</strong> EL CONTRATISTA manifiesta que en ejercicio de mi Derecho a la libertad y &nbsp;autodeterminaci&oacute;n inform&aacute;tica autorizo a &nbsp;la empresa &nbsp;o a la entidad que mi acreedor delegue para representarlo o a su cesonario , endosatario o quien ostente en el futuro la calidad de acreedor , previo a la relaci&oacute;n contractual y de manera irrevocable , escrita, expresa, concreta, suficiente, voluntaria e informada, con la finalidad de que la informaci&oacute;n comercial, crediticia, financiera y de servicio de la cual soy titular, referido al nacimiento , ejecuci&oacute;n extinci&oacute;n de obligaciones &nbsp;dinerarias(independiente de la naturaleza del contrato que les de origen)a mi comportamiento e historial crediticio, incluida informaci&oacute;n positiva y negativa de mis h&aacute;bitos de pago y aquella que se refiere a la informaci&oacute;n personal necesaria para el estudio, an&aacute;lisis y eventual otorgamiento de cr&eacute;dito o celebraci&oacute;n de un contrato, sea en general administrada y en especial ,capturada, tratada, procesada, operada verificada y transmitida, transferida, usada opuesta en circulaci&oacute;n y consultada por terceras personas autorizadas expresamente para que la informaci&oacute;n sea concedida &nbsp;y reportada en la base de datos de DATACREDITO operada por DATACREDITO o cualquier otro. De la misma manera autorizo a DATACREDITO, como operador de la base de datos de PROCREDITO que tiene la finalidad estrictamente comercial, financiera, crediticia y de servicios, para que procese, opere y administre la informaci&oacute;n de la cual soy titular y para que la misma sea transferida y transmitida a usuarios, lo mismo que a otros operadores nacionales o extranjeros que tengan la misma finalidad que comprenda la que tiene DATACREDITO. Certifico que los datos personales suministrados por m&iacute;, son veraces, completos, exactos, actualizados, reales y comprobados. Por lo tanto, cualquier error en la informaci&oacute;n suministrada ser&aacute; de mi &uacute;nica y exclusiva responsabilidad. Lo que exonera a DATACREDITO de su responsabilidad ante las autoridades judiciales y /o administrativas. Declaro que he le&iacute;do y comprendido a cabalidad el contenido de la presente autorizaci&oacute;n y acepto la finalidad en ella descrita y las consecuencias que se derivan de ella.</p>\r\n<p style=\"text-align: justify;\"><strong>VIGESIMO SEXTA: VALOR Y PAGO DE PERJUICIOS</strong>. - El incumplimiento de las obligaciones contenidas en el presente contrato por parte del CONTRATISTA, dar&aacute; derecho a la EMPRESA para exigir sin ning&uacute;n requerimiento, el pago de perjuicios que se tasan en el equivalente a cuatro (4) salarios m&iacute;nimos mensuales vigentes, este mismo valor se cobrara en el caso de terminaci&oacute;n del contrato de vinculaci&oacute;n de forma anticipada, en calidad de clausula penal.&nbsp;</p>\r\n<p style=\"text-align: justify;\"><strong>VIGESIMA SEPTIMA: INTERPRETACI&Oacute;N DE SITUACIONES</strong>. - Si se admitieren, toleraren o presentaren hechos o situaciones que difieran de lo convenido en el presente contrato, no por eso se entender&aacute; revocaci&oacute;n, modificaci&oacute;n o novaci&oacute;n alguna del mismo, salvo acuerdo expreso por escrito de las partes.</p>\r\n<p style=\"text-align: justify;\"><strong>VIGESIMA OCTAVA: MEDIDAS DISCIPLINARIAS INTERNAS</strong>. - Con el prop&oacute;sito de prestar un mejor servicio en el transporte p&uacute;blico individual y sin perjuicio de lo dispuesto en el texto del presente contrato, LA EMPRESA podr&aacute; adoptar medidas disciplinarias de acuerdo a lo previsto en los Reglamentos de la Empresa y las normas sobre la materia.&nbsp;</p>\r\n<p style=\"text-align: justify;\"><strong>VIGESIMA NOVENA: SOLUCI&Oacute;N DE CONFLICTOS</strong>. &ndash; En caso de que exista alg&uacute;n conflicto o diferencia con relaci&oacute;n a la relaci&oacute;n contractual, se procurara que primero se cite una reuni&oacute;n entre el propietario y la Gerencia para tratar de solucionar el conflicto; en caso de que no sea posible legar a un acuerdo, las partes tienen la libertad de acudir a la justicia ordinaria.&nbsp;</p>\r\n<p style=\"text-align: justify;\"><strong>TRIGESIMA: SUSTITUCI&Oacute;N Y MANIFESTACIONES</strong>. - El presente contrato sustituye a cualquier otro (s) anterior (es), rigi&eacute;ndose las obligaciones bilaterales en adelante por este contrato. El contratista manifiesta que conoce y entiende, por lo cual adem&aacute;s acepta el contenido de cada una de las cl&aacute;usulas redactadas en el presente contrato, que lo ley&oacute; y le da su aprobaci&oacute;n.</p>\r\n<p style=\"text-align: justify;\">En constancia se firma en sendos originales como aparece, en el municipio de Oca&ntilde;a que ser&aacute; el domicilio para todos los efectos legales, a los fechaContrato.</p>\r\n<p style=\"text-align: justify;\">&nbsp;</p>', CURRENT_TIMESTAMP, CURRENT_TIMESTAMP);

INSERT INTO `informaciongeneralpdf` (`ingpdfid`, `ingpdfnombre`, `ingpdftitulo`, `ingpdfcontenido`, `created_at`, `updated_at`) VALUES
(6, 'contratoModalidadEspecial', 'Servicio Público de Pasajeros en la Modalidad de Transporte Especial', '<p style=\"text-align: justify;\">Entre. La EMPRESA la Cooperativa de Transportadores Hacaritama, COOTRANSHACARITAMA Sociedad Legalmente constituida, e inscrita en el Registro Mercantil, quien para los efectos del presente contrato se denomina LA EMPRESA; debidamente representada por el se&ntilde;or nombreGerente, identificado con la c&eacute;dula de ciudadan&iacute;a No. documentoGerente expedida en ciudadExpDocumentoGerente, en adelante se llama LA EMPRESA y el mencionado en la parte inicial del contrato quien obra como propietario del automotor descrito inscrito en matricula, y quien en adelante se llamar&aacute; EL CONTRATISTA, por la otra parte; hacemos constar que hemos celebrado el contrato de administraci&oacute;n por afiliaci&oacute;n por la modalidad de afiliaci&oacute;n, el cual se rige por las siguientes cl&aacute;usulas:&nbsp;</p>\r\n<p style=\"text-align: justify;\"><strong>PRIMERA: OBJETO</strong>. El presente contrato tiene por objeto la vinculaci&oacute;n del veh&iacute;culo identificado en esta cl&aacute;usula primera, al parque automotor de <strong>LA EMPRESA</strong>, en los t&eacute;rminos del Decreto1079 de 2015, art&iacute;culo 983 del C&oacute;digo de Comercio y dem&aacute;s normas que lo regulan, de forma tal que el propietario vincula el veh&iacute;culo para la prestaci&oacute;n del servicio p&uacute;blico de transporte especial en los t&eacute;rminos establecidos en las normas legales vigentes y lo establecido en este contrato. <strong>Par&aacute;grafo 1: El PROPIETARIO</strong> manifiesta que cuenta con todos los documentos en regla de acuerdo a la Ley para con &eacute;ste poder dar cumplimiento al objeto del presente contrato, pero adem&aacute;s se obliga a cumplir con todas las exigencias que le requiera <strong>LA EMPRESA</strong> en cumplimiento de la normatividad aplicable al tipo de contrato, la prestaci&oacute;n del servicio p&uacute;blico de transporte especial y la normatividad laboral aplicable especialmente la referida en el SG-SST y PESV. <strong>Par&aacute;grafo 2:</strong> El propietario se podr&aacute; reservar la administraci&oacute;n del veh&iacute;culo, con la facultad de utilizarlo en los t&eacute;rminos del presente contrato y designar al personal que lo opera, directamente y sin alguna responsabilidad de <strong>LA EMPRESA</strong>, por consiguiente, asumir&aacute; la responsabilidad que se derive de la administraci&oacute;n del veh&iacute;culo. <strong>Par&aacute;grafo 3:</strong> Sera causal de cancelaci&oacute;n del presente contrato por parte de <strong>LA EMPRESA</strong>, la caducidad de cualquiera de los documentos exigidos para el libre tr&aacute;nsito y operaci&oacute;n del Veh&iacute;culo y los exigidos por la autoridad competente. <strong>Par&aacute;grafo 4:</strong> El veh&iacute;culo objeto de la vinculaci&oacute;n, tiene las siguientes caracter&iacute;sticas: Uso: Servicio p&uacute;blico de transporte especial. <strong>Par&aacute;grafo 5:</strong> El propietario bajo la gravedad del juramento, dentro del presente acuerdo, que posee este veh&iacute;culo por la v&iacute;a legal, es decir que su posesi&oacute;n es l&iacute;cita, quieta y pac&iacute;fica y contra esta no procede ninguna acci&oacute;n legal que la restrinja, de no ser as&iacute; y de no manifestar lo contrario, presumiendo la buena fe, saldr&aacute; en defensa de los intereses de la Empresa. <strong>Par&aacute;grafo 6:</strong> Acuerdan las partes que, de acuerdo a la legislaci&oacute;n sobre la materia, el propietario del veh&iacute;culo, debe mantener el veh&iacute;culo en &oacute;ptimas condiciones t&eacute;cnicas, mec&aacute;nicas, de aseo, presentaci&oacute;n y seguridad, so pena de que la empresa de transporte se abstenga leg&iacute;timamente de incluirlo en su plan de rodamiento, y pueda proceder a negar los extractos de contrato y la suscrici&oacute;n de convenios de colaboraci&oacute;n empresarial, para lo cual solamente se necesitara una manifestaci&oacute;n escrita a la direcci&oacute;n registrada en este contrato o entregada directamente al contratista, o anterior en vista de que la seguridad de los usuarios es primordial en la prestaci&oacute;n del servicio.&nbsp;</p>\r\n<p style=\"text-align: justify;\"><strong>SEGUNDA: ALCANCE.</strong> LA EMPRESA, emplear&aacute; el automotor descrito para prestar el servicio p&uacute;blico de transporte especial, en cumplimiento de los contratos de servicio de transporte que celebre con terceros en las condiciones contractuales que se establezca y que acepta el&nbsp;<strong>PROPIETARIO</strong>.&nbsp;</p>\r\n<p style=\"text-align: justify;\"><strong>TERCERA: DURACI&Oacute;N Y PR&Oacute;RROGAS DEL CONTRATO:</strong> El t&eacute;rmino de duraci&oacute;n de este contrato ser&aacute; de 2 a&ntilde;os, pero podr&aacute; ser inferior en el caso de disoluci&oacute;n y liquidaci&oacute;n de la empresa, efectuada de conformidad a los Estatutos o la Ley, caso en el cual no habr&aacute; lugar a indemnizaci&oacute;n. Adem&aacute;s, podr&aacute; darse por terminado en cualquier momento por cualquiera de las partes dando aviso a la otra con sesenta (60) d&iacute;as antes de la fecha en que se desea terminar, sin acatar el plazo previsto en este contrato, este contrato se perfecciona con su suscripci&oacute;n y la expedici&oacute;n de la tarjeta de operaci&oacute;n por parte del Ministerio de Transporte y hasta tanto no se expida la tarjeta no surtir&aacute; efectos legales. Nota: este contrato no genera en ning&uacute;n caso prorrogas autom&aacute;ticas.&nbsp;</p>\r\n<p style=\"text-align: justify;\"><strong>CUARTA: OBLIGACIONES PECUNIARIAS:</strong> EL CONTRATISTA se obliga a pagar mensualmente a LA EMPRESA, las sumas que se detallan a continuaci&oacute;n:</p>\r\n<table style=\"border-collapse: collapse; width: 99.9611%; height: 156.75px;\" border=\"1\"><colgroup><col style=\"width: 33.2988%;\"><col style=\"width: 33.2988%;\"><col style=\"width: 33.2988%;\"></colgroup>\r\n<tbody>\r\n<tr>\r\n<td><strong>CONCEPTO</strong></td>\r\n<td><strong>VALOR</strong></td>\r\n<td><strong>PERIODO</strong></td>\r\n</tr>\r\n<tr>\r\n<td>Cuota de Sostenimiento de Administraci&oacute;n</td>\r\n<td>$cuotaSostenimientoAdmon</td>\r\n<td>Mensual, anticipado cinco (5) primeros d&iacute;as de cada mes.</td>\r\n</tr>\r\n<tr>\r\n<td>Descuento Por Pago anual anticipado</td>\r\n<td>descuentoPagoAnualAnticipado% Valor del a&ntilde;o a cancelar de Administraci&oacute;n.</td>\r\n<td>Anual descuento 5%</td>\r\n</tr>\r\n<tr>\r\n<td>Recargo de Mora Cuota de Sostenimiento de Administraci&oacute;n.</td>\r\n<td>descuentoPagoAnualAnticipado% de la Cuota de Sostenimiento de Administraci&oacute;n mensual.</td>\r\n<td>Mensual pasado el d&iacute;a (5) de cada mes.&nbsp;</td>\r\n</tr>\r\n<tr>\r\n<td>Control de Transporte-Seguimiento de Infracciones-GPS.</td>\r\n<td>&nbsp;</td>\r\n<td>Mensual, anticipado cinco (5) primeros d&iacute;as de cada mes.</td>\r\n</tr>\r\n<tr>\r\n<td>Mensajer&iacute;a por tramite tarjeta de Operaci&oacute;n &nbsp;</td>\r\n<td>&nbsp;</td>\r\n<td>Seg&uacute;n Requerimiento.</td>\r\n</tr>\r\n<tr>\r\n<td>Certificaciones</td>\r\n<td>&nbsp;</td>\r\n<td>A solicitud del Interesado.</td>\r\n</tr>\r\n<tr>\r\n<td>Envi&oacute; Extractos de Contrato F&iacute;sico por Mensajer&iacute;a.</td>\r\n<td>&nbsp;</td>\r\n<td>Seg&uacute;n Requerimiento.</td>\r\n</tr>\r\n</tbody>\r\n</table>\r\n<p style=\"text-align: justify;\"><strong>QUINTA: COBROS Y PAGOS A LOS QUE SE COMPROMETEN LAS PARTES:&nbsp;</strong></p>\r\n<p style=\"text-align: justify;\">El propietario se compromete a realzar los pagos antes descrito, en la periodicidad all&iacute; establecida, y la empresa a pagar el propietario las sumas pactadas por servicios prestados menos los descuentos necesarios para el cumplimiento de las obligaciones relacionadas con el conductor y el veh&iacute;culo.</p>\r\n<p style=\"text-align: justify;\">El valor mensual que LA EMPRESA pagar&aacute; a &nbsp;EL PROPIETARIO por el servicio que aqu&iacute; se contrata, depender&aacute; de lo establecido en cada uno de los contratos &nbsp;de prestaci&oacute;n de servicios que har&aacute;n parte integral del presente contrato, en todo caso, del valor pactado se deducir&aacute;n los descuentos de &nbsp;ley, como la retenci&oacute;n en la fuente, u otros valores que sean necesarios seg&uacute;n las normas tributarias, y los descuentos que se deban realizar por obligaciones econ&oacute;micas del propietario derivadas de la vinculaci&oacute;n del veh&iacute;culo.</p>\r\n<p style=\"text-align: justify;\"><strong>SEXTA: OBLIGACIONES DEL CONTRATISTA</strong>. - Son obligaciones especiales de EL CONTRATISTA las &nbsp;que a continuaci&oacute;n se convienen: -<strong>1</strong>.Utilizar la raz&oacute;n social y los distintivos de la Empresa, &uacute;nicamente para cumplimiento del objeto y fines del presente contrato lo cual incluye prestar el servicio p&uacute;blico especial con autorizaci&oacute;n de la empresa que se entender&aacute; otorgada por la entrega del extracto del contrato debidamente diligenciado, de no cumplir con esta obligaci&oacute;n la EMPRESA no responder&aacute; civilmente, ni ante las autoridades en forma solidaria como lo establece la ley &nbsp;por las indemnizaciones y perjuicios que causare. &nbsp;<strong>2</strong>.- Pagar oportunamente todos los impuestos y dem&aacute;s erogaciones oficiales, as&iacute; como combustible, repuestos, accesorios, mano de obra y dem&aacute;s gastos de operaci&oacute;n y mantenimiento del veh&iacute;culo y las relacionadas con las obligaciones laborales a que se refieren las cl&aacute;usulas cuarta y quinta de este contrato. <strong>3</strong>.- Contratar y mantener vigente durante el tiempo de administraci&oacute;n por afiliaci&oacute;n las p&oacute;lizas de seguros, de las cuales la Empresa ser&aacute; la depositaria; as&iacute; como afiliarse a los dem&aacute;s fondos que la ley exige, a fin de efectuar los pagos e indemnizaciones a que hubiere lugar y que correspondieren al Contratista.-Dicha p&oacute;liza deber&aacute; cubrir los riesgos y los montos que las leyes y Decretos vigentes establezcan y los que dispusiere la Empresa. <strong>4</strong>.- Obtener de las autoridades de Tr&aacute;nsito y/o de Transporte respectivas y de la Empresa, autorizaci&oacute;n previa antes de la ejecuci&oacute;n de servicios especiales o expresos. <strong>5</strong>.- No enajenar, ni dar en prenda el veh&iacute;culo durante el tiempo de vigencia de este contrato, sin la previa autorizaci&oacute;n de la Empresa. - <strong>6</strong>.- &nbsp;Acatar y cumplir las disposiciones emanadas de la Asamblea General, as&iacute; como las del Gerente. &nbsp;<strong>7</strong>.- Abstenerse de despachar o disponer que el veh&iacute;culo preste servicio p&uacute;blico de transporte, en las siguientes circunstancias: A) &nbsp;Sin tarjeta de operaci&oacute;n, o revisi&oacute;n t&eacute;cnico mec&aacute;nica &nbsp; vigente; B) Sin extracto del contrato, y sin tenerlo debidamente diligenciado. C) Sin los seguros obligatorio o de responsabilidad civil vigentes &nbsp;y/o aportes al Fondo de Responsabilidad Civil; D) Sin &nbsp;licencia de conducci&oacute;n del conductor y vigente. E) Con el veh&iacute;culo en mal estado. &nbsp;<strong>8</strong>.- Instruir permanentemente al conductor para que cumpla las normas de Tr&aacute;nsito y de Transporte, especialmente las relacionadas con la obligaci&oacute;n de llevar acompa&ntilde;ante cuando transporte ni&ntilde;os, no llevar pasajeros o personas de pie.-<strong>9</strong>. Cumplir y hacer que se cumplan por el conductor, las disposiciones contenidas en la ley 105 de 1993, ley 336 de 1996, decreto 1079 del 2015 y dem&aacute;s normas reglamentarias y concordantes que con posterioridad se dicten, o aquellas que las modifiquen o adicionen. <strong>10</strong>.- Presentar oportunamente y dentro de los t&eacute;rminos se&ntilde;alados por la EMPRESA los documentos exigidos para tramitar la renovaci&oacute;n de la tarjeta de operaci&oacute;n y pagar oportunamente el valor correspondiente exigido por la autoridad competente para dicho tr&aacute;mite. <strong>11</strong>- Entregar o responder a la Gerencia los informes que le sean solicitados dentro de los t&eacute;rminos que se le se&ntilde;alen. <strong>12</strong>.- Informar a la Gerencia por escrito cualquier cambio de direcci&oacute;n de su residencia, dentro de los ocho d&iacute;as siguientes de haberse cumplido el traslado. <strong>13</strong>. Cumplir y hacer cumplir al conductor, los servicios oficialmente autorizados, modificados o que se autoricen, as&iacute; como los horarios, turnos y el Reglamento interno. <strong>14</strong>. pagar oportunamente los deducibles y dem&aacute;s rublos relacionados con los da&ntilde;os ocasionados por el veh&iacute;culo a terceros o a los usuarios del servicio, siempre y cuando exista responsabilidad civil presunta. <strong>15</strong>. Cumplir y hacer cumplir Oportunamente al conductor el programa de revisi&oacute;n y mantenimiento preventivo dise&ntilde;ado por la empresa y diligenciar lo correspondiente en la plataforma virtual establecida para tal fin. <strong>16</strong>. Verificar el estado mec&aacute;nico del veh&iacute;culo antes de prestar el servicio. <strong>17</strong>. Renovar oportunamente los seguros de responsabilidad civil contractual y extracontractual, cancelando con ocho d&iacute;as de anticipaci&oacute;n a su vencimiento el valor total de la prima en las oficinas de la empresa o de manera mensual en caso de que se puedan financiar. <strong>18</strong>. Habilitar el canal de comunicaci&oacute;n utilizando los medios electr&oacute;nicos (informando a la empresa la direcci&oacute;n del correo electr&oacute;nico vigente). <strong>19</strong>. Asistir a todas las reuniones dentro de los programas de capacitaci&oacute;n permanente establecido por la EMPRESA ya sea de manera personal o virtual. <strong>20</strong>. Comprar los dispositivos requeridos para el control de flota que disponga la empresa y pagar el servicio mensual del rastreo satelital donde disponga la empresa de transporte, con el fin de vigilar y constatar el cumplimiento de sus obligaciones. <strong>21</strong>. Diligenciar la plataforma tecnol&oacute;gica que la empresa contarte para el control de los requisitos legales tanto del conductor como del veh&iacute;culo. &nbsp;PARAGRAFO 1: Todas las obligaciones econ&oacute;micas contra&iacute;das por el propietario podr&aacute;n ser descontadas por la empresa de los servicios prestados. PARAGRAFO 2: En caso de venta del veh&iacute;culo, la empresa se reserva el derecho de aceptar al nuevo propietario, en todo caso el nuevo propietario pagara a t&iacute;tulo de cesio de contrato la suma de un salario m&iacute;nimo mensual legal vigente.&nbsp;</p>\r\n<p style=\"text-align: justify;\"><strong>SEPTIMA: OBLIGACIONES DE LA EMPRESA</strong>.- Son las siguientes: 1.- Velar porque el veh&iacute;culo una vez formalizada la administraci&oacute;n por afiliaci&oacute;n coloque en la carrocer&iacute;a los distintivos, n&uacute;mero de orden, raz&oacute;n social y pagina web de la empresa.- 2.- Vigilar que el conductor y el propietario que conduce su propio veh&iacute;culo se encuentre afiliado al Sistema de Seguridad Social.- 3.- Desarrollar el programa de medicina preventiva para el conductor.- 4.- Suministrar oportunamente la tarjeta de operaci&oacute;n siempre y cuando el contratista entregue los documentos oportunamente a la empresa y pague el valor correspondiente seg&uacute;n las autoridades. - 5.- Desarrollar programas de capacitaci&oacute;n para los operadores del equipo y a los Cooperados- 6.- Vigilar que el veh&iacute;culo cuente con las condiciones de seguridad y comodidad reglamentados por &nbsp;el &nbsp;Ministerio de Transporte.- 7.- Desarrollar el programa de revisi&oacute;n y mantenimiento preventivo del equipo.- 8.- Vigilar que el veh&iacute;culo preste el servicio con la tarjeta de operaci&oacute;n vigente. 9.- Vigilar y constatar que el conductor del veh&iacute;culo cuente con licencia de conducci&oacute;n vigente y apropiada. 10.- Llevar y mantener en el archivo una ficha t&eacute;cnica del veh&iacute;culo.- 11.- Entregar al propietario del equipo la ficha t&eacute;cnica una vez efectuada la vinculaci&oacute;n por la autoridad competente.- 12.- Expedir el paz y salvo sin costo alguno, siempre y cuando no tengan deudas originadas con ocasi&oacute;n de las obligaciones contra&iacute;das en el presente contrato.- 13.- Expedir un extracto en el que se discrimine los rubros y montos de los pagos efectuados.- 14.- entregar al propietario el extracto del contrato de acuerdo a la normatividad vigente y debidamente firmado por representante legal de la misma, despu&eacute;s de verificar la existencia del contrato.</p>\r\n<p style=\"text-align: justify;\"><strong>OCTAVA: DERECHOS DE LA EMPRESA:</strong> Los derechos de empresa se limitan a la exigencia al propietario del cumplimiento de sus obligaciones, en especial las relacionadas con el conductor y el veh&iacute;culo.&nbsp;</p>\r\n<p style=\"text-align: justify;\"><strong>NOVENA: DERECHOS DEL PROPIETARIO:</strong> Los derechos del propietario se limitan a la exigencia a la empresa del cumplimiento de sus obligaciones, en especial las relacionadas con el conductor y el veh&iacute;culo y el pago de los servicios prestados en los t&eacute;rminos de este contrato.&nbsp;</p>\r\n<p style=\"text-align: justify;\"><strong>DECIMA: PROHIBICIONES AL CONTRATISTA</strong>.- Le queda prohibido al CONTRATISTA lo siguiente: 1.- &nbsp;Ordenar &nbsp;prestar &nbsp;el &nbsp;servicio &nbsp;cuando &nbsp;el &nbsp;veh&iacute;culo no cumpla con las condiciones de seguridad y comodidad exigidas por el C&oacute;digo de Tr&aacute;nsito, &nbsp;la ley y los reglamentos de transporte.- 2.- Permitir que se preste el servicio de transporte sin autorizaci&oacute;n de la empresa, sin tener tarjeta de operaci&oacute;n vigente, sin &nbsp;seguro &nbsp;obligatorio y &nbsp;de &nbsp;responsabilidad &nbsp;civil contractual y extracontractual o estando vencidos, y sin extracto de contrato- 3.- Entregar el veh&iacute;culo para su conducci&oacute;n y para la prestaci&oacute;n del servicio p&uacute;blico de transporte a un conductor no autorizado por la Empresa.- 4.- Autorizar o permitir que el conductor transporte en el veh&iacute;culo sustancias inflamables o estupefacientes, o de contrabando o de procedencia il&iacute;cita.-5.- Ordenar o Permitir que el conductor cobre tarifas &nbsp;distintas a &nbsp;las contratadas.- 5.- <strong>DERECHOS DE AUTOR</strong>: Se proh&iacute;be expresamente la reproducci&oacute;n de obras musicales y audiovisuales con destino a los pasajeros dentro de los veh&iacute;culos de transporte terrestre automotor especial, ello con el fin de evitar que se presuma de hecho, por parte de la &nbsp;Organizaci&oacute;n Sayco Acinpro (OSA), que al interior de los veh&iacute;culos se est&aacute; realizando el fen&oacute;meno de la comunicaci&oacute;n p&uacute;blica, plasmada en el art&iacute;culo 8 literal &Ntilde;. de la ley 23 de 1982&rdquo;.&nbsp;</p>\r\n<p style=\"text-align: justify;\"><strong>DECIMA PRIMERA: PROHIBICIONES A LA EMPRESA</strong>. - 1.- Exigir suma alguna por desvinculaci&oacute;n o por el tr&aacute;mite de expedici&oacute;n de paz y salvo. - 2.- Hacer cobros diferentes a los previstos en este contrato. - 3.- Retener la tarjeta de operaci&oacute;n por obligaciones contractuales. - 4.- Exigir al propietario del veh&iacute;culo comprar acciones de la empresa.&nbsp;</p>\r\n<p style=\"text-align: justify;\"><strong>DECIMA SEGUNDA: CAUSALES DE TERMINACION DE CONTRATO Y DESVINCULACION DEL VEHICULO</strong>.- Sin perjuicio de las disposiciones contenidas en este contrato o las de orden legal, LA EMPRESA proceder&aacute; &nbsp;a dar por terminado el contrato en cualquier momento dando aviso al propietario con 60 d&iacute;as de anticipaci&oacute;n a la fecha en que se terminara el contrato sin que este supeditado a la terminaci&oacute;n del mismo y remitir&aacute; carta al Ministerio de Transporte en la forma prevista en las disposiciones de transporte, adem&aacute;s terminara el contrato de manera inmediata cuando acontezca una de las siguientes causales: 1) Cuando el propietario por intermedio del conductor o personalmente preste servicio de transporte sin tarjeta de operaci&oacute;n, sin el extracto del contrato &nbsp;o con el veh&iacute;culo en mal estado. 2) Cuando el propietario o su conductor se abstenga de forma reiterada y sin ninguna justificaci&oacute;n, de cumplir las determinaciones emanadas de la Asamblea General, o de las &oacute;rdenes que imparta la Gerencia. - 3) &nbsp;Por decisi&oacute;n judicial u orden administrativa de las autoridades de Tr&aacute;nsito y Transporte.- 4) Por incumplimiento total o parcial o cumplimiento tard&iacute;o o defectuoso de las obligaciones expresadas en este contrato. 5) Cuando el CONTRATISTA dirija, de &oacute;rdenes o instrucciones, o patrocine al conductor para cometer cualquier tipo de il&iacute;citos o el incumplimiento de las normas de Tr&aacute;nsito y Transporte. 6)- No cancelar oportunamente los valores acordados en este contrato. 7). cuando en el t&eacute;rmino de (8) Ocho d&iacute;as no sean corregidos los da&ntilde;os mec&aacute;nicos que sean detectados al inspeccionar el veh&iacute;culo. &nbsp;<strong>PARAGRAFO 1:</strong>- Tambi&eacute;n podr&aacute; cancelarse este contrato por acuerdo mutuo entre las partes o por muerte del propietario si los herederos o causahabientes no desean continuarlo, caso este en el cual no tendr&aacute;n derecho a reclamar perjuicios o indemnizaci&oacute;n &nbsp;a la Empresa, cuando esta cancele el contrato por incumplimiento de las obligaciones adquiridas por el Contratista o por cualquiera de las causales de terminaci&oacute;n aqu&iacute; previstas.- Una vez adjudicado dentro de la sucesi&oacute;n el veh&iacute;culo, el heredero favorecido deber&aacute; tramitar el traspaso correspondiente y manifestar por escrito ante la Gerencia si desea continuar la afiliaci&oacute;n del veh&iacute;culo, caso en el cual deber&aacute; firmarse nuevo contrato entre las partes o prorrogarse el existente mediante cl&aacute;usula adicional. <strong>PARAGRAFO 2</strong>:.- El CONTRATISTA se compromete en caso de terminaci&oacute;n del contrato a presentarse a la empresa en el momento que se le cite, para firmar la comunicaci&oacute;n que debe enviarse al Ministerio de Transporte &nbsp;para el retiro del veh&iacute;culo de la capacidad transportadora y entregar el original de la tarjeta de operaci&oacute;n, y si no lo hiciere responder&aacute; en los t&eacute;rminos de este contrato y judicialmente si a ello hubiere lugar por los perjuicios causados a LA EMPRESA. y a terceros. - <strong>PARAGRAFO 3</strong>: .- Mientras el Ministerio de Transporte expide la autorizaci&oacute;n para la desvinculaci&oacute;n, la EMPRESA permitir&aacute; que el veh&iacute;culo contin&uacute;e prestando el servicio si el CONTRATISTA as&iacute; lo solicita por escrito, comprometi&eacute;ndose a seguir cumpliendo las obligaciones contenidas en este contrato y a observar los reglamentos de la EMPRESA. <strong>PARAGARFO 4</strong>: En caso de &eacute;l, propietario de manera unilateral decida el cambio de empresa y desvinculaci&oacute;n, el propietario deber&aacute; estas a paz y salvo y pagar un mes de administraci&oacute;n y las p&oacute;lizas gasta tanto se genera efectivamente la desvinculaci&oacute;n del veh&iacute;culo.&nbsp;&nbsp;</p>\r\n<p style=\"text-align: justify;\"><strong>DECIMA TERCERA: DESIGNACI&Oacute;N Y CONTRATACI&Oacute;N DEL CONDUCTOR</strong>. - El conductor ser&aacute; designado por el propietario del veh&iacute;culo, salvo que este delegue esta responsabilidad en la empresa. Este deber&aacute; contar con los requisitos exigidos por la empresa y por las normas legales vigentes sobre la materia especialmente lo relacionado con los requisitos de la legislaci&oacute;n de tr&aacute;nsito, deber&aacute; ser contratado directamente por la empresa como dependiente de la misma de conformidad a lo establecido en el art&iacute;culo 2.2.1.6.12.7. del Decreto 1079 del 2015.&nbsp;<strong>PARAGRAFO 1:</strong> Se conviene que tambi&eacute;n podr&aacute; LA EMPRESA &nbsp;aceptar como conductor al mismo Contratista, si este cumple los requisitos exigidos por la ley tanto de tr&aacute;nsito, como ley de transporte y ley de seguridad social para el desarrollo de esa labor y siempre y cuando &nbsp;las &nbsp;normas lo permitan, caso en el cual las obligaciones y responsabilidades de ese oficio, ser&aacute;n diferentes a las que se desprenden de este contrato, siendo su obligaci&oacute;n afiliarse &nbsp;al sistema de seguridad social, y allegar a la empresa cada mes, el soporte del pago respectivo a cada entidad a la cual se encuentra afiliado como trabajador independiente, o cancelar mensualmente a la empresa dicho valor. <strong>PARAGRAFO 2:</strong> El conductor deber&aacute; dar cumplimiento a los programas de capacitaci&oacute;n que establezca la empresa, as&iacute; como cumplir con los ex&aacute;menes m&eacute;dicos para ingresos los peri&oacute;dicos y de retiro, y la empresa queda en libertad de prescindir de sus servicios cuando se genera alguna causal de incumplimiento.&nbsp;</p>\r\n<p style=\"text-align: justify;\"><strong>DECIMA CUARTA: SALARIO, PRESTACIONES Y DEMAS OBLIGACIONES CON EL CONDUCTOR.- EL CONTRATISTA</strong> como propietario del veh&iacute;culo asume el pago de los salarios, primas, cesant&iacute;as, bonificaciones, aportes a la Seguridad Social y dem&aacute;s prestaciones sociales y econ&oacute;micas del conductor, en la forma y t&eacute;rminos se&ntilde;alados en el Contrato de Trabajo, pagos que el propietario autoriza descontar del producido del veh&iacute;culo y que de no cubrirlo, deber&aacute; consignar mensualmente a la empresa para atender los pagos a las empresas promotoras de salud ( EPS ), a la de riesgos profesionales (ARL), al Fondo de Pensiones y pagos parafiscales a cajas de compensaci&oacute;n y dem&aacute;s. &nbsp;En caso de que el propietario decida no contar m&aacute;s con los servicios del conductor debe oficializar el despido con justa causa con el acompa&ntilde;amiento de la empresa, entregando la constancia del pago realizado de las prestaciones sociales o dineros adeudados al conductor a la fecha del despido, &nbsp;o si se trata de una renuncia voluntaria debe anexar la carta de renuncia debidamente diligenciada, y adem&aacute;s el paz y salvo del conductor, pues en caso de no ser as&iacute; no se permitir&aacute; el ingreso de un nuevo conductor, lo anterior para proteger los derechos del conductor y los intereses de la empresa ante una eventual demanda laboral. <strong>PARAGRAFO</strong>: Queda acordado y aceptado por el propietario que, si el conductor no cumple con sus obligaciones, la EMPRESA queda facultada para suspender la prestaci&oacute;n del servicio y no expedir la tarjeta de operaci&oacute;n y extracto del contrato y aplicar las sanciones a que haya lugar, incluida la desvinculaci&oacute;n unilateral del veh&iacute;culo dando por terminada esta relaci&oacute;n contractual.&nbsp;</p>\r\n<p style=\"text-align: justify;\"><strong>DECIMA QUINTA: VIGILANCIA Y SUPERVIGILANCIA</strong>. - LA EMPRESA vigilar&aacute; el cumplimiento de todos los requisitos legales, reglamentarios y los que se determinen en el r&eacute;gimen interno de la EMPRESA, relacionadas con la operaci&oacute;n del veh&iacute;culo y la prestaci&oacute;n del servicio, para lo cual tomar&aacute; las medidas que cada situaci&oacute;n requiera, bien sea respecto del veh&iacute;culo o en relaci&oacute;n con el conductor.&nbsp;</p>\r\n<p style=\"text-align: justify;\"><strong>DECIMA SEXTA. MANTENIMIENTO PREVENTIVO</strong>: El ministerio de Transporte expidi&oacute; la Resoluci&oacute;n 315 del 6 de febrero del 2013, por la cual se adoptan unas medidas para garantizar la seguridad en el transporte p&uacute;blico terrestre automotor y se dictan otras disposiciones. En dicha resoluci&oacute;n se establecen nuevas obligaciones para propietarios y empresas de transporte con relaci&oacute;n al mantenimiento de los veh&iacute;culos vinculados y espec&iacute;ficamente el art&iacute;culo 10 de la misma, ordena ajustar los contratos de administraci&oacute;n por afiliaci&oacute;n a esta nueva norma. As&iacute; las cosas, la empresa y el propietario acuerdan lo siguiente: <strong>1</strong>. Acatando lo dispuesto en esta resoluci&oacute;n, El propietario se compromete a mantener actualizada una ficha t&eacute;cnica Revisi&oacute;n y mantenimiento de cada veh&iacute;culo entregando a la empresa mensualmente las facturas de mantenimiento y reparaciones realizadas; dichas intervenciones deber&aacute;n ser realizadas en un centro especializado seg&uacute;n lo que defina el Ministerio de Transporte. <strong>2</strong>. Para la validaci&oacute;n satisfactoria de las reparaciones correctivas y mantenimientos preventivas y de que trata el art&iacute;culo 2 de la resoluci&oacute;n 315, el propietario deber&aacute; remitir el veh&iacute;culo para unas inspecciones peri&oacute;dicas que se realizaran donde la empresa establezca que realizaran cada dos meses, en caso de que el veh&iacute;culo no apruebe estas revisiones no se le entregara el extracto de contrato. <strong>3</strong>. Para efectos del establecer el periodo en que deber&aacute; realizarse el mantenimiento preventivo de los veh&iacute;culos, la empresa ha establecido que estos no podr&aacute;n realizarse con m&aacute;s de dos meses, pero se realizar&aacute;n cuando el veh&iacute;culo lo requiera anexando la factura correspondiente a la ficha t&eacute;cnica del automotor. <strong>4</strong>. El conductor en compa&ntilde;&iacute;a del propietario o de la auxiliar de ruta, este &uacute;ltimo actuando en representaci&oacute;n de la empresa, se encargara de realizar el protocolo de alistamiento de que trata el art&iacute;culo 3 de la resoluci&oacute;n 315 del 2013, verificando como m&iacute;nimo los siguientes aspectos: Fugas del motor, tensi&oacute;n correas, tapas, niveles de aceite del motor, transmisi&oacute;n, direcci&oacute;n, frenos, nivel de agua limpia brisas, aditivos de radiador, filtros h&uacute;medos y secos; bater&iacute;as: niveles de electrolito, ajuste de bordes y sulfataci&oacute;n; llantas: desgaste, presi&oacute;n de aire; equipo de carretera; botiqu&iacute;n. De dicho alistamiento se dejar&aacute; constancia en la ficha pre operacional, la cual ser&aacute; entregada por la empresa. <strong>5</strong>. El propietario y el conductor no podr&aacute; realizar reparaciones del veh&iacute;culo en las v&iacute;as, &nbsp;solo se except&uacute;a las reparaciones de emergencia o bajo absoluta imposibilidad f&iacute;sica de mover el veh&iacute;culo, con el fin de permitir el desplazamiento del automotor al centro especializado para las labores de reparaci&oacute;n; cuando el veh&iacute;culo haya sido intervenido en la v&iacute;a no podr&aacute; continuar con la prestaci&oacute;n del servicio de transporte debiendo a la empresa proveer oportunamente un veh&iacute;culo de reemplazo, salvo cuando el veh&iacute;culo se haya pinchado. <strong>6</strong>. Para viajes de m&aacute;s de 8 horas de recorrido entre el lugar de origen y el lugar de destino, el propietario deber&aacute; contar con un segundo conductor. <strong>7</strong>. Los propietarios se comprometen a asistir y a convocar a los conductores a las reuniones y capacitaciones que establezca la empresa para el cumplimiento de la resoluci&oacute;n 315 y dem&aacute;s disposiciones establecidas en la ley y las disposiciones administrativas de la empresa. <strong>8</strong>. Adem&aacute;s el propietario se compromete a llevar el veh&iacute;culo para la realizaci&oacute;n del mantenimiento preventivo en los talleres establecidos por la empresa. PARRAGRAFO: INSPECCI&Oacute;N DEL VEH&Iacute;CULO Y CONSECUENCIAS: LA EMPRESA podr&aacute; en cualquier tiempo inspeccionar el estado mec&aacute;nico y general del veh&iacute;culo, como garant&iacute;a de seguridad en el servicio y en caso de comprobarse fallas, tanto EL CONTRATISTA como el conductor del veh&iacute;culo atender&aacute;n de inmediato las ordenes de LA EMPRESA para corregirlas so pena de no expedir extractos de contrato y no incluirlo en el plan de rodamiento.&nbsp;</p>\r\n<p style=\"text-align: justify;\"><strong>DECIMA SEPTIMA: COLORES, EMBLEMAS E IDENTIFICACION</strong>. - El contratista se compromete una vez firmado este contrato a marcar el veh&iacute;culo con los colores respectivos de la EMPRESA, e instalar en la forma que se le indique, el radio y los emblemas que identifican a la empresa, adem&aacute;s deber&aacute; acatar lo establecido en el 2.2.1.6.2.4 del Decreto 1079 del 2015 modificado por el Decreto 431 de 2017, que establece que los veh&iacute;culos que ingresen al Servicio P&uacute;blico de Transporte Terrestre Automotor Especial deber&aacute;n ser de color blanco. &nbsp;Adem&aacute;s, en sus costados laterales y en la parte trasera del veh&iacute;culo, con caracteres destacados y legibles, llevar&aacute;n la raz&oacute;n social o sigla comercial de la empresa a la cual est&aacute;n vinculados, acompa&ntilde;ada de la expresi&oacute;n &ldquo;Servicio Especial&rdquo; en caracteres de color verde y de no menos de 15 cent&iacute;metros de alto, as&iacute; como el n&uacute;mero del veh&iacute;culo asignado por la empresa, con caracteres num&eacute;ricos de 10 cent&iacute;metros de alto. Los logos, su distribuci&oacute;n y tama&ntilde;o ser&aacute;n potestativos de cada empresa, para lo cual se les indicara lo que establece su manual de imagen corporativo. En caso de que el contratante del servicio exija la fijaci&oacute;n de su logotipo en el veh&iacute;culo, este no podr&aacute; impedir la visibilidad de la placa que deber&aacute; llevar en los costados, conforme a la exigencia del art&iacute;culo 28 de la Ley 769 de 2002. El tama&ntilde;o de dicho logotipo no podr&aacute; ser mayor al 50% del escogido para la raz&oacute;n social o sigla comercial de la empresa a la cual est&aacute; vinculado el veh&iacute;culo. Cuando se trate de veh&iacute;culos acondicionados para el transporte de personas con requerimientos en servicio de salud o en situaci&oacute;n de discapacidad, adicionalmente deber&aacute; aplicarse lo establecido por las normas que regulan el particular; adem&aacute;s si el veh&iacute;culo va a prestar transporta escolar deber&aacute; acatar lo dispuesto en el art&iacute;culo 2.2.1.6.10.1 del decreto 1079 del 2015 y deber&aacute; contar con las siguientes caracter&iacute;sticas, sin que por ello dejen de dedicarse a los dem&aacute;s servicios que les permiten las normas legales vigentes:</p>\r\n<p style=\"text-align: justify;\">Para transporta escolar, deber&aacute; tener deber&aacute;n tener pintadas en la parte posterior de la carrocer&iacute;a, franjas alternas de diez (10) cent&iacute;metros de ancho en colores amarillo pantone 109 y negro, con inclinaci&oacute;n de 45 grados y una altura m&iacute;nima de 60 cent&iacute;metros. &nbsp;Igualmente, en la parte superior trasera y delantera de la carrocer&iacute;a en caracteres destacados, de altura m&iacute;nima de 10 cent&iacute;metros, deber&aacute;n llevar la leyenda &ldquo;Escolar&rdquo;.&rdquo;&nbsp;</p>\r\n<p style=\"text-align: justify;\"><strong>DECIMA OCTAVA: PONSABILIDADES POR INFRACCIONES Y DA&Ntilde;OS</strong>.- Conforme lo estipulan las normas legales vigentes, ser&aacute;n a cargo del propietario el pago de las multas por infracciones a las normas de tr&aacute;nsito y transporte que se generen por su conducta o la conducta del conductor, por lo tanto en caso de que la empresa resulte involucrada podr&aacute; repetir en contra del contratista o propietario lo pagado, as&iacute; mismo EL CONTRATISTA se har&aacute; cargo de cualquier reclamaci&oacute;n de terceros que pueda presentarse y realizar los descaros correspondientes, colaborando a la empresa en la defensa de los intereses de los involucrados.&nbsp;</p>\r\n<p style=\"text-align: justify;\"><strong>DECIMA NOVENA: CONVENIOS DE COLABORACI&Oacute;N EMPRESARIAL:</strong> La empresa firmara los convenios de colaboraci&oacute;n empresarial que sean solicitados por otras empresas o por el propietario, siempre y cuando el propietario se encuentre al d&iacute;a con las obligaciones econ&oacute;micas y con los requisitos legales; y siempre que el convenio cumpla con lo establecido en las normas legales vigentes; la empresa podr&aacute; exigir a la empresa que solicita el convenio que se pague directamente a la cuenta de la empresa el dinero fruto de la prestaci&oacute;n del servicio y descontar de all&iacute; las obligaciones que mes a mes surjan, especialmente la cuota de sostenimiento y las obligaciones con las aseguradoras y con el conductor; la empresa tambi&eacute;n podr&aacute; abstenerse de firmar el convenio cuando la empresa requiera el veh&iacute;culo &nbsp;para cumplir los servicios contratados y as&iacute; cumplir con el plan de rodamiento, adem&aacute;s podr&aacute; exigir a la otra empresa la resoluci&oacute;n de habilitaci&oacute;n vigente y la copia del contrato con el usuario o una certificaci&oacute;n de la existencia del mismo.&nbsp;</p>\r\n<p style=\"text-align: justify;\"><strong>VIGESIMA: RESPONSABILIDADES Y OBLIGACIONES SUBSIDIARIAS.</strong> - EL CONTRATISTA ser&aacute; responsable ante las autoridades y ante terceros, de las sanciones, perjuicios e indemnizaciones que se causaren por el incumplimiento total o parcial o ejecuci&oacute;n defectuosa o tard&iacute;a de cualquiera de las obligaciones o prohibiciones aqu&iacute; estipuladas, cuando por acci&oacute;n u omisi&oacute;n propia o del conductor del veh&iacute;culo, sea el causante de los mismos. En el evento que LA EMPRESA en forma solidaria y subsidiaria tenga que responder por las situaciones previstas en esta cl&aacute;usula y otras similares no previstas en este Contrato, aquella podr&aacute; repetir lo pagado contra el Contratista por v&iacute;a judicial, en caso de no darse la conciliaci&oacute;n o arreglo extrajudicial. &nbsp;La empresa tambi&eacute;n podr&aacute; repetir en contra del propietario lo pagado ante la Superintendencia de Puertos y Transporte por sanciones administrativas generadas cuando el propietario del veh&iacute;culo transite sin los documentos de transporte o sin acompa&ntilde;ante o genere con su conducta la violaci&oacute;n a las normas de transporte. El propietario autoriza expresamente a la empresa a repetir lo pagado por sanciones administrativas anteriores y desde que el veh&iacute;culo se vincul&oacute; a la empresa.&nbsp;</p>\r\n<p style=\"text-align: justify;\"><strong>VIGESIMA PRIMERA: CONSECUENCIAS POR ACTUACIONES UNILATERALES</strong>. - Si en forma unilateral EL CONTRATISTA retira el veh&iacute;culo del servicio o no presta el servicio sin justa causa o sin previo aviso y como consecuencia de tal actuaci&oacute;n la Empresa es investigada y sancionada, el contratista deber&aacute; cancelar los honorarios del abogado para ejercer la defensa, pagar la multa que se impusiere y los perjuicios que con tal acci&oacute;n se causen. &nbsp;</p>\r\n<p style=\"text-align: justify;\"><strong>VIGESIMA SEGUNDA: OBLIGACIONES DEL CONTRATISTA DESPUES DE LA DESVINCULACION DEL VEHICULO</strong>.- Una vez se produzca la desvinculaci&oacute;n definitiva del &nbsp;veh&iacute;culo &nbsp;por &nbsp;la &nbsp;autorizaci&oacute;n &nbsp;otorgada por la autoridad competente de Transporte, EL CONTRATISTA se obliga para con LA EMPRESA a firmar el Acta de Terminaci&oacute;n del contrato y a borrar o cambiar la raz&oacute;n &nbsp;social, as&iacute; como los distintivos o emblemas de la Empresa en el t&eacute;rmino no mayor de cinco ( 5 ) d&iacute;as, haciendo llegar la comprobaci&oacute;n respectiva a la Gerencia de la Empresa, so pena de incurrir en responsabilidad y &nbsp;consiguiente &nbsp;pago de los perjuicios e indemnizaciones que con tal actitud se causen. Adem&aacute;s, deber&aacute; cancelar los valores pendientes por p&oacute;lizas de seguros hasta el momento de la cancelaci&oacute;n de la tarjeta de operaci&oacute;n.&nbsp;</p>\r\n<p style=\"text-align: justify;\"><strong>VIGESIMA TERCERA: DERECHOS DEL CONTRATISTA.</strong> - Son los siguientes: 1.- A que se tramite y entregue oportunamente la tarjeta de operaci&oacute;n, si ha suministrado con la oportunidad debida los requisitos exigidos.2 &nbsp;Expedir un extracto que contenga en forma discriminada los rubros y montos, cobrados y pagados, por cada concepto.&nbsp;</p>\r\n<p style=\"text-align: justify;\"><strong>VIGESIMA CUARTA: &nbsp;DERECHOS &nbsp;DE &nbsp;LA &nbsp;EMPRESA</strong>.- &nbsp;Son &nbsp; los siguientes: 1.- A qu&eacute; se le entregue oportunamente la informaci&oacute;n &nbsp;solicitada &nbsp;al &nbsp;propietario &nbsp;del &nbsp;veh&iacute;culo- 2.- A hacer uso de la aplicaci&oacute;n de las sanciones previstas por el incumplimiento de las obligaciones y convenios determinados en este contrato.- 3.- A qu&eacute; se le entreguen oportuna y previamente los documentos y requisitos exigidos en la ley, as&iacute; como los pagos respectivos, para el tr&aacute;mite de solicitud o renovaci&oacute;n de la tarjeta de operaci&oacute;n y de las p&oacute;lizas de los seguros.- 4.- A que se &nbsp;cumplan por el &nbsp;CONTRATISTA los pagos dentro de los t&eacute;rminos y de las fechas acordados en las cl&aacute;usulas de este contrato.&nbsp;</p>\r\n<p style=\"text-align: justify;\"><strong>VIGESIMA QUINTA: NORMAS QUE FORMAN PARTE DEL CONTRATO</strong>.- Forman parte del presente contrato para todos los efectos no previstos en estas cl&aacute;usulas, las normas expedidas o que se expidan por el Congreso Nacional, El Gobierno Nacional, El Concejo Municipal, La Autoridad competente del &Aacute;rea Metropolitana, el Ministerio de Transporte, tanto en el campo &nbsp;administrativo, &nbsp;como &nbsp;en &nbsp; materia &nbsp;penal, &nbsp; civil, &nbsp; laboral &nbsp;y &nbsp; comercial, como de Tr&aacute;nsito y Transporte.- PARAGRAFO: Las decisiones adoptadas por la Asamblea General y/o El Consejo de Administraci&oacute;n seg&uacute;n el caso, constituyen parte integrante de este contrato y por lo tanto EL CONTRATISTA se obliga a cumplirlas, cuando las mismas impliquen revocaci&oacute;n, reforma, adici&oacute;n o aclaraci&oacute;n de cualquiera de las cl&aacute;usulas contenidas en el presente contrato.&nbsp;</p>\r\n<p style=\"text-align: justify;\"><strong>VIGESIMA SEXTA: INTERESES MORATORIOS Y RENUNCIA A REQUERIMIENTOS</strong>. - Cualquiera de las obligaciones aqu&iacute; contra&iacute;das, causar&aacute;n intereses moratorios conforme a la certificaci&oacute;n expedida por la Superintendencia Bancaria o el Banco de la Rep&uacute;blica. Todas y cada una de las obligaciones contenidas en el presente contrato o las que se llegaren a establecer y &nbsp;las &nbsp;que se &nbsp;impongan &nbsp;conforme a las cl&aacute;usulas y estipulaciones contenidas en este Contrato, se cumplir&aacute;n sin necesidad de requerimientos personales, extrajudiciales, judiciales o legales a los cuales renunciamos expresamente.- PARAGRAFO: No obstante lo anterior, si la EMPRESA decide mediante comunicaciones de prensa o radio, comunicar, notificar o hacer conocer sus decisiones a EL CONTRATISTA, estas constituir&aacute;n medio v&aacute;lido de informaci&oacute;n para todos los efectos legales.&nbsp;</p>\r\n<p style=\"text-align: justify;\"><strong>VIGESIMA SEPTIMA: PAGAR&Eacute; A CARGO DEL CONTRATISTA.- &nbsp;EL CONTRATISTA</strong> expresamente manifiesta, que este contrato tiene la caracter&iacute;stica del T&Iacute;TULO VALOR PAGAR&Eacute;, en la &nbsp;forma como lo contempla el C&oacute;digo de Comercio, y por lo tanto en forma incondicional pagar&aacute; a la orden de la Cooperativa de Transportadores Hacaritama, <strong>COOTRANSHACARITAMA</strong>, dentro de los treinta d&iacute;as siguientes al requerimiento escrito de LA EMPRESA o comunicaci&oacute;n de prensa o radio, las sumas que resulte a deber durante la vigencia del presente contrato por concepto de: cuotas atrasadas por los pagos u obligaciones aqu&iacute; contra&iacute;das, valores adeudados por concepto de provisiones y suministros de la empresa, bien sea combustible, llantas, repuestos, insumos para el automotor, GPS, multas y comparendos antes la superintendencia de puertos y transportes; pr&eacute;stamos; valores cubiertos por &nbsp;la empresa y relacionados con la &nbsp;responsabilidad civil contractual o extracontractual derivados de la prestaci&oacute;n del servicio p&uacute;blico de transporte; valores cubiertos por la &nbsp;empresa por &nbsp;raz&oacute;n de infracciones al C&oacute;digo Nacional de Tr&aacute;nsito o al Estatuto de Transporte en que haya incurrido el Contratista o el conductor de su veh&iacute;culo con ocasi&oacute;n de la prestaci&oacute;n de servicio p&uacute;blico de transporte; valores causados por cuotas ordinarias o extraordinarias con cargo a los propietarios de veh&iacute;culos ordenados por la Asamblea General de la Empresa; PARAGRAFO : La EMPRESA se abstendr&aacute; de expedir el paz y salvo cuando existan obligaciones no canceladas por el CONTRATISTA, hasta tanto este t&iacute;tulo valor se haya hecho efectivo. &nbsp;</p>\r\n<p style=\"text-align: justify;\"><strong>VIGESIMA OCTAVA</strong>: EL CONTRATISTA manifiesta que en ejercicio de mi Derecho a la libertad y &nbsp;autodeterminaci&oacute;n inform&aacute;tica autorizo a &nbsp;la empresa &nbsp;o a la entidad que mi acreedor delegue para representarlo o a su cesonario , endosatario o quien ostente en el futuro la calidad de acreedor , previo a la relaci&oacute;n contractual y de manera irrevocable , escrita, expresa, concreta, suficiente, voluntaria e informada, con la finalidad de que la informaci&oacute;n comercial, crediticia, financiera y de servicio de la cual soy titular, referido al nacimiento , ejecuci&oacute;n extinci&oacute;n de obligaciones &nbsp;dinerarias(independiente de la naturaleza del contrato que les de origen)a mi comportamiento e historial crediticio, incluida informaci&oacute;n positiva y negativa de mis h&aacute;bitos de pago y aquella que se refiere a la informaci&oacute;n personal necesaria para el estudio, an&aacute;lisis y eventual otorgamiento de cr&eacute;dito o celebraci&oacute;n de un contrato, sea en general administrada y en especial ,capturada, tratada, procesada, operada verificada y transmitida, transferida, usada opuesta en circulaci&oacute;n y consultada por terceras personas autorizadas expresamente para que la informaci&oacute;n sea concedida &nbsp;y reportada en la base de datos de DATACREDITO operada por DATACREDITO o cualquier otro. De la misma manera autorizo a DATACREDITO, como operador de la base de datos de PROCREDITO que tiene la finalidad estrictamente comercial, financiera, crediticia y de servicios, para que procese, opere y administre la informaci&oacute;n de la cual soy titular y para que la misma sea transferida y transmitida a usuarios, lo mismo que a otros operadores nacionales o extranjeros que tengan la misma finalidad que comprenda la que tiene DATACREDITO. Certifico que los datos personales suministrados por m&iacute;, son veraces, completos, exactos, actualizados, reales y comprobados. Por lo tanto, cualquier error en la informaci&oacute;n suministrada ser&aacute; de mi &uacute;nica y exclusiva responsabilidad. Lo que exonera a DATACREDITO de su responsabilidad ante las autoridades judiciales y /o administrativas. Declaro que he le&iacute;do y comprendido a cabalidad el contenido de la presente autorizaci&oacute;n y acepto la finalidad en ella descrita y las consecuencias que se derivan de ella.</p>\r\n<p style=\"text-align: justify;\"><strong>VIGESIMA NOVENA: VALOR Y PAGO DE PERJUICIOS.</strong> - El incumplimiento de las obligaciones contenidas en el presente contrato por parte del CONTRATISTA, dar&aacute; derecho a la EMPRESA para exigir sin ning&uacute;n requerimiento, el pago de perjuicios que se tasan en el equivalente a ocho (8) salarios m&iacute;nimos mensuales vigentes, este mismo valor se cobrara en el caso de terminaci&oacute;n del contrato de vinculaci&oacute;n de forma anticipada, en calidad de clausula penal.</p>\r\n<p style=\"text-align: justify;\"><strong>TRIGESIMA: CL&Aacute;USULA D&Eacute;CIMA. CONFIDENCIALIDAD</strong>: El Contratista se obliga a la m&aacute;s estricta confidencialidad y reserva sobre los t&eacute;rminos del presente contrato, as&iacute; como sobre cualquier otra informaci&oacute;n a la que tenga acceso como consecuencia de la ejecuci&oacute;n de este. Toda la informaci&oacute;n que suministre el Contratante o que por cualquier medio llegue a ser conocida por el Contratista con ocasi&oacute;n de la ejecuci&oacute;n del presente contrato, incluyendo informaci&oacute;n sobre cualquiera de las producciones de El Contratante, tendr&aacute; el car&aacute;cter de &ldquo;Confidencial&rdquo; o &ldquo;Privilegiado&rdquo;, a menos de que obtenga previamente la expresa autorizaci&oacute;n de El Contratante sobre el levantamiento de la reserva. El Contratista se obliga a adoptar las medidas necesarias para vigilar la informaci&oacute;n que reciba u obtenga, as&iacute; como para evitar su divulgaci&oacute;n, indebida o utilizaci&oacute;n o explotaci&oacute;n. Esta obligaci&oacute;n de reserva no ser&aacute; exigible respecto de las informaciones que sean de conocimiento p&uacute;blico en el momento de su divulgaci&oacute;n: por ejemplo, sean conocidas por El Contratista con anterioridad, conforme conste en sus registros escritos o hayan sido obtenidos o desarrollados en forma independiente por El Contratista, sin basarse en la informaci&oacute;n obtenida de El Contratante, o cuya divulgaci&oacute;n sea requerida por disposici&oacute;n legal u orden judicial. La obligaci&oacute;n contenida en esta cl&aacute;usula continuara en vigencia de manera indefinida, aunque el presente contrato, por cualquier causa, termine.&nbsp;</p>\r\n<p style=\"text-align: justify;\"><strong>TRIGESIMA PRIMERA: INTERPRETACI&Oacute;N DE SITUACIONES</strong>. - Si se admitieren, toleraren o presentaren hechos o situaciones que difieran de lo convenido en el presente contrato, no por eso se entender&aacute; revocaci&oacute;n, modificaci&oacute;n o novaci&oacute;n alguna del mismo, salvo acuerdo expreso por escrito de las partes.&nbsp;</p>\r\n<p style=\"text-align: justify;\"><strong>TRIGESIMA SEGUNDA: MEDIDAS DISCIPLINARIAS INTERNAS.</strong> - Con el prop&oacute;sito de prestar un mejor servicio en el transporte p&uacute;blico especial y sin perjuicio de lo dispuesto en el texto del presente contrato, LA EMPRESA podr&aacute; adoptar medidas disciplinarias de acuerdo a lo previsto en los Reglamentos de la Empresa y las normas sobre la materia.&nbsp;</p>\r\n<p style=\"text-align: justify;\"><strong>TRIGESIMA TERCERA: SOLUCI&Oacute;N DE CONFLICTOS</strong>. &ndash; En caso de que exista alg&uacute;n conflicto o diferencia con relaci&oacute;n a la relaci&oacute;n contractual, se procurara que primero se cite una reuni&oacute;n entre el propietario y la Gerencia para tratar de solucionar el conflicto; en caso de que no sea posible legar a un acuerdo, las partes tienen la libertad de acudir a la justicia ordinaria.&nbsp;</p>\r\n<p style=\"text-align: justify;\"><strong>TRIGESIMA CUARTA: SUSTITUCI&Oacute;N Y MANIFESTACIONES.</strong> - El presente contrato sustituye a cualquier otro (s) anterior (es), rigi&eacute;ndose las obligaciones bilaterales en adelante por este contrato. El contratista manifiesta que conoce y entiende, por lo cual adem&aacute;s acepta el contenido de cada una de las cl&aacute;usulas redactadas en el presente contrato, que lo ley&oacute; y le da su aprobaci&oacute;n.&nbsp;</p>\r\n<p style=\"text-align: justify;\"><strong>TRIG&Eacute;SIMA QUINTA: TITULO EJECUTIVO</strong>. Las obligaciones establecidas en este contrato a cargo de cada una de las Partes son claras, expresas y ser&aacute;n exigibles por la v&iacute;a ejecutiva por la parte acreedora, sin necesidad de requerimiento alguno, judicial o extrajudicialmente o constituci&oacute;n en mora frente a la otra, derechos &eacute;stos a los cuales renuncian las partes en su rec&iacute;proco beneficio y para ello bastar&aacute; la presentaci&oacute;n de este contrato, el cual prestar&aacute; el m&eacute;rito de t&iacute;tulo ejecutivo y la manifestaci&oacute;n de la parte acreedora del incumplimiento de la obligaci&oacute;n.&nbsp;</p>\r\n<p style=\"text-align: justify;\"><strong>TRIG&Eacute;SIMA SEXTA: PERFECCIONAMIENTO Y LEGALIZACION.</strong> El presente contrato se perfecciona con el cumplimiento de todos los requisitos estipulados, por lo que deja sin efecto cualquier otro contrato suscrito entre las partes con anterioridad que verse sobre el mismo objeto, en constancia de lo anterior y en se&ntilde;al de asentimiento se firma el presente documento en dos (2) ejemplares del mismo tenor, en la ciudad de Oca&ntilde;a el fechaFirmaContrato.<br><br></p>', CURRENT_TIMESTAMP, CURRENT_TIMESTAMP);

INSERT INTO `informaciongeneralpdf` (`ingpdfid`, `ingpdfnombre`, `ingpdftitulo`, `ingpdfcontenido`, `created_at`, `updated_at`) VALUES
(7, 'contratoModalidadColectivo', 'Servicio Público de Pasajeros en la Modalidad de Transporte Colectivo', '<p class=\"MsoNormal\" style=\"text-align: justify;\">Entre. La EMPRESA la Cooperativa de Transportadores Hacaritama, COOTRANSHACARITAMA Sociedad Legalmente&nbsp;constituida, e inscrita en el Registro Mercantil, quien para los efectos del presente contrato se denomina LA EMPRESA;&nbsp;debidamente representada por el se&ntilde;or <strong>nombreGerente</strong>, identificado con la c&eacute;dula de ciudadan&iacute;a No. documentoGerente expedida en ciudadExpDocumentoGerente, en adelante se llama LA EMPRESA y el mencionado en la parte inicial del contrato quien obra como propietario del automotor descrito inscrito en matricula, y quien en adelante se llamar&aacute; EL CONTRATISTA, porla otra parte; hacemos constar que hemos celebrado el contrato de administraci&oacute;n por afiliaci&oacute;n por la modalidad de afiliaci&oacute;n, el cual se rige por las siguientes cl&aacute;usulas: <strong>PRIMERA: OBJETO</strong>.El ASOCIADO presenta el siguiente que se referencia al inicio, el cual se declara libre de acci&oacute;n legal, pleitos pendientes, embargos judiciales, condiciones resolutorias y en general, cualquier otro gravamen. <strong>SEGUNDA</strong>: La duraci&oacute;n del presente contrato es por el t&eacute;rmino de un (1) a&ntilde;o a partir de su perfeccionamiento, dicho contrato no se prorroga de forma autom&aacute;tica, por lo que no es necesario dar preaviso a las partes con anterioridad a su vencimiento. <strong>TERCERA</strong>: El valor a pagar por la suscripci&oacute;n del presente contrato ser&aacute; lo acordado por los estatutos, acuerdos y reglamentos vigentes. <strong>CUARTA</strong>: La COOPERATIVA se obliga a colocar y mantener el plan de rodamiento que para este tipo de veh&iacute;culo le ha se&ntilde;alado el Ministerio de Transporte y/o autoridad competente. <strong>QUINTA</strong>: Los impuestos del veh&iacute;culo, multas, da&ntilde;os a terceros en caso de accidentes, servicios m&eacute;dicos, farmac&eacute;uticos, quir&uacute;rgicos, hospitalarios y dem&aacute;s que se ocasionen por el veh&iacute;culo, gastos de combustibles, dineros entregados, prestaciones sociales, salarios e indemnizaciones, seguros del conductor, entre otros, ser&aacute;n de cuenta exclusiva del asociado propietario del veh&iacute;culo. <strong>SEXTA</strong>: El ASOCIADO se compromete a cancelar en la planilla (cuota administrativa) el valor por concepto de servicios administrativos m&aacute;s el aporte social de conformidad con los estatutos vigentes de la cooperativa. <strong>S&Eacute;PTIMA</strong>: El ASOCIADO se responsabiliza de todas y cada una de las prestaciones sociales de sus trabajadores, manteniendo indemne a la COOPERATIVA de cualquier demanda, denuncia, queja o reclamo, teniendo en cuenta la relaci&oacute;n laboral es &uacute;nica y exclusiva entre el ASOCIADO y el CONDUCTOR del veh&iacute;culo vinculado. <strong>OCTAVA</strong>: El ASOCIADO ser&aacute; el &uacute;nico responsable, indemnizar&aacute; y mantendr&aacute; a la COOPERATIVA indemne y libre de todo tipo de P&eacute;rdidas causadas a la COOPERATIVA, a los ASOCIADOS, al Personal, a Otros ASOCIADOS y/o a terceras.<span style=\"mso-spacerun: yes;\">&nbsp;</span></p>\r\n<p class=\"MsoNormal\" style=\"text-align: justify;\">Personas, que sean imputables a los actos u omisiones del ASOCIADO, sus trabajadores y/o el Personal, o que se produzcan como consecuencia del incumplimiento del Contrato, de un Servicio, de los Permisos y/o de las Leyes Aplicables, pudiendo la COOPERATIVA cobrar, compensar o deducir cualquier P&eacute;rdida contra las sumas adeudadas o que lleguen a adeudarse al ASOCIADO bajo cualquier pago pendiente. <strong>NOVENA</strong>:&nbsp; En particular, y sin que ello implique limitaci&oacute;n alguna de lo previsto en la cl&aacute;usula anterior, el ASOCIADO ser&aacute; responsable y mantendr&aacute; al COOPERATIVA indemne frente a todo tipo de P&eacute;rdidas por: (i) cualquier incumplimiento de las Leyes Aplicables, los Permisos y/o de las obligaciones derivadas de actos administrativos expedidos por las Autoridades Competentes, y/o por cualquier afectaci&oacute;n o da&ntilde;o; (ii) P&eacute;rdidas relacionadas con Impuestos que den lugar a un proceso de fiscalizaci&oacute;n o reclamaci&oacute;n de cualquier tipo por parte de las Autoridades Competentes tributarias nacionales o locales, relacionadas con la ejecuci&oacute;n de este Contrato; (iii) cualquier sanci&oacute;n o condena impuesta por las Autoridades Competentes administrativas o judiciales en relaci&oacute;n con el incumplimiento de las obligaciones laborales y de seguridad social del ASOCIADO y sus trabajadores, as&iacute; como por cualquier reclamaci&oacute;n judicial o administrativa iniciada por el trabajador a cargo del ASOCIADO asignado a la ejecuci&oacute;n del Servicio, o por los causahabientes de dicho Personal. <strong>DECIMA</strong>: Las obligaciones de indemnidad del ASOCIADO frente a la COOPERATIVA estar&aacute;n sujetas a los mismos t&eacute;rminos que aquellos aplicables a la prescripci&oacute;n de las acciones correspondientes seg&uacute;n el tipo de reclamaci&oacute;n de que se trate. No obstante, en el evento en que, con posterioridad al vencimiento del correspondiente t&eacute;rmino de prescripci&oacute;n, la COOPERATIVA sea notificada acerca de reclamaciones por P&eacute;rdidas que hayan sido presentadas con anterioridad a dicho vencimiento por terceras Personas (incluyendo el Personal y las Autoridades Competentes), as&iacute; como por reclamaciones laborales a cargo del ASOCIADO, la COOPERATIVA tendr&aacute; un (1) a&ntilde;o m&aacute;s a partir de la fecha de vencimiento del respectivo t&eacute;rmino de prescripci&oacute;n para presentar al ASOCIADO una reclamaci&oacute;n bajo esta cl&aacute;usula con base en dichas reclamaciones. <strong>DECIMA PRIMERA</strong>: El ASOCIADO se compromete a estar h&aacute;bil para asistir a todas las asambleas y eventos cooperativos para los cuales sea citado, so pena de ser sancionado seg&uacute;n los reglamentos vigentes. <strong>DECIMA SEGUNDA</strong>: Ser&aacute; motivo de exclusi&oacute;n y posterior desvinculaci&oacute;n administrativa el asociado que cometa alguna causal de las contempladas en el art&iacute;culo 60 de los estatutos vigentes aprobados el 10 de marzo de 2019, el procedimiento para la desvinculaci&oacute;n se realizar&aacute; bajos los par&aacute;metros del art&iacute;culo 20 de los Estatutos en cuyo caso la Cooperativa dispondr&aacute; de la capacidad transportadora del veh&iacute;culo desvinculado. <strong>DECIMA TERCERA</strong>: La mora en el pago de las cuotas mensuales o de cualquier otra obligaci&oacute;n, causar&aacute; intereses moratorios equivalentes a la tasa m&aacute;xima legal autorizada. <strong>DECIMA CUARTA</strong>: El ASOCIADO se compromete a estar h&aacute;bil para asistir a todas las asambleas y eventos cooperativos para los cuales sea citado, so pena de ser sancionado seg&uacute;n los reglamentos vigentes. <strong>DECIMA QUINTA</strong>: ser&aacute; motivo de exclusi&oacute;n y posterior desvinculaci&oacute;n administrativa el asociado que cometa alguna causal de las contempladas en el art&iacute;culo 60 de los estatutos vigentes, el procedimiento para la desvinculaci&oacute;n se realizar&aacute; bajos los par&aacute;metros del art&iacute;culo 20 de los Estatutos, en cuyo caso la Cooperativa dispondr&aacute; de la capacidad transportadora del veh&iacute;culo desvinculado. <strong>DECIMA SEXTA</strong>: La mora en el pago de las cuotas mensuales o de cualquier otra obligaci&oacute;n, causar&aacute; intereses moratorios equivalentes a la tasa m&aacute;xima legal autorizada. <strong>DECIMA S&Eacute;PTIMA</strong>: El ASOCIADO se compromete con la COOPERATIVA a dar aviso inmediato de los cambios de direcci&oacute;n e informaci&oacute;n personal. <strong>DECIMA OCTAVA</strong>: Se aclara que la venta del veh&iacute;culo a terceros, no implica para el asociado vendedor la cesi&oacute;n de sus aportes sociales, ni dem&aacute;s compromisos econ&oacute;micos que pueda llegar a tener. Tampoco implica la venta la a capacidad transportadora, pues solamente el asociado tiene pleno dominio sobre el veh&iacute;culo. <strong>DECIMA NOVENA</strong>: Quien se constituya en nuevo propietario, debe asociarse a la cooperativa de inmediato para tener derecho a la utilizaci&oacute;n de la capacidad transportadora y se someter&aacute; a los requisitos y tr&aacute;mites de ingresos a la COOPERATIVA como nuevo asociado, reserv&aacute;ndose la COOPERATIVA los derechos de admisi&oacute;n. La capacidad transportadora ser&aacute; siempre de la COOPERATIVA quien tiene la postad de poderla asignar de forma temporal a quienes cumplan con los requisitos para ser asociado. <strong>VIG&Eacute;SIMA</strong>: El presente contrato se perfecciona con el cumplimiento de todos los requisitos estipulados, por lo que deja sin efecto cualquier otro contrato suscrito entre las partes con anterioridad que verse sobre el mismo objeto, en constancia de lo anterior y en se&ntilde;al de asentimiento se firma el presente documento en dos (2) ejemplares del mismo tenor, en la ciudad de Oca&ntilde;a el fechaFirmaContrato.</p>', CURRENT_TIMESTAMP, CURRENT_TIMESTAMP);

INSERT INTO `informaciongeneralpdf` (`ingpdfid`, `ingpdfnombre`, `ingpdftitulo`, `ingpdfcontenido`, `created_at`, `updated_at`) VALUES
(8, 'contratoModalidadMixto', 'Servicio Público de Pasajeros en la Modalidad de Transporte Mixto', '<p class=\"MsoNormal\" style=\"text-align: justify;\">Entre. La EMPRESA la Cooperativa de Transportadores Hacaritama, COOTRANSHACARITAMA Sociedad Legalmente&nbsp;constituida, e inscrita en el Registro Mercantil, quien para los efectos del presente contrato se denomina LA EMPRESA;&nbsp;debidamente representada por el se&ntilde;or <strong>nombreGerente</strong>, identificado con la c&eacute;dula de ciudadan&iacute;a No. documentoGerente expedida en ciudadExpDocumentoGerente, en adelante se llama LA EMPRESA y el mencionado en la parte inicial del contrato quien obra como propietario del automotor descrito inscrito en matricula, y quien en adelante se llamar&aacute; EL CONTRATISTA, porla otra parte; hacemos constar que hemos celebrado el contrato de administraci&oacute;n por afiliaci&oacute;n por la modalidad de afiliaci&oacute;n, el cual se rige por las siguientes cl&aacute;usulas: <strong>PRIMERA: OBJETO</strong>.El ASOCIADO presenta el siguiente que se referencia al inicio, el cual se declara libre de acci&oacute;n legal, pleitos pendientes, embargos judiciales, condiciones resolutorias y en general, cualquier otro gravamen. <strong>SEGUNDA</strong>: La duraci&oacute;n del presente contrato es por el t&eacute;rmino de un (1) a&ntilde;o a partir de su perfeccionamiento, dicho contrato no se prorroga de forma autom&aacute;tica, por lo que no es necesario dar preaviso a las partes con anterioridad a su vencimiento. <strong>TERCERA</strong>: El valor a pagar por la suscripci&oacute;n del presente contrato ser&aacute; lo acordado por los estatutos, acuerdos y reglamentos vigentes. <strong>CUARTA</strong>: La COOPERATIVA se obliga a colocar y mantener el plan de rodamiento que para este tipo de veh&iacute;culo le ha se&ntilde;alado el Ministerio de Transporte y/o autoridad competente. <strong>QUINTA</strong>: Los impuestos del veh&iacute;culo, multas, da&ntilde;os a terceros en caso de accidentes, servicios m&eacute;dicos, farmac&eacute;uticos, quir&uacute;rgicos, hospitalarios y dem&aacute;s que se ocasionen por el veh&iacute;culo, gastos de combustibles, dineros entregados, prestaciones sociales, salarios e indemnizaciones, seguros del conductor, entre otros, ser&aacute;n de cuenta exclusiva del asociado propietario del veh&iacute;culo. <strong>SEXTA</strong>: El ASOCIADO se compromete a cancelar en la planilla (cuota administrativa) el valor por concepto de servicios administrativos m&aacute;s el aporte social de conformidad con los estatutos vigentes de la cooperativa. <strong>S&Eacute;PTIMA</strong>: El ASOCIADO se responsabiliza de todas y cada una de las prestaciones sociales de sus trabajadores, manteniendo indemne a la COOPERATIVA de cualquier demanda, denuncia, queja o reclamo, teniendo en cuenta la relaci&oacute;n laboral es &uacute;nica y exclusiva entre el ASOCIADO y el CONDUCTOR del veh&iacute;culo vinculado. <strong>OCTAVA</strong>: El ASOCIADO ser&aacute; el &uacute;nico responsable, indemnizar&aacute; y mantendr&aacute; a la COOPERATIVA indemne y libre de todo tipo de P&eacute;rdidas causadas a la COOPERATIVA, a los ASOCIADOS, al Personal, a Otros ASOCIADOS y/o a terceras.<span style=\"mso-spacerun: yes;\">&nbsp;</span></p>\r\n<p class=\"MsoNormal\" style=\"text-align: justify;\">Personas, que sean imputables a los actos u omisiones del ASOCIADO, sus trabajadores y/o el Personal, o que se produzcan como consecuencia del incumplimiento del Contrato, de un Servicio, de los Permisos y/o de las Leyes Aplicables, pudiendo la COOPERATIVA cobrar, compensar o deducir cualquier P&eacute;rdida contra las sumas adeudadas o que lleguen a adeudarse al ASOCIADO bajo cualquier pago pendiente. <strong>NOVENA</strong>:&nbsp; En particular, y sin que ello implique limitaci&oacute;n alguna de lo previsto en la cl&aacute;usula anterior, el ASOCIADO ser&aacute; responsable y mantendr&aacute; al COOPERATIVA indemne frente a todo tipo de P&eacute;rdidas por: (i) cualquier incumplimiento de las Leyes Aplicables, los Permisos y/o de las obligaciones derivadas de actos administrativos expedidos por las Autoridades Competentes, y/o por cualquier afectaci&oacute;n o da&ntilde;o; (ii) P&eacute;rdidas relacionadas con Impuestos que den lugar a un proceso de fiscalizaci&oacute;n o reclamaci&oacute;n de cualquier tipo por parte de las Autoridades Competentes tributarias nacionales o locales, relacionadas con la ejecuci&oacute;n de este Contrato; (iii) cualquier sanci&oacute;n o condena impuesta por las Autoridades Competentes administrativas o judiciales en relaci&oacute;n con el incumplimiento de las obligaciones laborales y de seguridad social del ASOCIADO y sus trabajadores, as&iacute; como por cualquier reclamaci&oacute;n judicial o administrativa iniciada por el trabajador a cargo del ASOCIADO asignado a la ejecuci&oacute;n del Servicio, o por los causahabientes de dicho Personal. <strong>DECIMA</strong>: Las obligaciones de indemnidad del ASOCIADO frente a la COOPERATIVA estar&aacute;n sujetas a los mismos t&eacute;rminos que aquellos aplicables a la prescripci&oacute;n de las acciones correspondientes seg&uacute;n el tipo de reclamaci&oacute;n de que se trate. No obstante, en el evento en que, con posterioridad al vencimiento del correspondiente t&eacute;rmino de prescripci&oacute;n, la COOPERATIVA sea notificada acerca de reclamaciones por P&eacute;rdidas que hayan sido presentadas con anterioridad a dicho vencimiento por terceras Personas (incluyendo el Personal y las Autoridades Competentes), as&iacute; como por reclamaciones laborales a cargo del ASOCIADO, la COOPERATIVA tendr&aacute; un (1) a&ntilde;o m&aacute;s a partir de la fecha de vencimiento del respectivo t&eacute;rmino de prescripci&oacute;n para presentar al ASOCIADO una reclamaci&oacute;n bajo esta cl&aacute;usula con base en dichas reclamaciones. <strong>DECIMA PRIMERA</strong>: El ASOCIADO se compromete a estar h&aacute;bil para asistir a todas las asambleas y eventos cooperativos para los cuales sea citado, so pena de ser sancionado seg&uacute;n los reglamentos vigentes. <strong>DECIMA SEGUNDA</strong>: Ser&aacute; motivo de exclusi&oacute;n y posterior desvinculaci&oacute;n administrativa el asociado que cometa alguna causal de las contempladas en el art&iacute;culo 60 de los estatutos vigentes aprobados el 10 de marzo de 2019, el procedimiento para la desvinculaci&oacute;n se realizar&aacute; bajos los par&aacute;metros del art&iacute;culo 20 de los Estatutos en cuyo caso la Cooperativa dispondr&aacute; de la capacidad transportadora del veh&iacute;culo desvinculado. <strong>DECIMA TERCERA</strong>: La mora en el pago de las cuotas mensuales o de cualquier otra obligaci&oacute;n, causar&aacute; intereses moratorios equivalentes a la tasa m&aacute;xima legal autorizada. <strong>DECIMA CUARTA</strong>: El ASOCIADO se compromete a estar h&aacute;bil para asistir a todas las asambleas y eventos cooperativos para los cuales sea citado, so pena de ser sancionado seg&uacute;n los reglamentos vigentes. <strong>DECIMA QUINTA</strong>: ser&aacute; motivo de exclusi&oacute;n y posterior desvinculaci&oacute;n administrativa el asociado que cometa alguna causal de las contempladas en el art&iacute;culo 60 de los estatutos vigentes, el procedimiento para la desvinculaci&oacute;n se realizar&aacute; bajos los par&aacute;metros del art&iacute;culo 20 de los Estatutos, en cuyo caso la Cooperativa dispondr&aacute; de la capacidad transportadora del veh&iacute;culo desvinculado. <strong>DECIMA SEXTA</strong>: La mora en el pago de las cuotas mensuales o de cualquier otra obligaci&oacute;n, causar&aacute; intereses moratorios equivalentes a la tasa m&aacute;xima legal autorizada. <strong>DECIMA S&Eacute;PTIMA</strong>: El ASOCIADO se compromete con la COOPERATIVA a dar aviso inmediato de los cambios de direcci&oacute;n e informaci&oacute;n personal. <strong>DECIMA OCTAVA</strong>: Se aclara que la venta del veh&iacute;culo a terceros, no implica para el asociado vendedor la cesi&oacute;n de sus aportes sociales, ni dem&aacute;s compromisos econ&oacute;micos que pueda llegar a tener. Tampoco implica la venta la a capacidad transportadora, pues solamente el asociado tiene pleno dominio sobre el veh&iacute;culo. <strong>DECIMA NOVENA</strong>: Quien se constituya en nuevo propietario, debe asociarse a la cooperativa de inmediato para tener derecho a la utilizaci&oacute;n de la capacidad transportadora y se someter&aacute; a los requisitos y tr&aacute;mites de ingresos a la COOPERATIVA como nuevo asociado, reserv&aacute;ndose la COOPERATIVA los derechos de admisi&oacute;n. La capacidad transportadora ser&aacute; siempre de la COOPERATIVA quien tiene la postad de poderla asignar de forma temporal a quienes cumplan con los requisitos para ser asociado. <strong>VIG&Eacute;SIMA</strong>: El presente contrato se perfecciona con el cumplimiento de todos los requisitos estipulados, por lo que deja sin efecto cualquier otro contrato suscrito entre las partes con anterioridad que verse sobre el mismo objeto, en constancia de lo anterior y en se&ntilde;al de asentimiento se firma el presente documento en dos (2) ejemplares del mismo tenor, en la ciudad de Oca&ntilde;a el fechaFirmaContrato.</p>', CURRENT_TIMESTAMP, CURRENT_TIMESTAMP);
