
INSERT INTO `informacionnotificacioncorreo` (`innocoid`, `innoconombre`, `innocoasunto`, `innococontenido`, `innocoenviarpiepagina`, `innocoenviarcopia`, `created_at`, `updated_at`) VALUES
(1, 'piePaginaCorreo', 'Pie página correo', '<p style=\"text-align: justify;\"><strong>Para su inter&eacute;s</strong>:&nbsp;<br /><br /><span style=\"font-size: 10pt;\">1. Este correo fue generado autom&aacute;ticamente, por favor no responda a &eacute;l.</span><br /><span style=\"font-size: 10pt;\">2. La informaci&oacute;n contenida en esta comunicaci&oacute;n es confidencial y s&oacute;lo puede ser utilizada por la persona natural o jur&iacute;dica a la cual est&aacute; dirigida.</span><br /><span style=\"font-size: 10pt;\">3. Si no es el destinatario autorizado, cualquier retenci&oacute;n, difusi&oacute;n, distribuci&oacute;n o copia de este mensaje, se encuentra prohibida y sancionada por la ley.</span><br /><span style=\"font-size: 10pt;\">4. Si por error recibe este mensaje, favor reenviar y borrar el mensaje recibido inmediatamente\". (Resoluci&oacute;n No. 089 de 2003 - Reglamento para el uso de Internet y Correo Electr&oacute;nico en el AGN. Art&iacute;culo 3&deg; numeral 5.</span></p>', 0, 0, CURRENT_TIMESTAMP, CURRENT_TIMESTAMP),
(2, 'registroUsuario', '¡Bienvenido al CRM de siglaCooperativa!', '<p class=\"MsoNormal\" style=\"text-align: justify;\">Estimado <strong>nombreUsuario</strong>, Es un placer informarle que a partir de este momento, la <strong>nombreEmpresa </strong>ha implementado un nuevo y avanzado Sistema de Gesti&oacute;n de Relaciones con el Cliente (CRM). Este sistema ha sido dise&ntilde;ado para mejorar significativamente nuestros procesos internos y proporcionarle a usted, como usuario, una experiencia m&aacute;s eficiente y personalizada.<br><br></p>\r\n<p class=\"MsoNormal\" style=\"text-align: justify;\">A continuaci&oacute;n, encontrar&aacute; los detalles clave de esta actualizaci&oacute;n:<br><br></p>\r\n<p class=\"MsoNormal\">URL del Sistema: <strong><a href=\"urlSistema\" target=\"_blank\">urlSistema</a> </strong><br>Usuario del CRM: <strong>usuarioSistema</strong><br>Credenciales de acceso: <strong>contrasenaSistema</strong></p>\r\n<p class=\"MsoNormal\" style=\"text-align: justify;\"><br>Este nuevo CRM le permitir&aacute;:</p>\r\n<ul>\r\n<li class=\"MsoNormal\" style=\"text-align: justify;\">Acceder a su informaci&oacute;n y estado de cuenta de manera r&aacute;pida y sencilla.</li>\r\n<li class=\"MsoNormal\" style=\"text-align: justify;\">Realizar seguimiento de sus transacciones y solicitudes.</li>\r\n<li class=\"MsoNormal\" style=\"text-align: justify;\">Comunicarse de manera efectiva con nuestro equipo de trabajo.</li>\r\n<li class=\"MsoNormal\" style=\"text-align: justify;\">Acceder a servicios y recursos exclusivos para miembros de la Cooperativa.</li>\r\n<li class=\"MsoNormal\" style=\"text-align: justify;\">Le recomendamos que cambie su contrase&ntilde;a inicial despu&eacute;s de su primer inicio de sesi&oacute;n para garantizar la seguridad de su cuenta.</li>\r\n</ul>\r\n<p>Estamos comprometidos en brindarle un servicio de la m&aacute;s alta calidad, y creemos que esta actualizaci&oacute;n nos permitir&aacute; servirle de manera m&aacute;s efectiva. Si tiene alguna pregunta o necesita asistencia para familiarizarse con el nuevo sistema, no dude en ponerse en contacto con nuestro equipo de tecn&oacute;loga, quienes estar&aacute;n encantados de ayudarle.</p>\r\n<p class=\"MsoNormal\" style=\"text-align: justify;\">Agradecemos su confianza en la nombreEmpresa y esperamos que este nuevo CRM mejore su experiencia con nosotros. Estamos seguros de que encontrar&aacute; el sistema m&aacute;s intuitivo y &uacute;til.</p>\r\n<p class=\"MsoNormal\" style=\"text-align: justify;\">&nbsp;</p>\r\n<p class=\"MsoNormal\" style=\"text-align: justify;\">&iexcl;Bienvenido al futuro de la nombreEmpresa!</p>\r\n<p class=\"MsoNormal\" style=\"text-align: justify;\">&nbsp;</p>\r\n<p class=\"MsoNormal\" style=\"text-align: justify;\">Atentamente,</p>\r\n<p class=\"MsoNormal\" style=\"text-align: justify;\">&nbsp;</p>\r\n<p class=\"MsoNormal\"><strong>nombreGerente</strong><br><strong>Gerente general </strong><br><strong>nombreEmpresa</strong></p>\r\n<p>&nbsp;</p>', 1, 0, CURRENT_TIMESTAMP, CURRENT_TIMESTAMP),
(3, 'solicitaFirmaDocumento', 'Solicitud de firma para del documento con referencia numeroDocumental', '<p class=\"MsoNormal\" style=\"text-align: justify;\">Estimado <strong>nombreFeje</strong>, por medio de la presente me permito informar que se ha generado un documento importante que requiere su aprobaci&oacute;n y firma.</p>\r\n<p class=\"MsoNormal\" style=\"text-align: justify;\">Detalles del documento:</p>\r\n<p class=\"MsoNormal\" style=\"text-align: justify;\">Tipo de documento: <strong>tipoDocumental</strong><br>N&uacute;mero de documento: <strong>numeroDocumental</strong><br>Fecha de generaci&oacute;n: <strong>fechaDocumento</strong></p>\r\n<p class=\"MsoNormal\" style=\"text-align: justify;\">Por favor, revise el documento y proceda a firmarlo utilizando la plataforma de CRM de nuestra cooperativa. Si tiene alguna pregunta o inquietud sobre el contenido del documento o el proceso de firma, no dude en contactarme.</p>\r\n<p class=\"MsoNormal\" style=\"text-align: justify;\">Su cooperaci&oacute;n en este asunto es altamente apreciada y fundamental para avanzar en este proceso de manera oportuna.</p>\r\n<p class=\"MsoNormal\" style=\"text-align: justify;\">Quedo a su disposici&oacute;n para cualquier aclaraci&oacute;n adicional que pueda necesitar.<br><br></p>\r\n<p class=\"MsoNormal\" style=\"text-align: justify;\">Atentamente,<br><br></p>\r\n<p class=\"MsoNormal\" style=\"text-align: justify;\"><em><strong>nombreUsuario</strong></em><br><em><strong>cargoUsuario</strong></em></p>', 1, 0, CURRENT_TIMESTAMP, CURRENT_TIMESTAMP),
(4, 'anularSolicitudFirmaDocumento', 'Revisión y ajustes necesarios para documento con referencia numeroDocumental', '<p class=\"MsoNormal\" style=\"text-align: justify;\">Estimado <strong>nombreFeje</strong>, le informo que el documento <strong>tipoDocumental </strong>con el n&uacute;mero <strong>numeroDocumental</strong>, que est&aacute; programado para su firma, requiere algunos ajustes y revisiones antes de que podamos proceder con el proceso de firma.</p>\r\n<p class=\"MsoNormal\" style=\"text-align: justify;\">Detalles del documento:</p>\r\n<p class=\"MsoNormal\" style=\"text-align: justify;\">Tipo de documento: <strong>tipoDocumental</strong><br>N&uacute;mero de documento: <strong>numeroDocumental</strong><br>Fecha de generaci&oacute;n: <strong>fechaDocumento</strong></p>\r\n<p class=\"MsoNormal\" style=\"text-align: justify;\">Los ajustes necesarios est&aacute;n relacionados con &ldquo;<em>observacionAnulacionFirma</em>&rdquo;</p>\r\n<p class=\"MsoNormal\" style=\"text-align: justify;\">Tan pronto como realice los ajustes, estaremos listos para proceder con el proceso de firma.</p>\r\n<p class=\"MsoNormal\" style=\"text-align: justify;\">Quedo a su disposici&oacute;n para cualquier aclaraci&oacute;n adicional que pueda necesitar.<br><br></p>\r\n<p class=\"MsoNormal\" style=\"mso-margin-top-alt: auto; mso-margin-bottom-alt: auto; text-align: justify; line-height: normal;\"><span style=\"font-size: 12.0pt; font-family: \'Times New Roman\',serif; mso-fareast-font-family: \'Times New Roman\'; mso-font-kerning: 0pt; mso-ligatures: none; mso-fareast-language: ES-CO;\">Atentamente,<br><br></span></p>\r\n<p class=\"MsoNormal\" style=\"mso-margin-top-alt: auto; mso-margin-bottom-alt: auto; text-align: justify; line-height: normal;\"><strong><em>nombreUsuario</em></strong><br><strong><em>cargoUsuario</em></strong></p>', 1, 0, CURRENT_TIMESTAMP, CURRENT_TIMESTAMP),
(5, 'notificarEnvioDocumento', 'Envío de documento digital de la Cooperativa siglaCooperativa con referencia numeroDocumental', '<p style=\"text-align: justify;\">Estimado/a <strong>nombreUsuario</strong>,</p>\r\n<p style=\"text-align: justify;\">Por medio de la presente nos permitimos informar que la dependencia de <strong>nombreDependencia </strong>de la <strong>nombreEmpresa </strong>ha enviado un documento en formato digital. Este archivo adjunto contiene la informaci&oacute;n requerida y puede ser revisado en su dispositivo electr&oacute;nico.</p>\r\n<p style=\"text-align: justify;\"><br>Si tiene alguna pregunta o necesita asistencia adicional, no dude en ponerse en contacto con nuestro equipo de soporte.</p>\r\n<p style=\"text-align: justify;\"><br>Agradecemos su colaboraci&oacute;n.</p>\r\n<p style=\"text-align: justify;\">&nbsp;</p>\r\n<p>Atentamente,</p>\r\n<p>&nbsp;</p>\r\n<p><em><strong>jefeDependencia</strong></em><br><em><strong>nombreEmpresa</strong></em><br><em><strong>nombreDependencia</strong></em></p>', 1, 0, CURRENT_TIMESTAMP, CURRENT_TIMESTAMP),
(6, 'notificarFirmadoDocumento', 'Solicitud de token de verificación para el firmado del documento numeroDocumental', '<p class=\"MsoNormal\" style=\"text-align: justify;\">Estimado <strong>nombreJefe</strong>, para avanzar con el proceso de firma electr&oacute;nica del documento <strong>numeroDocumental</strong>, es necesario que ingrese el siguiente c&oacute;digo de verificaci&oacute;n:</p>\r\n<p class=\"MsoNormal\" style=\"text-align: justify;\"><strong>C&oacute;digo de Verificaci&oacute;n:&nbsp;<em>tokenAcceso</em></strong></p>\r\n<p class=\"MsoNormal\" style=\"text-align: justify;\"><br>Tenga en cuenta que este token de verificaci&oacute;n ser&aacute; v&aacute;lido durante los pr&oacute;ximos&nbsp;<strong>tiempoToken </strong>minutos. Si transcurre este tiempo sin completar el proceso, deber&aacute; solicitar un nuevo token.</p>\r\n<p class=\"MsoNormal\" style=\"text-align: justify;\">Por favor, acceda a nuestra plataforma y proporcione el token que le hemos proporcionado. Luego, haga clic en el bot&oacute;n de firma para completar el proceso.</p>\r\n<p class=\"MsoNormal\" style=\"text-align: justify;\">Gracias por su colaboraci&oacute;n y compromiso con la seguridad de nuestros servicios.</p>\r\n<p class=\"MsoNormal\" style=\"text-align: justify;\">&nbsp;</p>\r\n<p class=\"MsoNormal\" style=\"text-align: justify;\">Atentamente,</p>\r\n<p class=\"MsoNormal\" style=\"text-align: justify;\">&nbsp;</p>\r\n<p class=\"MsoNormal\" style=\"text-align: justify;\">Administrador del CRM</p>', 1, 0, CURRENT_TIMESTAMP, CURRENT_TIMESTAMP),
(7, 'notificarRegistroRadicado', 'Nuevo documento radicado en la Ventanilla Única Virtual con consecutivo numeroRadicado', '<p style=\"text-align: justify;\">Estimado <strong>nombreUsuario</strong>, agradecemos el uso del servicio prestado por la Ventanilla &Uacute;nica de la nombreEmpresa. Queremos informarle que su documento ha sido radicado con los siguientes detalles:</p>\r\n<p style=\"text-align: justify;\"><em>N&uacute;mero de radicado:&nbsp; &nbsp;<strong>numeroRadicado</strong></em><br><em>Fecha de radicado:&nbsp; &nbsp; &nbsp; &nbsp;<strong>fechaRadicado</strong></em><br><em>Destino:&nbsp; &nbsp; &nbsp; &nbsp; &nbsp; &nbsp; &nbsp; &nbsp; &nbsp; &nbsp; &nbsp; &nbsp; <strong>nombreDependencia</strong></em><br><em>Radicado por:&nbsp; &nbsp; &nbsp; &nbsp; &nbsp; &nbsp; &nbsp; &nbsp;<strong>nombreFuncionario</strong></em></p>\r\n<p style=\"text-align: justify;\">Le recordamos que la funci&oacute;n de la Ventanilla &Uacute;nica es recibir, radicar y redireccionar su solicitud, cumpliendo con los criterios b&aacute;sicos, ante la instancia correspondiente. La respuesta ser&aacute; proporcionada por la oficina indicada en su comunicaci&oacute;n.</p>\r\n<p style=\"text-align: justify;\">Quedamos a su disposici&oacute;n para cualquier consulta adicional.</p>\r\n<p style=\"text-align: justify;\">&nbsp;</p>\r\n<p style=\"text-align: justify;\">Atentamente,</p>\r\n<p style=\"text-align: justify;\">&nbsp;</p>\r\n<p style=\"text-align: justify;\">Ventanilla &Uacute;nica<br>nombreEmpresa</p>', 1, 0, CURRENT_TIMESTAMP, CURRENT_TIMESTAMP),
(8, 'notificarRadicadoDocumento', 'Nuevo documento radicado con consecutivo numeroRadicado', '<p style=\"text-align: justify;\">Estimado usuario de <strong>nombreDependencia</strong>, les informamos que ha llegado un nuevo documento a trav&eacute;s de la Ventanilla &Uacute;nica, el cual ha sido debidamente radicado con los siguientes detalles:</p>\r\n<p style=\"text-align: justify;\">Radicado:&nbsp; &nbsp; &nbsp; &nbsp; &nbsp; &nbsp; &nbsp; &nbsp; &nbsp; &nbsp; <strong>numeroRadicado</strong><br>Fecha de recepci&oacute;n:&nbsp; <strong>fechaRadicado</strong><br>Destino:&nbsp; &nbsp; &nbsp; &nbsp; &nbsp; &nbsp; &nbsp; &nbsp; &nbsp; &nbsp; &nbsp; &nbsp;<strong>nombreDependencia</strong><br>Radicado por:&nbsp; &nbsp; &nbsp; &nbsp; &nbsp; &nbsp; &nbsp; <strong>nombreFuncionario</strong></p>\r\n<p style=\"text-align: justify;\">Queremos recordarles que, de acuerdo con los procedimientos, se tiene un plazo de 15 d&iacute;as h&aacute;biles para proporcionar una respuesta a esta solicitud. Este plazo iniciar&aacute; a partir del d&iacute;a siguiente a la radicaci&oacute;n.</p>\r\n<p style=\"text-align: justify;\">Por favor, tomen en cuenta que para acceder al contenido completo, les recomendamos ingresar al nuestro CRM institucional.</p>\r\n<p style=\"text-align: justify;\">Agradecemos su compromiso y dedicaci&oacute;n en pro del mejoramiento continuo de nuestros procesos.</p>\r\n<p style=\"text-align: justify;\">&nbsp;</p>\r\n<p style=\"text-align: justify;\">Atentamente,</p>\r\n<p style=\"text-align: justify;\">&nbsp;</p>\r\n<p style=\"text-align: justify;\">Ventanilla &Uacute;nica<br>nombreEmpresa</p>\r\n<p style=\"text-align: justify;\">&nbsp;</p>', 1, 0, CURRENT_TIMESTAMP, CURRENT_TIMESTAMP),
(9, 'notificarFirmaTipoDocumental', 'Proceso de firmado exitoso del tipo documental tipoDocumental', '<p class=\"MsoNormal\" style=\"text-align: justify;\"><span lang=\"ES\" style=\"mso-ansi-language: ES;\">Estimado usuario de la dependencia <strong>nombreDependencia</strong>, por medio de la presente me permito informar que el tipo documental \"<strong>tipoDocumental</strong>\"&nbsp;<strong>&nbsp;</strong>ha sido correctamente firmado y est&aacute; listo para avanzar al siguiente paso en el proceso.</span></p>\r\n<p class=\"MsoNormal\" style=\"text-align: justify;\"><span lang=\"ES\" style=\"mso-ansi-language: ES;\">Por favor, procede con el sellamiento y cualquier otra acci&oacute;n necesaria para completar este proceso de manera satisfactoria.</span></p>\r\n<p class=\"MsoNormal\" style=\"text-align: justify;\"><span lang=\"ES\" style=\"mso-ansi-language: ES;\">Si tienes alguna pregunta o necesitas asistencia adicional, no dudes en contactarme. Agradezco tu atenci&oacute;n y dedicaci&oacute;n en este asunto.</span></p>\r\n<p class=\"MsoNormal\" style=\"text-align: justify;\">&nbsp;</p>\r\n<p class=\"MsoNormal\" style=\"text-align: justify;\"><span lang=\"ES\" style=\"mso-ansi-language: ES;\">Atentamente,<br><br></span></p>\r\n<p class=\"MsoNormal\"><em><strong><span lang=\"ES\" style=\"mso-ansi-language: ES;\">nombreJefe<br></span><span lang=\"ES\" style=\"mso-ansi-language: ES;\">cargoJefe</span></strong></em></p>', 1, 0, CURRENT_TIMESTAMP, CURRENT_TIMESTAMP);


INSERT INTO departamento (depaid, depacodigo, depanombre,created_at,updated_at) VALUES
(1, '05', 'Antioquia', CURRENT_TIMESTAMP, CURRENT_TIMESTAMP),
(2, '08', 'Atlántico', CURRENT_TIMESTAMP, CURRENT_TIMESTAMP),
(3, '11', 'Bogotá' ,CURRENT_TIMESTAMP, CURRENT_TIMESTAMP),
(4, '13', 'Bolivar' ,CURRENT_TIMESTAMP, CURRENT_TIMESTAMP),
(5, '15', 'Boyaca' ,CURRENT_TIMESTAMP, CURRENT_TIMESTAMP),
(6, '17', 'Caldas' ,CURRENT_TIMESTAMP, CURRENT_TIMESTAMP),
(7, '18', 'Caquetá' ,CURRENT_TIMESTAMP, CURRENT_TIMESTAMP),
(8, '19', 'Cauca' ,CURRENT_TIMESTAMP, CURRENT_TIMESTAMP),
(9, '20', 'Cesar' ,CURRENT_TIMESTAMP, CURRENT_TIMESTAMP),
(10, '23', 'Cordoba' ,CURRENT_TIMESTAMP, CURRENT_TIMESTAMP),
(11, '25', 'Cundinamarca' ,CURRENT_TIMESTAMP, CURRENT_TIMESTAMP),
(12, '27', 'Chocó' ,CURRENT_TIMESTAMP, CURRENT_TIMESTAMP),
(13, '41', 'Huila' ,CURRENT_TIMESTAMP, CURRENT_TIMESTAMP),
(14, '44', 'La Guajira' ,CURRENT_TIMESTAMP, CURRENT_TIMESTAMP),
(15, '47', 'Magdalena' ,CURRENT_TIMESTAMP, CURRENT_TIMESTAMP),
(16, '50', 'Meta' ,CURRENT_TIMESTAMP, CURRENT_TIMESTAMP),
(17, '52', 'Nariño' ,CURRENT_TIMESTAMP, CURRENT_TIMESTAMP),
(18, '54', 'Norte de Santander' ,CURRENT_TIMESTAMP, CURRENT_TIMESTAMP),
(19, '63', 'Quindio' ,CURRENT_TIMESTAMP, CURRENT_TIMESTAMP),
(20, '66', 'Risaralda' ,CURRENT_TIMESTAMP, CURRENT_TIMESTAMP),
(21, '68', 'Santander' ,CURRENT_TIMESTAMP, CURRENT_TIMESTAMP),
(22, '70', 'Sucre' ,CURRENT_TIMESTAMP, CURRENT_TIMESTAMP),
(23, '73', 'Tolima' ,CURRENT_TIMESTAMP, CURRENT_TIMESTAMP),
(24, '76', 'Valle del Cauca' ,CURRENT_TIMESTAMP, CURRENT_TIMESTAMP),
(25, '81', 'Arauca' ,CURRENT_TIMESTAMP, CURRENT_TIMESTAMP),
(26, '85', 'Casanare' ,CURRENT_TIMESTAMP, CURRENT_TIMESTAMP),
(27, '86', 'Putumayo' ,CURRENT_TIMESTAMP, CURRENT_TIMESTAMP),
(28, '88', 'San Andrés' ,CURRENT_TIMESTAMP, CURRENT_TIMESTAMP),
(29, '91', 'Amazonas' ,CURRENT_TIMESTAMP, CURRENT_TIMESTAMP),
(30, '94', 'Guainia' ,CURRENT_TIMESTAMP, CURRENT_TIMESTAMP),
(31, '95', 'Guaviare' ,CURRENT_TIMESTAMP, CURRENT_TIMESTAMP),
(32, '97', 'Vaupes' ,CURRENT_TIMESTAMP, CURRENT_TIMESTAMP),
(33, '99', 'Vichada', CURRENT_TIMESTAMP, CURRENT_TIMESTAMP);


INSERT INTO municipio (muniid, munidepaid, municodigo, muninombre,created_at,updated_at) VALUES
(1, 1, '05001', 'Medellin' ,CURRENT_TIMESTAMP, CURRENT_TIMESTAMP),
(2, 1, '05002', 'Abejorral' ,CURRENT_TIMESTAMP, CURRENT_TIMESTAMP),
(3, 1, '05004', 'Abriaqui' ,CURRENT_TIMESTAMP, CURRENT_TIMESTAMP),
(4, 1, '05021', 'Alejandria' ,CURRENT_TIMESTAMP, CURRENT_TIMESTAMP),
(5, 1, '05030', 'Amaga' ,CURRENT_TIMESTAMP, CURRENT_TIMESTAMP),
(6, 1, '05031', 'Amalfi' ,CURRENT_TIMESTAMP, CURRENT_TIMESTAMP),
(7, 1, '05034', 'Andes' ,CURRENT_TIMESTAMP, CURRENT_TIMESTAMP),
(8, 1, '05036', 'Angelopolis' ,CURRENT_TIMESTAMP, CURRENT_TIMESTAMP),
(9, 1, '05038', 'Angostura' ,CURRENT_TIMESTAMP, CURRENT_TIMESTAMP),
(10, 1, '05040', 'Anori' ,CURRENT_TIMESTAMP, CURRENT_TIMESTAMP),
(11, 1, '05042', 'Santafe de Antioquia' ,CURRENT_TIMESTAMP, CURRENT_TIMESTAMP),
(12, 1, '05044', 'Anza' ,CURRENT_TIMESTAMP, CURRENT_TIMESTAMP),
(13, 1, '05045', 'Apartado' ,CURRENT_TIMESTAMP, CURRENT_TIMESTAMP),
(14, 1, '05051', 'Arboletes' ,CURRENT_TIMESTAMP, CURRENT_TIMESTAMP),
(15, 1, '05055', 'Argelia' ,CURRENT_TIMESTAMP, CURRENT_TIMESTAMP),
(16, 1, '05059', 'Armenia' ,CURRENT_TIMESTAMP, CURRENT_TIMESTAMP),
(17, 1, '05079', 'Barbosa' ,CURRENT_TIMESTAMP, CURRENT_TIMESTAMP),
(18, 1, '05086', 'Belmira' ,CURRENT_TIMESTAMP, CURRENT_TIMESTAMP),
(19, 1, '05088', 'Bello' ,CURRENT_TIMESTAMP, CURRENT_TIMESTAMP),
(20, 1, '05091', 'Betania' ,CURRENT_TIMESTAMP, CURRENT_TIMESTAMP),
(21, 1, '05093', 'Betulia' ,CURRENT_TIMESTAMP, CURRENT_TIMESTAMP),
(22, 1, '05101', 'Ciudad Bolivar' ,CURRENT_TIMESTAMP, CURRENT_TIMESTAMP),
(23, 1, '05107', 'Briceño' ,CURRENT_TIMESTAMP, CURRENT_TIMESTAMP),
(24, 1, '05113', 'Buritica' ,CURRENT_TIMESTAMP, CURRENT_TIMESTAMP),
(25, 1, '05120', 'Caceres' ,CURRENT_TIMESTAMP, CURRENT_TIMESTAMP),
(26, 1, '05125', 'Caicedo' ,CURRENT_TIMESTAMP, CURRENT_TIMESTAMP),
(27, 1, '05129', 'Caldas' ,CURRENT_TIMESTAMP, CURRENT_TIMESTAMP),
(28, 1, '05134', 'Campamento' ,CURRENT_TIMESTAMP, CURRENT_TIMESTAMP),
(29, 1, '05138', 'Cañasgordas' ,CURRENT_TIMESTAMP, CURRENT_TIMESTAMP),
(30, 1, '05142', 'Caracoli' ,CURRENT_TIMESTAMP, CURRENT_TIMESTAMP),
(31, 1, '05145', 'Caramanta' ,CURRENT_TIMESTAMP, CURRENT_TIMESTAMP),
(32, 1, '05147', 'Carepa' ,CURRENT_TIMESTAMP, CURRENT_TIMESTAMP),
(33, 1, '05148', 'El Carmen de Viboral' ,CURRENT_TIMESTAMP, CURRENT_TIMESTAMP),
(34, 1, '05150', 'Carolina' ,CURRENT_TIMESTAMP, CURRENT_TIMESTAMP),
(35, 1, '05154', 'Caucasia' ,CURRENT_TIMESTAMP, CURRENT_TIMESTAMP),
(36, 1, '05172', 'Chigorodo' ,CURRENT_TIMESTAMP, CURRENT_TIMESTAMP),
(37, 1, '05190', 'Cisneros' ,CURRENT_TIMESTAMP, CURRENT_TIMESTAMP),
(38, 1, '05197', 'Cocorna' ,CURRENT_TIMESTAMP, CURRENT_TIMESTAMP),
(39, 1, '05206', 'Concepcion' ,CURRENT_TIMESTAMP, CURRENT_TIMESTAMP),
(40, 1, '05209', 'Concordia' ,CURRENT_TIMESTAMP, CURRENT_TIMESTAMP),
(41, 1, '05212', 'Copacabana' ,CURRENT_TIMESTAMP, CURRENT_TIMESTAMP),
(42, 1, '05234', 'Dabeiba' ,CURRENT_TIMESTAMP, CURRENT_TIMESTAMP),
(43, 1, '05237', 'Don Matias' ,CURRENT_TIMESTAMP, CURRENT_TIMESTAMP),
(44, 1, '05240', 'Ebejico' ,CURRENT_TIMESTAMP, CURRENT_TIMESTAMP),
(45, 1, '05250', 'El Bagre' ,CURRENT_TIMESTAMP, CURRENT_TIMESTAMP),
(46, 1, '05264', 'Entrerrios' ,CURRENT_TIMESTAMP, CURRENT_TIMESTAMP),
(47, 1, '05266', 'Envigado' ,CURRENT_TIMESTAMP, CURRENT_TIMESTAMP),
(48, 1, '05282', 'Fredonia' ,CURRENT_TIMESTAMP, CURRENT_TIMESTAMP),
(49, 1, '05284', 'Frontino' ,CURRENT_TIMESTAMP, CURRENT_TIMESTAMP),
(50, 1, '05306', 'Giraldo' ,CURRENT_TIMESTAMP, CURRENT_TIMESTAMP),
(51, 1, '05308', 'Girardota' ,CURRENT_TIMESTAMP, CURRENT_TIMESTAMP),
(52, 1, '05310', 'Gomez Plata' ,CURRENT_TIMESTAMP, CURRENT_TIMESTAMP),
(53, 1, '05313', 'Granada' ,CURRENT_TIMESTAMP, CURRENT_TIMESTAMP),
(54, 1, '05315', 'Guadalupe' ,CURRENT_TIMESTAMP, CURRENT_TIMESTAMP),
(55, 1, '05318', 'Guarne' ,CURRENT_TIMESTAMP, CURRENT_TIMESTAMP),
(56, 1, '05321', 'Guatape' ,CURRENT_TIMESTAMP, CURRENT_TIMESTAMP),
(57, 1, '05347', 'Heliconia' ,CURRENT_TIMESTAMP, CURRENT_TIMESTAMP),
(58, 1, '05353', 'Hispania' ,CURRENT_TIMESTAMP, CURRENT_TIMESTAMP),
(59, 1, '05360', 'Itagui' ,CURRENT_TIMESTAMP, CURRENT_TIMESTAMP),
(60, 1, '05361', 'Ituango' ,CURRENT_TIMESTAMP, CURRENT_TIMESTAMP),
(61, 1, '05364', 'Jardin' ,CURRENT_TIMESTAMP, CURRENT_TIMESTAMP),
(62, 1, '05368', 'Jerico' ,CURRENT_TIMESTAMP, CURRENT_TIMESTAMP),
(63, 1, '05376', 'La Ceja' ,CURRENT_TIMESTAMP, CURRENT_TIMESTAMP),
(64, 1, '05380', 'La Estrella' ,CURRENT_TIMESTAMP, CURRENT_TIMESTAMP),
(65, 1, '05390', 'La Pintada' ,CURRENT_TIMESTAMP, CURRENT_TIMESTAMP),
(66, 1, '05400', 'La Union' ,CURRENT_TIMESTAMP, CURRENT_TIMESTAMP),
(67, 1, '05411', 'Liborina' ,CURRENT_TIMESTAMP, CURRENT_TIMESTAMP),
(68, 1, '05425', 'Maceo' ,CURRENT_TIMESTAMP, CURRENT_TIMESTAMP),
(69, 1, '05440', 'Marinilla' ,CURRENT_TIMESTAMP, CURRENT_TIMESTAMP),
(70, 1, '05467', 'Montebello' ,CURRENT_TIMESTAMP, CURRENT_TIMESTAMP),
(71, 1, '05475', 'Murindo' ,CURRENT_TIMESTAMP, CURRENT_TIMESTAMP),
(72, 1, '05480', 'Mutata' ,CURRENT_TIMESTAMP, CURRENT_TIMESTAMP),
(73, 1, '05483', 'Nariño' ,CURRENT_TIMESTAMP, CURRENT_TIMESTAMP),
(74, 1, '05490', 'Necocli' ,CURRENT_TIMESTAMP, CURRENT_TIMESTAMP),
(75, 1, '05495', 'Nechi' ,CURRENT_TIMESTAMP, CURRENT_TIMESTAMP),
(76, 1, '05501', 'Olaya' ,CURRENT_TIMESTAMP, CURRENT_TIMESTAMP),
(77, 1, '05541', 'Peðol' ,CURRENT_TIMESTAMP, CURRENT_TIMESTAMP),
(78, 1, '05543', 'Peque' ,CURRENT_TIMESTAMP, CURRENT_TIMESTAMP),
(79, 1, '05576', 'Pueblorrico' ,CURRENT_TIMESTAMP, CURRENT_TIMESTAMP),
(80, 1, '05579', 'Puerto Berrio' ,CURRENT_TIMESTAMP, CURRENT_TIMESTAMP),
(81, 1, '05585', 'Puerto Nare' ,CURRENT_TIMESTAMP, CURRENT_TIMESTAMP),
(82, 1, '05591', 'Puerto Triunfo' ,CURRENT_TIMESTAMP, CURRENT_TIMESTAMP),
(83, 1, '05604', 'Remedios' ,CURRENT_TIMESTAMP, CURRENT_TIMESTAMP),
(84, 1, '05607', 'Retiro' ,CURRENT_TIMESTAMP, CURRENT_TIMESTAMP),
(85, 1, '05615', 'Rionegro' ,CURRENT_TIMESTAMP, CURRENT_TIMESTAMP),
(86, 1, '05628', 'Sabanalarga' ,CURRENT_TIMESTAMP, CURRENT_TIMESTAMP),
(87, 1, '05631', 'Sabaneta' ,CURRENT_TIMESTAMP, CURRENT_TIMESTAMP),
(88, 1, '05642', 'Salgar' ,CURRENT_TIMESTAMP, CURRENT_TIMESTAMP),
(89, 1, '05647', 'San Andres De Cuerquia' ,CURRENT_TIMESTAMP, CURRENT_TIMESTAMP),
(90, 1, '05649', 'San Carlos' ,CURRENT_TIMESTAMP, CURRENT_TIMESTAMP),
(91, 1, '05652', 'San Francisco' ,CURRENT_TIMESTAMP, CURRENT_TIMESTAMP),
(92, 1, '05656', 'San Jeronimo' ,CURRENT_TIMESTAMP, CURRENT_TIMESTAMP),
(93, 1, '05658', 'San Jose De La Montaña' ,CURRENT_TIMESTAMP, CURRENT_TIMESTAMP),
(94, 1, '05659', 'San Juan De Uraba' ,CURRENT_TIMESTAMP, CURRENT_TIMESTAMP),
(95, 1, '05660', 'San Luis' ,CURRENT_TIMESTAMP, CURRENT_TIMESTAMP),
(96, 1, '05664', 'San Pedro' ,CURRENT_TIMESTAMP, CURRENT_TIMESTAMP),
(97, 1, '05665', 'San Pedro De Uraba' ,CURRENT_TIMESTAMP, CURRENT_TIMESTAMP),
(98, 1, '05667', 'San Rafael' ,CURRENT_TIMESTAMP, CURRENT_TIMESTAMP),
(99, 1, '05670', 'San Roque' ,CURRENT_TIMESTAMP, CURRENT_TIMESTAMP),
(100, 1, '05674', 'San Vicente' ,CURRENT_TIMESTAMP, CURRENT_TIMESTAMP),
(101, 1, '05679', 'Santa Barbara' ,CURRENT_TIMESTAMP, CURRENT_TIMESTAMP),
(102, 1, '05686', 'Santa Rosa De Osos' ,CURRENT_TIMESTAMP, CURRENT_TIMESTAMP),
(103, 1, '05690', 'Santo Domingo' ,CURRENT_TIMESTAMP, CURRENT_TIMESTAMP),
(104, 1, '05697', 'El Santuario' ,CURRENT_TIMESTAMP, CURRENT_TIMESTAMP),
(105, 1, '05736', 'Segovia' ,CURRENT_TIMESTAMP, CURRENT_TIMESTAMP),
(106, 1, '05756', 'Sonson' ,CURRENT_TIMESTAMP, CURRENT_TIMESTAMP),
(107, 1, '05761', 'Sopetran' ,CURRENT_TIMESTAMP, CURRENT_TIMESTAMP),
(108, 1, '05789', 'Tamesis' ,CURRENT_TIMESTAMP, CURRENT_TIMESTAMP),
(109, 1, '05790', 'Taraza' ,CURRENT_TIMESTAMP, CURRENT_TIMESTAMP),
(110, 1, '05792', 'Tarso' ,CURRENT_TIMESTAMP, CURRENT_TIMESTAMP),
(111, 1, '05809', 'Titiribi' ,CURRENT_TIMESTAMP, CURRENT_TIMESTAMP),
(112, 1, '05819', 'Toledo' ,CURRENT_TIMESTAMP, CURRENT_TIMESTAMP),
(113, 1, '05837', 'Turbo' ,CURRENT_TIMESTAMP, CURRENT_TIMESTAMP),
(114, 1, '05842', 'Uramita' ,CURRENT_TIMESTAMP, CURRENT_TIMESTAMP),
(115, 1, '05847', 'Urrao' ,CURRENT_TIMESTAMP, CURRENT_TIMESTAMP),
(116, 1, '05854', 'Valdivia' ,CURRENT_TIMESTAMP, CURRENT_TIMESTAMP),
(117, 1, '05856', 'Valparaiso' ,CURRENT_TIMESTAMP, CURRENT_TIMESTAMP),
(118, 1, '05858', 'Vegachi' ,CURRENT_TIMESTAMP, CURRENT_TIMESTAMP),
(119, 1, '05861', 'Venecia' ,CURRENT_TIMESTAMP, CURRENT_TIMESTAMP),
(120, 1, '05873', 'Vigia Del Fuerte' ,CURRENT_TIMESTAMP, CURRENT_TIMESTAMP),
(121, 1, '05885', 'Yali' ,CURRENT_TIMESTAMP, CURRENT_TIMESTAMP),
(122, 1, '05887', 'Yarumal' ,CURRENT_TIMESTAMP, CURRENT_TIMESTAMP),
(123, 1, '05890', 'Yolombo' ,CURRENT_TIMESTAMP, CURRENT_TIMESTAMP),
(124, 1, '05893', 'Yondo' ,CURRENT_TIMESTAMP, CURRENT_TIMESTAMP),
(125, 1, '05895', 'Zaragoza' ,CURRENT_TIMESTAMP, CURRENT_TIMESTAMP),
(126, 2, '08001', 'Barranquilla' ,CURRENT_TIMESTAMP, CURRENT_TIMESTAMP),
(127, 2, '08078', 'Baranoa' ,CURRENT_TIMESTAMP, CURRENT_TIMESTAMP),
(128, 2, '08137', 'Campo De La Cruz' ,CURRENT_TIMESTAMP, CURRENT_TIMESTAMP),
(129, 2, '08141', 'Candelaria' ,CURRENT_TIMESTAMP, CURRENT_TIMESTAMP),
(130, 2, '08296', 'Galapa' ,CURRENT_TIMESTAMP, CURRENT_TIMESTAMP),
(131, 2, '08372', 'Juan De Acosta' ,CURRENT_TIMESTAMP, CURRENT_TIMESTAMP),
(132, 2, '08421', 'Luruaco' ,CURRENT_TIMESTAMP, CURRENT_TIMESTAMP),
(133, 2, '08433', 'Malambo' ,CURRENT_TIMESTAMP, CURRENT_TIMESTAMP),
(134, 2, '08436', 'Manati' ,CURRENT_TIMESTAMP, CURRENT_TIMESTAMP),
(135, 2, '08520', 'Palmar De Varela' ,CURRENT_TIMESTAMP, CURRENT_TIMESTAMP),
(136, 2, '08549', 'Piojo' ,CURRENT_TIMESTAMP, CURRENT_TIMESTAMP),
(137, 2, '08558', 'Polonuevo' ,CURRENT_TIMESTAMP, CURRENT_TIMESTAMP),
(138, 2, '08560', 'Ponedera' ,CURRENT_TIMESTAMP, CURRENT_TIMESTAMP),
(139, 2, '08573', 'Puerto Colombia' ,CURRENT_TIMESTAMP, CURRENT_TIMESTAMP),
(140, 2, '08606', 'Repelon' ,CURRENT_TIMESTAMP, CURRENT_TIMESTAMP),
(141, 2, '08634', 'Sabanagrande' ,CURRENT_TIMESTAMP, CURRENT_TIMESTAMP),
(142, 2, '08638', 'Sabanalarga' ,CURRENT_TIMESTAMP, CURRENT_TIMESTAMP),
(143, 2, '08675', 'Santa Lucia' ,CURRENT_TIMESTAMP, CURRENT_TIMESTAMP),
(144, 2, '08685', 'Santo Tomas' ,CURRENT_TIMESTAMP, CURRENT_TIMESTAMP),
(145, 2, '08758', 'Soledad' ,CURRENT_TIMESTAMP, CURRENT_TIMESTAMP),
(146, 2, '08770', 'Suan' ,CURRENT_TIMESTAMP, CURRENT_TIMESTAMP),
(147, 2, '08832', 'Tubara' ,CURRENT_TIMESTAMP, CURRENT_TIMESTAMP),
(148, 2, '08849', 'Usiacuri' ,CURRENT_TIMESTAMP, CURRENT_TIMESTAMP),
(149, 3, '11001', 'Bogotá, D.C.' ,CURRENT_TIMESTAMP, CURRENT_TIMESTAMP),
(150, 4, '13001', 'Cartagena' ,CURRENT_TIMESTAMP, CURRENT_TIMESTAMP),
(151, 4, '13006', 'Achi' ,CURRENT_TIMESTAMP, CURRENT_TIMESTAMP),
(152, 4, '13030', 'Altos Del Rosario' ,CURRENT_TIMESTAMP, CURRENT_TIMESTAMP),
(153, 4, '13042', 'Arenal' ,CURRENT_TIMESTAMP, CURRENT_TIMESTAMP),
(154, 4, '13052', 'Arjona' ,CURRENT_TIMESTAMP, CURRENT_TIMESTAMP),
(155, 4, '13062', 'Arroyohondo' ,CURRENT_TIMESTAMP, CURRENT_TIMESTAMP),
(156, 4, '13074', 'Barranco De Loba' ,CURRENT_TIMESTAMP, CURRENT_TIMESTAMP),
(157, 4, '13140', 'Calamar' ,CURRENT_TIMESTAMP, CURRENT_TIMESTAMP),
(158, 4, '13160', 'Cantagallo' ,CURRENT_TIMESTAMP, CURRENT_TIMESTAMP),
(159, 4, '13188', 'Cicuco' ,CURRENT_TIMESTAMP, CURRENT_TIMESTAMP),
(160, 4, '13212', 'Cordoba' ,CURRENT_TIMESTAMP, CURRENT_TIMESTAMP),
(161, 4, '13222', 'Clemencia' ,CURRENT_TIMESTAMP, CURRENT_TIMESTAMP),
(162, 4, '13244', 'El Carmen De Bolivar' ,CURRENT_TIMESTAMP, CURRENT_TIMESTAMP),
(163, 4, '13248', 'El Guamo' ,CURRENT_TIMESTAMP, CURRENT_TIMESTAMP),
(164, 4, '13268', 'El Peñon' ,CURRENT_TIMESTAMP, CURRENT_TIMESTAMP),
(165, 4, '13300', 'Hatillo De Loba' ,CURRENT_TIMESTAMP, CURRENT_TIMESTAMP),
(166, 4, '13430', 'Magangue' ,CURRENT_TIMESTAMP, CURRENT_TIMESTAMP),
(167, 4, '13433', 'Mahates' ,CURRENT_TIMESTAMP, CURRENT_TIMESTAMP),
(168, 4, '13440', 'Margarita' ,CURRENT_TIMESTAMP, CURRENT_TIMESTAMP),
(169, 4, '13442', 'Maria La Baja' ,CURRENT_TIMESTAMP, CURRENT_TIMESTAMP),
(170, 4, '13458', 'Montecristo' ,CURRENT_TIMESTAMP, CURRENT_TIMESTAMP),
(171, 4, '13468', 'Mompos' ,CURRENT_TIMESTAMP, CURRENT_TIMESTAMP),
(172, 4, '13490', 'Norosi' ,CURRENT_TIMESTAMP, CURRENT_TIMESTAMP),
(173, 4, '13473', 'Morales' ,CURRENT_TIMESTAMP, CURRENT_TIMESTAMP),
(174, 4, '13549', 'Pinillos' ,CURRENT_TIMESTAMP, CURRENT_TIMESTAMP),
(175, 4, '13580', 'Regidor' ,CURRENT_TIMESTAMP, CURRENT_TIMESTAMP),
(176, 4, '13600', 'Rio Viejo' ,CURRENT_TIMESTAMP, CURRENT_TIMESTAMP),
(177, 4, '13620', 'San Cristobal' ,CURRENT_TIMESTAMP, CURRENT_TIMESTAMP),
(178, 4, '13647', 'San Estanislao' ,CURRENT_TIMESTAMP, CURRENT_TIMESTAMP),
(179, 4, '13650', 'San Fernando' ,CURRENT_TIMESTAMP, CURRENT_TIMESTAMP),
(180, 4, '13654', 'San Jacinto' ,CURRENT_TIMESTAMP, CURRENT_TIMESTAMP),
(181, 4, '13655', 'San Jacinto del Cauca' ,CURRENT_TIMESTAMP, CURRENT_TIMESTAMP),
(182, 4, '13657', 'San Juan Nepomuceno' ,CURRENT_TIMESTAMP, CURRENT_TIMESTAMP),
(183, 4, '13667', 'San Martin de Loba' ,CURRENT_TIMESTAMP, CURRENT_TIMESTAMP),
(184, 4, '13670', 'San Pablo' ,CURRENT_TIMESTAMP, CURRENT_TIMESTAMP),
(185, 4, '13673', 'Santa Catalina' ,CURRENT_TIMESTAMP, CURRENT_TIMESTAMP),
(186, 4, '13683', 'Santa Rosa' ,CURRENT_TIMESTAMP, CURRENT_TIMESTAMP),
(187, 4, '13688', 'Santa Rosa del Sur' ,CURRENT_TIMESTAMP, CURRENT_TIMESTAMP),
(188, 4, '13744', 'Simiti' ,CURRENT_TIMESTAMP, CURRENT_TIMESTAMP),
(189, 4, '13760', 'Soplaviento' ,CURRENT_TIMESTAMP, CURRENT_TIMESTAMP),
(190, 4, '13780', 'Talaigua Nuevo' ,CURRENT_TIMESTAMP, CURRENT_TIMESTAMP),
(191, 4, '13810', 'Tiquisio' ,CURRENT_TIMESTAMP, CURRENT_TIMESTAMP),
(192, 4, '13836', 'Turbaco' ,CURRENT_TIMESTAMP, CURRENT_TIMESTAMP),
(193, 4, '13838', 'Turbana' ,CURRENT_TIMESTAMP, CURRENT_TIMESTAMP),
(194, 4, '13873', 'Villanueva' ,CURRENT_TIMESTAMP, CURRENT_TIMESTAMP),
(195, 4, '13894', 'Zambrano' ,CURRENT_TIMESTAMP, CURRENT_TIMESTAMP),
(196, 5, '15001', 'Tunja' ,CURRENT_TIMESTAMP, CURRENT_TIMESTAMP),
(197, 5, '15022', 'Almeida' ,CURRENT_TIMESTAMP, CURRENT_TIMESTAMP),
(198, 5, '15047', 'Aquitania' ,CURRENT_TIMESTAMP, CURRENT_TIMESTAMP),
(199, 5, '15051', 'Arcabuco' ,CURRENT_TIMESTAMP, CURRENT_TIMESTAMP),
(200, 5, '15087', 'Belen' ,CURRENT_TIMESTAMP, CURRENT_TIMESTAMP),
(201, 5, '15090', 'Berbeo' ,CURRENT_TIMESTAMP, CURRENT_TIMESTAMP),
(202, 5, '15092', 'Beteitiva' ,CURRENT_TIMESTAMP, CURRENT_TIMESTAMP),
(203, 5, '15097', 'Boavita' ,CURRENT_TIMESTAMP, CURRENT_TIMESTAMP),
(204, 5, '15104', 'Boyaca' ,CURRENT_TIMESTAMP, CURRENT_TIMESTAMP),
(205, 5, '15106', 'Briceño' ,CURRENT_TIMESTAMP, CURRENT_TIMESTAMP),
(206, 5, '15109', 'Buenavista' ,CURRENT_TIMESTAMP, CURRENT_TIMESTAMP),
(207, 5, '15114', 'Busbanza' ,CURRENT_TIMESTAMP, CURRENT_TIMESTAMP),
(208, 5, '15131', 'Caldas' ,CURRENT_TIMESTAMP, CURRENT_TIMESTAMP),
(209, 5, '15135', 'Campohermoso' ,CURRENT_TIMESTAMP, CURRENT_TIMESTAMP),
(210, 5, '15162', 'Cerinza' ,CURRENT_TIMESTAMP, CURRENT_TIMESTAMP),
(211, 5, '15172', 'Chinavita' ,CURRENT_TIMESTAMP, CURRENT_TIMESTAMP),
(212, 5, '15176', 'Chiquinquira' ,CURRENT_TIMESTAMP, CURRENT_TIMESTAMP),
(213, 5, '15180', 'Chiscas' ,CURRENT_TIMESTAMP, CURRENT_TIMESTAMP),
(214, 5, '15183', 'Chita' ,CURRENT_TIMESTAMP, CURRENT_TIMESTAMP),
(215, 5, '15185', 'Chitaraque' ,CURRENT_TIMESTAMP, CURRENT_TIMESTAMP),
(216, 5, '15187', 'Chivata' ,CURRENT_TIMESTAMP, CURRENT_TIMESTAMP),
(217, 5, '15189', 'Cienega' ,CURRENT_TIMESTAMP, CURRENT_TIMESTAMP),
(218, 5, '15204', 'Combita' ,CURRENT_TIMESTAMP, CURRENT_TIMESTAMP),
(219, 5, '15212', 'Coper' ,CURRENT_TIMESTAMP, CURRENT_TIMESTAMP),
(220, 5, '15215', 'Corrales' ,CURRENT_TIMESTAMP, CURRENT_TIMESTAMP),
(221, 5, '15218', 'Covarachia' ,CURRENT_TIMESTAMP, CURRENT_TIMESTAMP),
(222, 5, '15223', 'Cubara' ,CURRENT_TIMESTAMP, CURRENT_TIMESTAMP),
(223, 5, '15224', 'Cucaita' ,CURRENT_TIMESTAMP, CURRENT_TIMESTAMP),
(224, 5, '15226', 'Cuitiva' ,CURRENT_TIMESTAMP, CURRENT_TIMESTAMP),
(225, 5, '15232', 'Chiquiza' ,CURRENT_TIMESTAMP, CURRENT_TIMESTAMP),
(226, 5, '15236', 'Chivor' ,CURRENT_TIMESTAMP, CURRENT_TIMESTAMP),
(227, 5, '15238', 'Duitama' ,CURRENT_TIMESTAMP, CURRENT_TIMESTAMP),
(228, 5, '15244', 'El Cocuy' ,CURRENT_TIMESTAMP, CURRENT_TIMESTAMP),
(229, 5, '15248', 'El Espino' ,CURRENT_TIMESTAMP, CURRENT_TIMESTAMP),
(230, 5, '15272', 'Firavitoba' ,CURRENT_TIMESTAMP, CURRENT_TIMESTAMP),
(231, 5, '15276', 'Floresta' ,CURRENT_TIMESTAMP, CURRENT_TIMESTAMP),
(232, 5, '15293', 'Gachantiva' ,CURRENT_TIMESTAMP, CURRENT_TIMESTAMP),
(233, 5, '15296', 'Gameza' ,CURRENT_TIMESTAMP, CURRENT_TIMESTAMP),
(234, 5, '15299', 'Garagoa' ,CURRENT_TIMESTAMP, CURRENT_TIMESTAMP),
(235, 5, '15317', 'Guacamayas' ,CURRENT_TIMESTAMP, CURRENT_TIMESTAMP),
(236, 5, '15322', 'Guateque' ,CURRENT_TIMESTAMP, CURRENT_TIMESTAMP),
(237, 5, '15325', 'Guayata' ,CURRENT_TIMESTAMP, CURRENT_TIMESTAMP),
(238, 5, '15332', 'Gsican' ,CURRENT_TIMESTAMP, CURRENT_TIMESTAMP),
(239, 5, '15362', 'Iza' ,CURRENT_TIMESTAMP, CURRENT_TIMESTAMP),
(240, 5, '15367', 'Jenesano' ,CURRENT_TIMESTAMP, CURRENT_TIMESTAMP),
(241, 5, '15368', 'Jerico' ,CURRENT_TIMESTAMP, CURRENT_TIMESTAMP),
(242, 5, '15377', 'Labranzagrande' ,CURRENT_TIMESTAMP, CURRENT_TIMESTAMP),
(243, 5, '15380', 'La Capilla' ,CURRENT_TIMESTAMP, CURRENT_TIMESTAMP),
(244, 5, '15401', 'La Victoria' ,CURRENT_TIMESTAMP, CURRENT_TIMESTAMP),
(245, 5, '15403', 'La Uvita' ,CURRENT_TIMESTAMP, CURRENT_TIMESTAMP),
(246, 5, '15407', 'Villa de Leyva' ,CURRENT_TIMESTAMP, CURRENT_TIMESTAMP),
(247, 5, '15425', 'Macanal' ,CURRENT_TIMESTAMP, CURRENT_TIMESTAMP),
(248, 5, '15442', 'Maripi' ,CURRENT_TIMESTAMP, CURRENT_TIMESTAMP),
(249, 5, '15455', 'Miraflores' ,CURRENT_TIMESTAMP, CURRENT_TIMESTAMP),
(250, 5, '15464', 'Mongua' ,CURRENT_TIMESTAMP, CURRENT_TIMESTAMP),
(251, 5, '15466', 'Mongui' ,CURRENT_TIMESTAMP, CURRENT_TIMESTAMP),
(252, 5, '15469', 'Moniquira' ,CURRENT_TIMESTAMP, CURRENT_TIMESTAMP),
(253, 5, '15476', 'Motavita' ,CURRENT_TIMESTAMP, CURRENT_TIMESTAMP),
(254, 5, '15480', 'Muzo' ,CURRENT_TIMESTAMP, CURRENT_TIMESTAMP),
(255, 5, '15491', 'Nobsa' ,CURRENT_TIMESTAMP, CURRENT_TIMESTAMP),
(256, 5, '15494', 'Nuevo Colon' ,CURRENT_TIMESTAMP, CURRENT_TIMESTAMP),
(257, 5, '15500', 'Oicata' ,CURRENT_TIMESTAMP, CURRENT_TIMESTAMP),
(258, 5, '15507', 'Otanche' ,CURRENT_TIMESTAMP, CURRENT_TIMESTAMP),
(259, 5, '15511', 'Pachavita' ,CURRENT_TIMESTAMP, CURRENT_TIMESTAMP),
(260, 5, '15514', 'Paez' ,CURRENT_TIMESTAMP, CURRENT_TIMESTAMP),
(261, 5, '15516', 'Paipa' ,CURRENT_TIMESTAMP, CURRENT_TIMESTAMP),
(262, 5, '15518', 'Pajarito' ,CURRENT_TIMESTAMP, CURRENT_TIMESTAMP),
(263, 5, '15522', 'Panqueba' ,CURRENT_TIMESTAMP, CURRENT_TIMESTAMP),
(264, 5, '15531', 'Pauna' ,CURRENT_TIMESTAMP, CURRENT_TIMESTAMP),
(265, 5, '15533', 'Paya' ,CURRENT_TIMESTAMP, CURRENT_TIMESTAMP),
(266, 5, '15537', 'Paz De Rio' ,CURRENT_TIMESTAMP, CURRENT_TIMESTAMP),
(267, 5, '15542', 'Pesca' ,CURRENT_TIMESTAMP, CURRENT_TIMESTAMP),
(268, 5, '15550', 'Pisba' ,CURRENT_TIMESTAMP, CURRENT_TIMESTAMP),
(269, 5, '15572', 'Puerto Boyaca' ,CURRENT_TIMESTAMP, CURRENT_TIMESTAMP),
(270, 5, '15580', 'Quipama' ,CURRENT_TIMESTAMP, CURRENT_TIMESTAMP),
(271, 5, '15599', 'Ramiriqui' ,CURRENT_TIMESTAMP, CURRENT_TIMESTAMP),
(272, 5, '15600', 'Raquira' ,CURRENT_TIMESTAMP, CURRENT_TIMESTAMP),
(273, 5, '15621', 'Rondon' ,CURRENT_TIMESTAMP, CURRENT_TIMESTAMP),
(274, 5, '15632', 'Saboya' ,CURRENT_TIMESTAMP, CURRENT_TIMESTAMP),
(275, 5, '15638', 'Sachica' ,CURRENT_TIMESTAMP, CURRENT_TIMESTAMP),
(276, 5, '15646', 'Samaca' ,CURRENT_TIMESTAMP, CURRENT_TIMESTAMP),
(277, 5, '15660', 'San Eduardo' ,CURRENT_TIMESTAMP, CURRENT_TIMESTAMP),
(278, 5, '15664', 'San Jose se Pare' ,CURRENT_TIMESTAMP, CURRENT_TIMESTAMP),
(279, 5, '15667', 'San Luis se Gaceno' ,CURRENT_TIMESTAMP, CURRENT_TIMESTAMP),
(280, 5, '15673', 'San Mateo' ,CURRENT_TIMESTAMP, CURRENT_TIMESTAMP),
(281, 5, '15676', 'San Miguel se Sema' ,CURRENT_TIMESTAMP, CURRENT_TIMESTAMP),
(282, 5, '15681', 'San Pablo se Borbur' ,CURRENT_TIMESTAMP, CURRENT_TIMESTAMP),
(283, 5, '15686', 'Santana' ,CURRENT_TIMESTAMP, CURRENT_TIMESTAMP),
(284, 5, '15690', 'Santa Maria' ,CURRENT_TIMESTAMP, CURRENT_TIMESTAMP),
(285, 5, '15693', 'Santa Rosa se Viterbo' ,CURRENT_TIMESTAMP, CURRENT_TIMESTAMP),
(286, 5, '15696', 'Santa Sofia' ,CURRENT_TIMESTAMP, CURRENT_TIMESTAMP),
(287, 5, '15720', 'Sativanorte' ,CURRENT_TIMESTAMP, CURRENT_TIMESTAMP),
(288, 5, '15723', 'Sativasur' ,CURRENT_TIMESTAMP, CURRENT_TIMESTAMP),
(289, 5, '15740', 'Siachoque' ,CURRENT_TIMESTAMP, CURRENT_TIMESTAMP),
(290, 5, '15753', 'Soata' ,CURRENT_TIMESTAMP, CURRENT_TIMESTAMP),
(291, 5, '15755', 'Socota' ,CURRENT_TIMESTAMP, CURRENT_TIMESTAMP),
(292, 5, '15757', 'Socha' ,CURRENT_TIMESTAMP, CURRENT_TIMESTAMP),
(293, 5, '15759', 'Sogamoso' ,CURRENT_TIMESTAMP, CURRENT_TIMESTAMP),
(294, 5, '15761', 'Somondoco' ,CURRENT_TIMESTAMP, CURRENT_TIMESTAMP),
(295, 5, '15762', 'Sora' ,CURRENT_TIMESTAMP, CURRENT_TIMESTAMP),
(296, 5, '15763', 'Sotaquira' ,CURRENT_TIMESTAMP, CURRENT_TIMESTAMP),
(297, 5, '15764', 'Soraca' ,CURRENT_TIMESTAMP, CURRENT_TIMESTAMP),
(298, 5, '15774', 'Susacon' ,CURRENT_TIMESTAMP, CURRENT_TIMESTAMP),
(299, 5, '15776', 'Sutamarchan' ,CURRENT_TIMESTAMP, CURRENT_TIMESTAMP),
(300, 5, '15778', 'Sutatenza' ,CURRENT_TIMESTAMP, CURRENT_TIMESTAMP),
(301, 5, '15790', 'Tasco' ,CURRENT_TIMESTAMP, CURRENT_TIMESTAMP),
(302, 5, '15798', 'Tenza' ,CURRENT_TIMESTAMP, CURRENT_TIMESTAMP),
(303, 5, '15804', 'Tibana' ,CURRENT_TIMESTAMP, CURRENT_TIMESTAMP),
(304, 5, '15806', 'Tibasosa' ,CURRENT_TIMESTAMP, CURRENT_TIMESTAMP),
(305, 5, '15808', 'Tinjaca' ,CURRENT_TIMESTAMP, CURRENT_TIMESTAMP),
(306, 5, '15810', 'Tipacoque' ,CURRENT_TIMESTAMP, CURRENT_TIMESTAMP),
(307, 5, '15814', 'Toca' ,CURRENT_TIMESTAMP, CURRENT_TIMESTAMP),
(308, 5, '15816', 'Togsi' ,CURRENT_TIMESTAMP, CURRENT_TIMESTAMP),
(309, 5, '15820', 'Topaga' ,CURRENT_TIMESTAMP, CURRENT_TIMESTAMP),
(310, 5, '15822', 'Tota' ,CURRENT_TIMESTAMP, CURRENT_TIMESTAMP),
(311, 5, '15832', 'Tunungua' ,CURRENT_TIMESTAMP, CURRENT_TIMESTAMP),
(312, 5, '15835', 'Turmeque' ,CURRENT_TIMESTAMP, CURRENT_TIMESTAMP),
(313, 5, '15837', 'Tuta' ,CURRENT_TIMESTAMP, CURRENT_TIMESTAMP),
(314, 5, '15839', 'Tutaza' ,CURRENT_TIMESTAMP, CURRENT_TIMESTAMP),
(315, 5, '15842', 'Umbita' ,CURRENT_TIMESTAMP, CURRENT_TIMESTAMP),
(316, 5, '15861', 'Ventaquemada' ,CURRENT_TIMESTAMP, CURRENT_TIMESTAMP),
(317, 5, '15879', 'Viracacha' ,CURRENT_TIMESTAMP, CURRENT_TIMESTAMP),
(318, 5, '15897', 'Zetaquira' ,CURRENT_TIMESTAMP, CURRENT_TIMESTAMP),
(319, 6, '17001', 'Manizales' ,CURRENT_TIMESTAMP, CURRENT_TIMESTAMP),
(320, 6, '17013', 'Aguadas' ,CURRENT_TIMESTAMP, CURRENT_TIMESTAMP),
(321, 6, '17042', 'Anserma' ,CURRENT_TIMESTAMP, CURRENT_TIMESTAMP),
(322, 6, '17050', 'Aranzazu' ,CURRENT_TIMESTAMP, CURRENT_TIMESTAMP),
(323, 6, '17088', 'Belalcazar' ,CURRENT_TIMESTAMP, CURRENT_TIMESTAMP),
(324, 6, '17174', 'Chinchina' ,CURRENT_TIMESTAMP, CURRENT_TIMESTAMP),
(325, 6, '17272', 'Filadelfia' ,CURRENT_TIMESTAMP, CURRENT_TIMESTAMP),
(326, 6, '17380', 'La Dorada' ,CURRENT_TIMESTAMP, CURRENT_TIMESTAMP),
(327, 6, '17388', 'La Merced' ,CURRENT_TIMESTAMP, CURRENT_TIMESTAMP),
(328, 6, '17433', 'Manzanares' ,CURRENT_TIMESTAMP, CURRENT_TIMESTAMP),
(329, 6, '17442', 'Marmato' ,CURRENT_TIMESTAMP, CURRENT_TIMESTAMP),
(330, 6, '17444', 'Marquetalia' ,CURRENT_TIMESTAMP, CURRENT_TIMESTAMP),
(331, 6, '17446', 'Marulanda' ,CURRENT_TIMESTAMP, CURRENT_TIMESTAMP),
(332, 6, '17486', 'Neira' ,CURRENT_TIMESTAMP, CURRENT_TIMESTAMP),
(333, 6, '17495', 'Norcasia' ,CURRENT_TIMESTAMP, CURRENT_TIMESTAMP),
(334, 6, '17513', 'Pacora' ,CURRENT_TIMESTAMP, CURRENT_TIMESTAMP),
(335, 6, '17524', 'Palestina' ,CURRENT_TIMESTAMP, CURRENT_TIMESTAMP),
(336, 6, '17541', 'Pensilvania' ,CURRENT_TIMESTAMP, CURRENT_TIMESTAMP),
(337, 6, '17614', 'Riosucio' ,CURRENT_TIMESTAMP, CURRENT_TIMESTAMP),
(338, 6, '17616', 'Risaralda' ,CURRENT_TIMESTAMP, CURRENT_TIMESTAMP),
(339, 6, '17653', 'Salamina' ,CURRENT_TIMESTAMP, CURRENT_TIMESTAMP),
(340, 6, '17662', 'Samana' ,CURRENT_TIMESTAMP, CURRENT_TIMESTAMP),
(341, 6, '17665', 'San Jose' ,CURRENT_TIMESTAMP, CURRENT_TIMESTAMP),
(342, 6, '17777', 'Supia' ,CURRENT_TIMESTAMP, CURRENT_TIMESTAMP),
(343, 6, '17867', 'Victoria' ,CURRENT_TIMESTAMP, CURRENT_TIMESTAMP),
(344, 6, '17873', 'Villamaria' ,CURRENT_TIMESTAMP, CURRENT_TIMESTAMP),
(345, 6, '17877', 'Viterbo' ,CURRENT_TIMESTAMP, CURRENT_TIMESTAMP),
(346, 7, '18001', 'Florencia' ,CURRENT_TIMESTAMP, CURRENT_TIMESTAMP),
(347, 7, '18029', 'Albania' ,CURRENT_TIMESTAMP, CURRENT_TIMESTAMP),
(348, 7, '18094', 'Belen se los Andaquies' ,CURRENT_TIMESTAMP, CURRENT_TIMESTAMP),
(349, 7, '18150', 'Cartagena del Chaira' ,CURRENT_TIMESTAMP, CURRENT_TIMESTAMP),
(350, 7, '18205', 'Curillo' ,CURRENT_TIMESTAMP, CURRENT_TIMESTAMP),
(351, 7, '18247', 'El Doncello' ,CURRENT_TIMESTAMP, CURRENT_TIMESTAMP),
(352, 7, '18256', 'El Paujil' ,CURRENT_TIMESTAMP, CURRENT_TIMESTAMP),
(353, 7, '18410', 'La Montañita' ,CURRENT_TIMESTAMP, CURRENT_TIMESTAMP),
(354, 7, '18460', 'Milan' ,CURRENT_TIMESTAMP, CURRENT_TIMESTAMP),
(355, 7, '18479', 'Morelia' ,CURRENT_TIMESTAMP, CURRENT_TIMESTAMP),
(356, 7, '18592', 'Puerto Rico' ,CURRENT_TIMESTAMP, CURRENT_TIMESTAMP),
(357, 7, '18610', 'San Jose del Fragua' ,CURRENT_TIMESTAMP, CURRENT_TIMESTAMP),
(358, 7, '18753', 'San Vicente del Caguan' ,CURRENT_TIMESTAMP, CURRENT_TIMESTAMP),
(359, 7, '18756', 'Solano' ,CURRENT_TIMESTAMP, CURRENT_TIMESTAMP),
(360, 7, '18785', 'Solita' ,CURRENT_TIMESTAMP, CURRENT_TIMESTAMP),
(361, 7, '18860', 'Valparaiso' ,CURRENT_TIMESTAMP, CURRENT_TIMESTAMP),
(362, 8, '19001', 'Popayan' ,CURRENT_TIMESTAMP, CURRENT_TIMESTAMP),
(363, 8, '19022', 'Almaguer' ,CURRENT_TIMESTAMP, CURRENT_TIMESTAMP),
(364, 8, '19050', 'Argelia' ,CURRENT_TIMESTAMP, CURRENT_TIMESTAMP),
(365, 8, '19075', 'Balboa' ,CURRENT_TIMESTAMP, CURRENT_TIMESTAMP),
(366, 8, '19100', 'Bolivar' ,CURRENT_TIMESTAMP, CURRENT_TIMESTAMP),
(367, 8, '19110', 'Buenos Aires' ,CURRENT_TIMESTAMP, CURRENT_TIMESTAMP),
(368, 8, '19130', 'Cajibio' ,CURRENT_TIMESTAMP, CURRENT_TIMESTAMP),
(369, 8, '19137', 'Caldono' ,CURRENT_TIMESTAMP, CURRENT_TIMESTAMP),
(370, 8, '19142', 'Caloto' ,CURRENT_TIMESTAMP, CURRENT_TIMESTAMP),
(371, 8, '19212', 'Corinto' ,CURRENT_TIMESTAMP, CURRENT_TIMESTAMP),
(372, 8, '19256', 'El Tambo' ,CURRENT_TIMESTAMP, CURRENT_TIMESTAMP),
(373, 8, '19290', 'Florencia' ,CURRENT_TIMESTAMP, CURRENT_TIMESTAMP),
(374, 8, '19300', 'Guachene' ,CURRENT_TIMESTAMP, CURRENT_TIMESTAMP),
(375, 8, '19318', 'Guapi' ,CURRENT_TIMESTAMP, CURRENT_TIMESTAMP),
(376, 8, '19355', 'Inza' ,CURRENT_TIMESTAMP, CURRENT_TIMESTAMP),
(377, 8, '19364', 'Jambalo' ,CURRENT_TIMESTAMP, CURRENT_TIMESTAMP),
(378, 8, '19392', 'La Sierra' ,CURRENT_TIMESTAMP, CURRENT_TIMESTAMP),
(379, 8, '19397', 'La Vega' ,CURRENT_TIMESTAMP, CURRENT_TIMESTAMP),
(380, 8, '19418', 'Lopez' ,CURRENT_TIMESTAMP, CURRENT_TIMESTAMP),
(381, 8, '19450', 'Mercaderes' ,CURRENT_TIMESTAMP, CURRENT_TIMESTAMP),
(382, 8, '19455', 'Miranda' ,CURRENT_TIMESTAMP, CURRENT_TIMESTAMP),
(383, 8, '19473', 'Morales' ,CURRENT_TIMESTAMP, CURRENT_TIMESTAMP),
(384, 8, '19513', 'Padilla' ,CURRENT_TIMESTAMP, CURRENT_TIMESTAMP),
(385, 8, '19517', 'Paez' ,CURRENT_TIMESTAMP, CURRENT_TIMESTAMP),
(386, 8, '19532', 'Patia' ,CURRENT_TIMESTAMP, CURRENT_TIMESTAMP),
(387, 8, '19533', 'Piamonte' ,CURRENT_TIMESTAMP, CURRENT_TIMESTAMP),
(388, 8, '19548', 'Piendamo' ,CURRENT_TIMESTAMP, CURRENT_TIMESTAMP),
(389, 8, '19573', 'Puerto Tejada' ,CURRENT_TIMESTAMP, CURRENT_TIMESTAMP),
(390, 8, '19585', 'Purace' ,CURRENT_TIMESTAMP, CURRENT_TIMESTAMP),
(391, 8, '19622', 'Rosas' ,CURRENT_TIMESTAMP, CURRENT_TIMESTAMP),
(392, 8, '19693', 'San Sebastian' ,CURRENT_TIMESTAMP, CURRENT_TIMESTAMP),
(393, 8, '19698', 'Santander de Quilichao' ,CURRENT_TIMESTAMP, CURRENT_TIMESTAMP),
(394, 8, '19701', 'Santa Rosa' ,CURRENT_TIMESTAMP, CURRENT_TIMESTAMP),
(395, 8, '19743', 'Silvia' ,CURRENT_TIMESTAMP, CURRENT_TIMESTAMP),
(396, 8, '19760', 'Sotara' ,CURRENT_TIMESTAMP, CURRENT_TIMESTAMP),
(397, 8, '19780', 'Suarez' ,CURRENT_TIMESTAMP, CURRENT_TIMESTAMP),
(398, 8, '19785', 'Sucre' ,CURRENT_TIMESTAMP, CURRENT_TIMESTAMP),
(399, 8, '19807', 'Timbio' ,CURRENT_TIMESTAMP, CURRENT_TIMESTAMP),
(400, 8, '19809', 'Timbiqui' ,CURRENT_TIMESTAMP, CURRENT_TIMESTAMP),
(401, 8, '19821', 'Toribio' ,CURRENT_TIMESTAMP, CURRENT_TIMESTAMP),
(402, 8, '19824', 'Totoro' ,CURRENT_TIMESTAMP, CURRENT_TIMESTAMP),
(403, 8, '19845', 'Villa Rica' ,CURRENT_TIMESTAMP, CURRENT_TIMESTAMP),
(404, 9, '20001', 'Valledupar' ,CURRENT_TIMESTAMP, CURRENT_TIMESTAMP),
(405, 9, '20011', 'Aguachica' ,CURRENT_TIMESTAMP, CURRENT_TIMESTAMP),
(406, 9, '20013', 'Agustin Codazzi' ,CURRENT_TIMESTAMP, CURRENT_TIMESTAMP),
(407, 9, '20032', 'Astrea' ,CURRENT_TIMESTAMP, CURRENT_TIMESTAMP),
(408, 9, '20045', 'Becerril' ,CURRENT_TIMESTAMP, CURRENT_TIMESTAMP),
(409, 9, '20060', 'Bosconia' ,CURRENT_TIMESTAMP, CURRENT_TIMESTAMP),
(410, 9, '20175', 'Chimichagua' ,CURRENT_TIMESTAMP, CURRENT_TIMESTAMP),
(411, 9, '20178', 'Chiriguana' ,CURRENT_TIMESTAMP, CURRENT_TIMESTAMP),
(412, 9, '20228', 'Curumani' ,CURRENT_TIMESTAMP, CURRENT_TIMESTAMP),
(413, 9, '20238', 'El Copey' ,CURRENT_TIMESTAMP, CURRENT_TIMESTAMP),
(414, 9, '20250', 'El Paso' ,CURRENT_TIMESTAMP, CURRENT_TIMESTAMP),
(415, 9, '20295', 'Gamarra' ,CURRENT_TIMESTAMP, CURRENT_TIMESTAMP),
(416, 9, '20310', 'Gonzalez' ,CURRENT_TIMESTAMP, CURRENT_TIMESTAMP),
(417, 9, '20383', 'La Gloria' ,CURRENT_TIMESTAMP, CURRENT_TIMESTAMP),
(418, 9, '20400', 'La Jagua De Ibirico' ,CURRENT_TIMESTAMP, CURRENT_TIMESTAMP),
(419, 9, '20443', 'Manaure' ,CURRENT_TIMESTAMP, CURRENT_TIMESTAMP),
(420, 9, '20517', 'Pailitas' ,CURRENT_TIMESTAMP, CURRENT_TIMESTAMP),
(421, 9, '20550', 'Pelaya' ,CURRENT_TIMESTAMP, CURRENT_TIMESTAMP),
(422, 9, '20570', 'Pueblo Bello' ,CURRENT_TIMESTAMP, CURRENT_TIMESTAMP),
(423, 9, '20614', 'Rio De Oro' ,CURRENT_TIMESTAMP, CURRENT_TIMESTAMP),
(424, 9, '20621', 'La Paz' ,CURRENT_TIMESTAMP, CURRENT_TIMESTAMP),
(425, 9, '20710', 'San Alberto' ,CURRENT_TIMESTAMP, CURRENT_TIMESTAMP),
(426, 9, '20750', 'San Diego' ,CURRENT_TIMESTAMP, CURRENT_TIMESTAMP),
(427, 9, '20770', 'San Martin' ,CURRENT_TIMESTAMP, CURRENT_TIMESTAMP),
(428, 9, '20787', 'Tamalameque' ,CURRENT_TIMESTAMP, CURRENT_TIMESTAMP),
(429, 10, '23001', 'Monteria' ,CURRENT_TIMESTAMP, CURRENT_TIMESTAMP),
(430, 10, '23068', 'Ayapel' ,CURRENT_TIMESTAMP, CURRENT_TIMESTAMP),
(431, 10, '23079', 'Buenavista' ,CURRENT_TIMESTAMP, CURRENT_TIMESTAMP),
(432, 10, '23090', 'Canalete' ,CURRENT_TIMESTAMP, CURRENT_TIMESTAMP),
(433, 10, '23162', 'Cerete' ,CURRENT_TIMESTAMP, CURRENT_TIMESTAMP),
(434, 10, '23168', 'Chima' ,CURRENT_TIMESTAMP, CURRENT_TIMESTAMP),
(435, 10, '23182', 'Chinu' ,CURRENT_TIMESTAMP, CURRENT_TIMESTAMP),
(436, 10, '23189', 'Cienaga De Oro' ,CURRENT_TIMESTAMP, CURRENT_TIMESTAMP),
(437, 10, '23300', 'Cotorra' ,CURRENT_TIMESTAMP, CURRENT_TIMESTAMP),
(438, 10, '23350', 'La Apartada' ,CURRENT_TIMESTAMP, CURRENT_TIMESTAMP),
(439, 10, '23417', 'Lorica' ,CURRENT_TIMESTAMP, CURRENT_TIMESTAMP),
(440, 10, '23419', 'Los Cordobas' ,CURRENT_TIMESTAMP, CURRENT_TIMESTAMP),
(441, 10, '23464', 'Momil' ,CURRENT_TIMESTAMP, CURRENT_TIMESTAMP),
(442, 10, '23466', 'Montelibano' ,CURRENT_TIMESTAMP, CURRENT_TIMESTAMP),
(443, 10, '23500', 'Moñitos' ,CURRENT_TIMESTAMP, CURRENT_TIMESTAMP),
(444, 10, '23555', 'Planeta Rica' ,CURRENT_TIMESTAMP, CURRENT_TIMESTAMP),
(445, 10, '23570', 'Pueblo Nuevo' ,CURRENT_TIMESTAMP, CURRENT_TIMESTAMP),
(446, 10, '23574', 'Puerto Escondido' ,CURRENT_TIMESTAMP, CURRENT_TIMESTAMP),
(447, 10, '23580', 'Puerto Libertador' ,CURRENT_TIMESTAMP, CURRENT_TIMESTAMP),
(448, 10, '23586', 'Purisima' ,CURRENT_TIMESTAMP, CURRENT_TIMESTAMP),
(449, 10, '23660', 'Sahagun' ,CURRENT_TIMESTAMP, CURRENT_TIMESTAMP),
(450, 10, '23670', 'San Andres Sotavento' ,CURRENT_TIMESTAMP, CURRENT_TIMESTAMP),
(451, 10, '23672', 'San Antero' ,CURRENT_TIMESTAMP, CURRENT_TIMESTAMP),
(452, 10, '23675', 'San Bernardo Del Viento' ,CURRENT_TIMESTAMP, CURRENT_TIMESTAMP),
(453, 10, '23678', 'San Carlos' ,CURRENT_TIMESTAMP, CURRENT_TIMESTAMP),
(454, 10, '23682', 'San José De Uré' ,CURRENT_TIMESTAMP, CURRENT_TIMESTAMP),
(455, 10, '23686', 'San Pelayo' ,CURRENT_TIMESTAMP, CURRENT_TIMESTAMP),
(456, 10, '23807', 'Tierralta' ,CURRENT_TIMESTAMP, CURRENT_TIMESTAMP),
(457, 10, '23815', 'Tuchín' ,CURRENT_TIMESTAMP, CURRENT_TIMESTAMP),
(458, 10, '23855', 'Valencia' ,CURRENT_TIMESTAMP, CURRENT_TIMESTAMP),
(459, 11, '25001', 'Agua De Dios' ,CURRENT_TIMESTAMP, CURRENT_TIMESTAMP),
(460, 11, '25019', 'Alban' ,CURRENT_TIMESTAMP, CURRENT_TIMESTAMP),
(461, 11, '25035', 'Anapoima' ,CURRENT_TIMESTAMP, CURRENT_TIMESTAMP),
(462, 11, '25040', 'Anolaima' ,CURRENT_TIMESTAMP, CURRENT_TIMESTAMP),
(463, 11, '25053', 'Arbelaez' ,CURRENT_TIMESTAMP, CURRENT_TIMESTAMP),
(464, 11, '25086', 'Beltran' ,CURRENT_TIMESTAMP, CURRENT_TIMESTAMP),
(465, 11, '25095', 'Bituima' ,CURRENT_TIMESTAMP, CURRENT_TIMESTAMP),
(466, 11, '25099', 'Bojaca' ,CURRENT_TIMESTAMP, CURRENT_TIMESTAMP),
(467, 11, '25120', 'Cabrera' ,CURRENT_TIMESTAMP, CURRENT_TIMESTAMP),
(468, 11, '25123', 'Cachipay' ,CURRENT_TIMESTAMP, CURRENT_TIMESTAMP),
(469, 11, '25126', 'Cajica' ,CURRENT_TIMESTAMP, CURRENT_TIMESTAMP),
(470, 11, '25148', 'Caparrapi' ,CURRENT_TIMESTAMP, CURRENT_TIMESTAMP),
(471, 11, '25151', 'Caqueza' ,CURRENT_TIMESTAMP, CURRENT_TIMESTAMP),
(472, 11, '25154', 'Carmen De Carupa' ,CURRENT_TIMESTAMP, CURRENT_TIMESTAMP),
(473, 11, '25168', 'Chaguani' ,CURRENT_TIMESTAMP, CURRENT_TIMESTAMP),
(474, 11, '25175', 'Chia' ,CURRENT_TIMESTAMP, CURRENT_TIMESTAMP),
(475, 11, '25178', 'Chipaque' ,CURRENT_TIMESTAMP, CURRENT_TIMESTAMP),
(476, 11, '25181', 'Choachi' ,CURRENT_TIMESTAMP, CURRENT_TIMESTAMP),
(477, 11, '25183', 'Choconta' ,CURRENT_TIMESTAMP, CURRENT_TIMESTAMP),
(478, 11, '25200', 'Cogua' ,CURRENT_TIMESTAMP, CURRENT_TIMESTAMP),
(479, 11, '25214', 'Cota' ,CURRENT_TIMESTAMP, CURRENT_TIMESTAMP),
(480, 11, '25224', 'Cucunuba' ,CURRENT_TIMESTAMP, CURRENT_TIMESTAMP),
(481, 11, '25245', 'El Colegio' ,CURRENT_TIMESTAMP, CURRENT_TIMESTAMP),
(482, 11, '25258', 'El Peñon' ,CURRENT_TIMESTAMP, CURRENT_TIMESTAMP),
(483, 11, '25260', 'El Rosal' ,CURRENT_TIMESTAMP, CURRENT_TIMESTAMP),
(484, 11, '25269', 'Facatativa' ,CURRENT_TIMESTAMP, CURRENT_TIMESTAMP),
(485, 11, '25279', 'Fomeque' ,CURRENT_TIMESTAMP, CURRENT_TIMESTAMP),
(486, 11, '25281', 'Fosca' ,CURRENT_TIMESTAMP, CURRENT_TIMESTAMP),
(487, 11, '25286', 'Funza' ,CURRENT_TIMESTAMP, CURRENT_TIMESTAMP),
(488, 11, '25288', 'Fuquene' ,CURRENT_TIMESTAMP, CURRENT_TIMESTAMP),
(489, 11, '25290', 'Fusagasuga' ,CURRENT_TIMESTAMP, CURRENT_TIMESTAMP),
(490, 11, '25293', 'Gachala' ,CURRENT_TIMESTAMP, CURRENT_TIMESTAMP),
(491, 11, '25295', 'Gachancipa' ,CURRENT_TIMESTAMP, CURRENT_TIMESTAMP),
(492, 11, '25297', 'Gacheta' ,CURRENT_TIMESTAMP, CURRENT_TIMESTAMP),
(493, 11, '25299', 'Gama' ,CURRENT_TIMESTAMP, CURRENT_TIMESTAMP),
(494, 11, '25307', 'Girardot' ,CURRENT_TIMESTAMP, CURRENT_TIMESTAMP),
(495, 11, '25312', 'Granada' ,CURRENT_TIMESTAMP, CURRENT_TIMESTAMP),
(496, 11, '25317', 'Guacheta' ,CURRENT_TIMESTAMP, CURRENT_TIMESTAMP),
(497, 11, '25320', 'Guaduas' ,CURRENT_TIMESTAMP, CURRENT_TIMESTAMP),
(498, 11, '25322', 'Guasca' ,CURRENT_TIMESTAMP, CURRENT_TIMESTAMP),
(499, 11, '25324', 'Guataqui' ,CURRENT_TIMESTAMP, CURRENT_TIMESTAMP),
(500, 11, '25326', 'Guatavita' ,CURRENT_TIMESTAMP, CURRENT_TIMESTAMP),
(501, 11, '25328', 'Guayabal De Siquima' ,CURRENT_TIMESTAMP, CURRENT_TIMESTAMP),
(502, 11, '25335', 'Guayabetal' ,CURRENT_TIMESTAMP, CURRENT_TIMESTAMP),
(503, 11, '25339', 'Gutierrez' ,CURRENT_TIMESTAMP, CURRENT_TIMESTAMP),
(504, 11, '25368', 'Jerusalen' ,CURRENT_TIMESTAMP, CURRENT_TIMESTAMP),
(505, 11, '25372', 'Junin' ,CURRENT_TIMESTAMP, CURRENT_TIMESTAMP),
(506, 11, '25377', 'La Calera' ,CURRENT_TIMESTAMP, CURRENT_TIMESTAMP),
(507, 11, '25386', 'La Mesa' ,CURRENT_TIMESTAMP, CURRENT_TIMESTAMP),
(508, 11, '25394', 'La Palma' ,CURRENT_TIMESTAMP, CURRENT_TIMESTAMP),
(509, 11, '25398', 'La Peña' ,CURRENT_TIMESTAMP, CURRENT_TIMESTAMP),
(510, 11, '25402', 'La Vega' ,CURRENT_TIMESTAMP, CURRENT_TIMESTAMP),
(511, 11, '25407', 'Lenguazaque' ,CURRENT_TIMESTAMP, CURRENT_TIMESTAMP),
(512, 11, '25426', 'Macheta' ,CURRENT_TIMESTAMP, CURRENT_TIMESTAMP),
(513, 11, '25430', 'Madrid' ,CURRENT_TIMESTAMP, CURRENT_TIMESTAMP),
(514, 11, '25436', 'Manta' ,CURRENT_TIMESTAMP, CURRENT_TIMESTAMP),
(515, 11, '25438', 'Medina' ,CURRENT_TIMESTAMP, CURRENT_TIMESTAMP),
(516, 11, '25473', 'Mosquera' ,CURRENT_TIMESTAMP, CURRENT_TIMESTAMP),
(517, 11, '25483', 'Nariño' ,CURRENT_TIMESTAMP, CURRENT_TIMESTAMP),
(518, 11, '25486', 'Nemocon' ,CURRENT_TIMESTAMP, CURRENT_TIMESTAMP),
(519, 11, '25488', 'Nilo' ,CURRENT_TIMESTAMP, CURRENT_TIMESTAMP),
(520, 11, '25489', 'Nimaima' ,CURRENT_TIMESTAMP, CURRENT_TIMESTAMP),
(521, 11, '25491', 'Nocaima' ,CURRENT_TIMESTAMP, CURRENT_TIMESTAMP),
(522, 11, '25506', 'Venecia' ,CURRENT_TIMESTAMP, CURRENT_TIMESTAMP),
(523, 11, '25513', 'Pacho' ,CURRENT_TIMESTAMP, CURRENT_TIMESTAMP),
(524, 11, '25518', 'Paime' ,CURRENT_TIMESTAMP, CURRENT_TIMESTAMP),
(525, 11, '25524', 'Pandi' ,CURRENT_TIMESTAMP, CURRENT_TIMESTAMP),
(526, 11, '25530', 'Paratebueno' ,CURRENT_TIMESTAMP, CURRENT_TIMESTAMP),
(527, 11, '25535', 'Pasca' ,CURRENT_TIMESTAMP, CURRENT_TIMESTAMP),
(528, 11, '25572', 'Puerto Salgar' ,CURRENT_TIMESTAMP, CURRENT_TIMESTAMP),
(529, 11, '25580', 'Puli' ,CURRENT_TIMESTAMP, CURRENT_TIMESTAMP),
(530, 11, '25592', 'Quebradanegra' ,CURRENT_TIMESTAMP, CURRENT_TIMESTAMP),
(531, 11, '25594', 'Quetame' ,CURRENT_TIMESTAMP, CURRENT_TIMESTAMP),
(532, 11, '25596', 'Quipile' ,CURRENT_TIMESTAMP, CURRENT_TIMESTAMP),
(533, 11, '25599', 'Apulo' ,CURRENT_TIMESTAMP, CURRENT_TIMESTAMP),
(534, 11, '25612', 'Ricaurte' ,CURRENT_TIMESTAMP, CURRENT_TIMESTAMP),
(535, 11, '25645', 'San Antonio Del Tequendama' ,CURRENT_TIMESTAMP, CURRENT_TIMESTAMP),
(536, 11, '25649', 'San Bernardo' ,CURRENT_TIMESTAMP, CURRENT_TIMESTAMP),
(537, 11, '25653', 'San Cayetano' ,CURRENT_TIMESTAMP, CURRENT_TIMESTAMP),
(538, 11, '25658', 'San Francisco' ,CURRENT_TIMESTAMP, CURRENT_TIMESTAMP),
(539, 11, '25662', 'San Juan De Rio Seco' ,CURRENT_TIMESTAMP, CURRENT_TIMESTAMP),
(540, 11, '25718', 'Sasaima' ,CURRENT_TIMESTAMP, CURRENT_TIMESTAMP),
(541, 11, '25736', 'Sesquile' ,CURRENT_TIMESTAMP, CURRENT_TIMESTAMP),
(542, 11, '25740', 'Sibate' ,CURRENT_TIMESTAMP, CURRENT_TIMESTAMP),
(543, 11, '25743', 'Silvania' ,CURRENT_TIMESTAMP, CURRENT_TIMESTAMP),
(544, 11, '25745', 'Simijaca' ,CURRENT_TIMESTAMP, CURRENT_TIMESTAMP),
(545, 11, '25754', 'Soacha' ,CURRENT_TIMESTAMP, CURRENT_TIMESTAMP),
(546, 11, '25758', 'Sopo' ,CURRENT_TIMESTAMP, CURRENT_TIMESTAMP),
(547, 11, '25769', 'Subachoque' ,CURRENT_TIMESTAMP, CURRENT_TIMESTAMP),
(548, 11, '25772', 'Suesca' ,CURRENT_TIMESTAMP, CURRENT_TIMESTAMP),
(549, 11, '25777', 'Supata' ,CURRENT_TIMESTAMP, CURRENT_TIMESTAMP),
(550, 11, '25779', 'Susa' ,CURRENT_TIMESTAMP, CURRENT_TIMESTAMP),
(551, 11, '25781', 'Sutatausa' ,CURRENT_TIMESTAMP, CURRENT_TIMESTAMP),
(552, 11, '25785', 'Tabio' ,CURRENT_TIMESTAMP, CURRENT_TIMESTAMP),
(553, 11, '25793', 'Tausa' ,CURRENT_TIMESTAMP, CURRENT_TIMESTAMP),
(554, 11, '25797', 'Tena' ,CURRENT_TIMESTAMP, CURRENT_TIMESTAMP),
(555, 11, '25799', 'Tenjo' ,CURRENT_TIMESTAMP, CURRENT_TIMESTAMP),
(556, 11, '25805', 'Tibacuy' ,CURRENT_TIMESTAMP, CURRENT_TIMESTAMP),
(557, 11, '25807', 'Tibirita' ,CURRENT_TIMESTAMP, CURRENT_TIMESTAMP),
(558, 11, '25815', 'Tocaima' ,CURRENT_TIMESTAMP, CURRENT_TIMESTAMP),
(559, 11, '25817', 'Tocancipa' ,CURRENT_TIMESTAMP, CURRENT_TIMESTAMP),
(560, 11, '25823', 'Topaipi' ,CURRENT_TIMESTAMP, CURRENT_TIMESTAMP),
(561, 11, '25839', 'Ubala' ,CURRENT_TIMESTAMP, CURRENT_TIMESTAMP),
(562, 11, '25841', 'Ubaque' ,CURRENT_TIMESTAMP, CURRENT_TIMESTAMP),
(563, 11, '25843', 'Villa De San Diego De Ubate' ,CURRENT_TIMESTAMP, CURRENT_TIMESTAMP),
(564, 11, '25845', 'Une' ,CURRENT_TIMESTAMP, CURRENT_TIMESTAMP),
(565, 11, '25851', 'Utica' ,CURRENT_TIMESTAMP, CURRENT_TIMESTAMP),
(566, 11, '25862', 'Vergara' ,CURRENT_TIMESTAMP, CURRENT_TIMESTAMP),
(567, 11, '25867', 'Viani' ,CURRENT_TIMESTAMP, CURRENT_TIMESTAMP),
(568, 11, '25871', 'Villagomez' ,CURRENT_TIMESTAMP, CURRENT_TIMESTAMP),
(569, 11, '25873', 'Villapinzon' ,CURRENT_TIMESTAMP, CURRENT_TIMESTAMP),
(570, 11, '25875', 'Villeta' ,CURRENT_TIMESTAMP, CURRENT_TIMESTAMP),
(571, 11, '25878', 'Viota' ,CURRENT_TIMESTAMP, CURRENT_TIMESTAMP),
(572, 11, '25885', 'Yacopi' ,CURRENT_TIMESTAMP, CURRENT_TIMESTAMP),
(573, 11, '25898', 'Zipacon' ,CURRENT_TIMESTAMP, CURRENT_TIMESTAMP),
(574, 11, '25899', 'Zipaquira' ,CURRENT_TIMESTAMP, CURRENT_TIMESTAMP),
(575, 12, '27001', 'Quibdo' ,CURRENT_TIMESTAMP, CURRENT_TIMESTAMP),
(576, 12, '27006', 'Acandi' ,CURRENT_TIMESTAMP, CURRENT_TIMESTAMP),
(577, 12, '27025', 'Alto Baudo' ,CURRENT_TIMESTAMP, CURRENT_TIMESTAMP),
(578, 12, '27050', 'Atrato' ,CURRENT_TIMESTAMP, CURRENT_TIMESTAMP),
(579, 12, '27073', 'Bagado' ,CURRENT_TIMESTAMP, CURRENT_TIMESTAMP),
(580, 12, '27075', 'Bahia Solano' ,CURRENT_TIMESTAMP, CURRENT_TIMESTAMP),
(581, 12, '27077', 'Bajo Baudo' ,CURRENT_TIMESTAMP, CURRENT_TIMESTAMP),
(582, 12, '27099', 'Bojaya' ,CURRENT_TIMESTAMP, CURRENT_TIMESTAMP),
(583, 12, '27135', 'El Canton Del San Pablo' ,CURRENT_TIMESTAMP, CURRENT_TIMESTAMP),
(584, 12, '27150', 'Carmen Del Darien' ,CURRENT_TIMESTAMP, CURRENT_TIMESTAMP),
(585, 12, '27160', 'Certegui' ,CURRENT_TIMESTAMP, CURRENT_TIMESTAMP),
(586, 12, '27205', 'Condoto' ,CURRENT_TIMESTAMP, CURRENT_TIMESTAMP),
(587, 12, '27245', 'El Carmen De Atrato' ,CURRENT_TIMESTAMP, CURRENT_TIMESTAMP),
(588, 12, '27250', 'El Litoral Del San Juan' ,CURRENT_TIMESTAMP, CURRENT_TIMESTAMP),
(589, 12, '27361', 'Istmina' ,CURRENT_TIMESTAMP, CURRENT_TIMESTAMP),
(590, 12, '27372', 'Jurado' ,CURRENT_TIMESTAMP, CURRENT_TIMESTAMP),
(591, 12, '27413', 'Lloro' ,CURRENT_TIMESTAMP, CURRENT_TIMESTAMP),
(592, 12, '27425', 'Medio Atrato' ,CURRENT_TIMESTAMP, CURRENT_TIMESTAMP),
(593, 12, '27430', 'Medio Baudo' ,CURRENT_TIMESTAMP, CURRENT_TIMESTAMP),
(594, 12, '27450', 'Medio San Juan' ,CURRENT_TIMESTAMP, CURRENT_TIMESTAMP),
(595, 12, '27491', 'Novita' ,CURRENT_TIMESTAMP, CURRENT_TIMESTAMP),
(596, 12, '27495', 'Nuqui' ,CURRENT_TIMESTAMP, CURRENT_TIMESTAMP),
(597, 12, '27580', 'Rio Iro' ,CURRENT_TIMESTAMP, CURRENT_TIMESTAMP),
(598, 12, '27600', 'Rio Quito' ,CURRENT_TIMESTAMP, CURRENT_TIMESTAMP),
(599, 12, '27615', 'Riosucio' ,CURRENT_TIMESTAMP, CURRENT_TIMESTAMP),
(600, 12, '27660', 'San Jose Del Palmar' ,CURRENT_TIMESTAMP, CURRENT_TIMESTAMP),
(601, 12, '27745', 'Sipi' ,CURRENT_TIMESTAMP, CURRENT_TIMESTAMP),
(602, 12, '27787', 'Tado' ,CURRENT_TIMESTAMP, CURRENT_TIMESTAMP),
(603, 12, '27800', 'Unguia' ,CURRENT_TIMESTAMP, CURRENT_TIMESTAMP),
(604, 12, '27810', 'Union Panamericana' ,CURRENT_TIMESTAMP, CURRENT_TIMESTAMP),
(605, 13, '41001', 'Neiva' ,CURRENT_TIMESTAMP, CURRENT_TIMESTAMP),
(606, 13, '41006', 'Acevedo' ,CURRENT_TIMESTAMP, CURRENT_TIMESTAMP),
(607, 13, '41013', 'Agrado' ,CURRENT_TIMESTAMP, CURRENT_TIMESTAMP),
(608, 13, '41016', 'Aipe' ,CURRENT_TIMESTAMP, CURRENT_TIMESTAMP),
(609, 13, '41020', 'Algeciras' ,CURRENT_TIMESTAMP, CURRENT_TIMESTAMP),
(610, 13, '41026', 'Altamira' ,CURRENT_TIMESTAMP, CURRENT_TIMESTAMP),
(611, 13, '41078', 'Baraya' ,CURRENT_TIMESTAMP, CURRENT_TIMESTAMP),
(612, 13, '41132', 'Campoalegre' ,CURRENT_TIMESTAMP, CURRENT_TIMESTAMP),
(613, 13, '41206', 'Colombia' ,CURRENT_TIMESTAMP, CURRENT_TIMESTAMP),
(614, 13, '41244', 'Elias' ,CURRENT_TIMESTAMP, CURRENT_TIMESTAMP),
(615, 13, '41298', 'Garzon' ,CURRENT_TIMESTAMP, CURRENT_TIMESTAMP),
(616, 13, '41306', 'Gigante' ,CURRENT_TIMESTAMP, CURRENT_TIMESTAMP),
(617, 13, '41319', 'Guadalupe' ,CURRENT_TIMESTAMP, CURRENT_TIMESTAMP),
(618, 13, '41349', 'Hobo' ,CURRENT_TIMESTAMP, CURRENT_TIMESTAMP),
(619, 13, '41357', 'Iquira' ,CURRENT_TIMESTAMP, CURRENT_TIMESTAMP),
(620, 13, '41359', 'Isnos' ,CURRENT_TIMESTAMP, CURRENT_TIMESTAMP),
(621, 13, '41378', 'La Argentina' ,CURRENT_TIMESTAMP, CURRENT_TIMESTAMP),
(622, 13, '41396', 'La Plata' ,CURRENT_TIMESTAMP, CURRENT_TIMESTAMP),
(623, 13, '41483', 'Nataga' ,CURRENT_TIMESTAMP, CURRENT_TIMESTAMP),
(624, 13, '41503', 'Oporapa' ,CURRENT_TIMESTAMP, CURRENT_TIMESTAMP),
(625, 13, '41518', 'Paicol' ,CURRENT_TIMESTAMP, CURRENT_TIMESTAMP),
(626, 13, '41524', 'Palermo' ,CURRENT_TIMESTAMP, CURRENT_TIMESTAMP),
(627, 13, '41530', 'Palestina' ,CURRENT_TIMESTAMP, CURRENT_TIMESTAMP),
(628, 13, '41548', 'Pital' ,CURRENT_TIMESTAMP, CURRENT_TIMESTAMP),
(629, 13, '41551', 'Pitalito' ,CURRENT_TIMESTAMP, CURRENT_TIMESTAMP),
(630, 13, '41615', 'Rivera' ,CURRENT_TIMESTAMP, CURRENT_TIMESTAMP),
(631, 13, '41660', 'Saladoblanco' ,CURRENT_TIMESTAMP, CURRENT_TIMESTAMP),
(632, 13, '41668', 'San Agustin' ,CURRENT_TIMESTAMP, CURRENT_TIMESTAMP),
(633, 13, '41676', 'Santa Maria' ,CURRENT_TIMESTAMP, CURRENT_TIMESTAMP),
(634, 13, '41770', 'Suaza' ,CURRENT_TIMESTAMP, CURRENT_TIMESTAMP),
(635, 13, '41791', 'Tarqui' ,CURRENT_TIMESTAMP, CURRENT_TIMESTAMP),
(636, 13, '41797', 'Tesalia' ,CURRENT_TIMESTAMP, CURRENT_TIMESTAMP),
(637, 13, '41799', 'Tello' ,CURRENT_TIMESTAMP, CURRENT_TIMESTAMP),
(638, 13, '41801', 'Teruel' ,CURRENT_TIMESTAMP, CURRENT_TIMESTAMP),
(639, 13, '41807', 'Timana' ,CURRENT_TIMESTAMP, CURRENT_TIMESTAMP),
(640, 13, '41872', 'Villavieja' ,CURRENT_TIMESTAMP, CURRENT_TIMESTAMP),
(641, 13, '41885', 'Yaguara' ,CURRENT_TIMESTAMP, CURRENT_TIMESTAMP),
(642, 14, '44001', 'Riohacha' ,CURRENT_TIMESTAMP, CURRENT_TIMESTAMP),
(643, 14, '44035', 'Albania' ,CURRENT_TIMESTAMP, CURRENT_TIMESTAMP),
(644, 14, '44078', 'Barrancas' ,CURRENT_TIMESTAMP, CURRENT_TIMESTAMP),
(645, 14, '44090', 'Dibulla' ,CURRENT_TIMESTAMP, CURRENT_TIMESTAMP),
(646, 14, '44098', 'Distraccion' ,CURRENT_TIMESTAMP, CURRENT_TIMESTAMP),
(647, 14, '44110', 'El Molino' ,CURRENT_TIMESTAMP, CURRENT_TIMESTAMP),
(648, 14, '44279', 'Fonseca' ,CURRENT_TIMESTAMP, CURRENT_TIMESTAMP),
(649, 14, '44378', 'Hatonuevo' ,CURRENT_TIMESTAMP, CURRENT_TIMESTAMP),
(650, 14, '44420', 'La Jagua Del Pilar' ,CURRENT_TIMESTAMP, CURRENT_TIMESTAMP),
(651, 14, '44430', 'Maicao' ,CURRENT_TIMESTAMP, CURRENT_TIMESTAMP),
(652, 14, '44560', 'Manaure' ,CURRENT_TIMESTAMP, CURRENT_TIMESTAMP),
(653, 14, '44650', 'San Juan Del Cesar' ,CURRENT_TIMESTAMP, CURRENT_TIMESTAMP),
(654, 14, '44847', 'Uribia' ,CURRENT_TIMESTAMP, CURRENT_TIMESTAMP),
(655, 14, '44855', 'Urumita' ,CURRENT_TIMESTAMP, CURRENT_TIMESTAMP),
(656, 14, '44874', 'Villanueva' ,CURRENT_TIMESTAMP, CURRENT_TIMESTAMP),
(657, 15, '47001', 'Santa Marta' ,CURRENT_TIMESTAMP, CURRENT_TIMESTAMP),
(658, 15, '47030', 'Algarrobo' ,CURRENT_TIMESTAMP, CURRENT_TIMESTAMP),
(659, 15, '47053', 'Aracataca' ,CURRENT_TIMESTAMP, CURRENT_TIMESTAMP),
(660, 15, '47058', 'Ariguani' ,CURRENT_TIMESTAMP, CURRENT_TIMESTAMP),
(661, 15, '47161', 'Cerro San Antonio' ,CURRENT_TIMESTAMP, CURRENT_TIMESTAMP),
(662, 15, '47170', 'Chibolo' ,CURRENT_TIMESTAMP, CURRENT_TIMESTAMP),
(663, 15, '47189', 'Cienaga' ,CURRENT_TIMESTAMP, CURRENT_TIMESTAMP),
(664, 15, '47205', 'Concordia' ,CURRENT_TIMESTAMP, CURRENT_TIMESTAMP),
(665, 15, '47245', 'El Banco' ,CURRENT_TIMESTAMP, CURRENT_TIMESTAMP),
(666, 15, '47258', 'El Piñon' ,CURRENT_TIMESTAMP, CURRENT_TIMESTAMP),
(667, 15, '47268', 'El Reten' ,CURRENT_TIMESTAMP, CURRENT_TIMESTAMP),
(668, 15, '47288', 'Fundacion' ,CURRENT_TIMESTAMP, CURRENT_TIMESTAMP),
(669, 15, '47318', 'Guamal' ,CURRENT_TIMESTAMP, CURRENT_TIMESTAMP),
(670, 15, '47460', 'Nueva Granada' ,CURRENT_TIMESTAMP, CURRENT_TIMESTAMP),
(671, 15, '47541', 'Pedraza' ,CURRENT_TIMESTAMP, CURRENT_TIMESTAMP),
(672, 15, '47545', 'Pijiño Del Carmen' ,CURRENT_TIMESTAMP, CURRENT_TIMESTAMP),
(673, 15, '47551', 'Pivijay' ,CURRENT_TIMESTAMP, CURRENT_TIMESTAMP),
(674, 15, '47555', 'Plato' ,CURRENT_TIMESTAMP, CURRENT_TIMESTAMP),
(675, 15, '47570', 'Puebloviejo' ,CURRENT_TIMESTAMP, CURRENT_TIMESTAMP),
(676, 15, '47605', 'Remolino' ,CURRENT_TIMESTAMP, CURRENT_TIMESTAMP),
(677, 15, '47660', 'Sabanas De San Angel' ,CURRENT_TIMESTAMP, CURRENT_TIMESTAMP),
(678, 15, '47675', 'Salamina' ,CURRENT_TIMESTAMP, CURRENT_TIMESTAMP),
(679, 15, '47692', 'San Sebastian De Buenavista' ,CURRENT_TIMESTAMP, CURRENT_TIMESTAMP),
(680, 15, '47703', 'San Zenon' ,CURRENT_TIMESTAMP, CURRENT_TIMESTAMP),
(681, 15, '47707', 'Santa Ana' ,CURRENT_TIMESTAMP, CURRENT_TIMESTAMP),
(682, 15, '47720', 'Santa Barbara De Pinto' ,CURRENT_TIMESTAMP, CURRENT_TIMESTAMP),
(683, 15, '47745', 'Sitionuevo' ,CURRENT_TIMESTAMP, CURRENT_TIMESTAMP),
(684, 15, '47798', 'Tenerife' ,CURRENT_TIMESTAMP, CURRENT_TIMESTAMP),
(685, 15, '47960', 'Zapayan' ,CURRENT_TIMESTAMP, CURRENT_TIMESTAMP),
(686, 15, '47980', 'Zona Bananera' ,CURRENT_TIMESTAMP, CURRENT_TIMESTAMP),
(687, 16, '50001', 'Villavicencio' ,CURRENT_TIMESTAMP, CURRENT_TIMESTAMP),
(688, 16, '50006', 'Acacias' ,CURRENT_TIMESTAMP, CURRENT_TIMESTAMP),
(689, 16, '50110', 'Barranca De Upia' ,CURRENT_TIMESTAMP, CURRENT_TIMESTAMP),
(690, 16, '50124', 'Cabuyaro' ,CURRENT_TIMESTAMP, CURRENT_TIMESTAMP),
(691, 16, '50150', 'Castilla La Nueva' ,CURRENT_TIMESTAMP, CURRENT_TIMESTAMP),
(692, 16, '50223', 'Cubarral' ,CURRENT_TIMESTAMP, CURRENT_TIMESTAMP),
(693, 16, '50226', 'Cumaral' ,CURRENT_TIMESTAMP, CURRENT_TIMESTAMP),
(694, 16, '50245', 'El Calvario' ,CURRENT_TIMESTAMP, CURRENT_TIMESTAMP),
(695, 16, '50251', 'El Castillo' ,CURRENT_TIMESTAMP, CURRENT_TIMESTAMP),
(696, 16, '50270', 'El Dorado' ,CURRENT_TIMESTAMP, CURRENT_TIMESTAMP),
(697, 16, '50287', 'Fuente De Oro' ,CURRENT_TIMESTAMP, CURRENT_TIMESTAMP),
(698, 16, '50313', 'Granada' ,CURRENT_TIMESTAMP, CURRENT_TIMESTAMP),
(699, 16, '50318', 'Guamal' ,CURRENT_TIMESTAMP, CURRENT_TIMESTAMP),
(700, 16, '50325', 'Mapiripan' ,CURRENT_TIMESTAMP, CURRENT_TIMESTAMP),
(701, 16, '50330', 'Mesetas' ,CURRENT_TIMESTAMP, CURRENT_TIMESTAMP),
(702, 16, '50350', 'La Macarena' ,CURRENT_TIMESTAMP, CURRENT_TIMESTAMP),
(703, 16, '50370', 'Uribe' ,CURRENT_TIMESTAMP, CURRENT_TIMESTAMP),
(704, 16, '50400', 'Lejanias' ,CURRENT_TIMESTAMP, CURRENT_TIMESTAMP),
(705, 16, '50450', 'Puerto Concordia' ,CURRENT_TIMESTAMP, CURRENT_TIMESTAMP),
(706, 16, '50568', 'Puerto Gaitan' ,CURRENT_TIMESTAMP, CURRENT_TIMESTAMP),
(707, 16, '50573', 'Puerto Lopez' ,CURRENT_TIMESTAMP, CURRENT_TIMESTAMP),
(708, 16, '50577', 'Puerto Lleras' ,CURRENT_TIMESTAMP, CURRENT_TIMESTAMP),
(709, 16, '50590', 'Puerto Rico' ,CURRENT_TIMESTAMP, CURRENT_TIMESTAMP),
(710, 16, '50606', 'Restrepo' ,CURRENT_TIMESTAMP, CURRENT_TIMESTAMP),
(711, 16, '50680', 'San Carlos De Guaroa' ,CURRENT_TIMESTAMP, CURRENT_TIMESTAMP),
(712, 16, '50683', 'San Juan De Arama' ,CURRENT_TIMESTAMP, CURRENT_TIMESTAMP),
(713, 16, '50686', 'San Juanito' ,CURRENT_TIMESTAMP, CURRENT_TIMESTAMP),
(714, 16, '50689', 'San Martin' ,CURRENT_TIMESTAMP, CURRENT_TIMESTAMP),
(715, 16, '50711', 'Vistahermosa' ,CURRENT_TIMESTAMP, CURRENT_TIMESTAMP),
(716, 17, '52001', 'Pasto' ,CURRENT_TIMESTAMP, CURRENT_TIMESTAMP),
(717, 17, '52019', 'Alban' ,CURRENT_TIMESTAMP, CURRENT_TIMESTAMP),
(718, 17, '52022', 'Aldana' ,CURRENT_TIMESTAMP, CURRENT_TIMESTAMP),
(719, 17, '52036', 'Ancuya' ,CURRENT_TIMESTAMP, CURRENT_TIMESTAMP),
(720, 17, '52051', 'Arboleda' ,CURRENT_TIMESTAMP, CURRENT_TIMESTAMP),
(721, 17, '52079', 'Barbacoas' ,CURRENT_TIMESTAMP, CURRENT_TIMESTAMP),
(722, 17, '52083', 'Belen' ,CURRENT_TIMESTAMP, CURRENT_TIMESTAMP),
(723, 17, '52110', 'Buesaco' ,CURRENT_TIMESTAMP, CURRENT_TIMESTAMP),
(724, 17, '52203', 'Colon' ,CURRENT_TIMESTAMP, CURRENT_TIMESTAMP),
(725, 17, '52207', 'Consaca' ,CURRENT_TIMESTAMP, CURRENT_TIMESTAMP),
(726, 17, '52210', 'Contadero' ,CURRENT_TIMESTAMP, CURRENT_TIMESTAMP),
(727, 17, '52215', 'Cordoba' ,CURRENT_TIMESTAMP, CURRENT_TIMESTAMP),
(728, 17, '52224', 'Cuaspud' ,CURRENT_TIMESTAMP, CURRENT_TIMESTAMP),
(729, 17, '52227', 'Cumbal' ,CURRENT_TIMESTAMP, CURRENT_TIMESTAMP),
(730, 17, '52233', 'Cumbitara' ,CURRENT_TIMESTAMP, CURRENT_TIMESTAMP),
(731, 17, '52240', 'Chachagsi' ,CURRENT_TIMESTAMP, CURRENT_TIMESTAMP),
(732, 17, '52250', 'El Charco' ,CURRENT_TIMESTAMP, CURRENT_TIMESTAMP),
(733, 17, '52254', 'El Peñol' ,CURRENT_TIMESTAMP, CURRENT_TIMESTAMP),
(734, 17, '52256', 'El Rosario' ,CURRENT_TIMESTAMP, CURRENT_TIMESTAMP),
(735, 17, '52258', 'El Tablon De Gomez' ,CURRENT_TIMESTAMP, CURRENT_TIMESTAMP),
(736, 17, '52260', 'El Tambo' ,CURRENT_TIMESTAMP, CURRENT_TIMESTAMP),
(737, 17, '52287', 'Funes' ,CURRENT_TIMESTAMP, CURRENT_TIMESTAMP),
(738, 17, '52317', 'Guachucal' ,CURRENT_TIMESTAMP, CURRENT_TIMESTAMP),
(739, 17, '52320', 'Guaitarilla' ,CURRENT_TIMESTAMP, CURRENT_TIMESTAMP),
(740, 17, '52323', 'Gualmatan' ,CURRENT_TIMESTAMP, CURRENT_TIMESTAMP),
(741, 17, '52352', 'Iles' ,CURRENT_TIMESTAMP, CURRENT_TIMESTAMP),
(742, 17, '52354', 'Imues' ,CURRENT_TIMESTAMP, CURRENT_TIMESTAMP),
(743, 17, '52356', 'Ipiales' ,CURRENT_TIMESTAMP, CURRENT_TIMESTAMP),
(744, 17, '52378', 'La Cruz' ,CURRENT_TIMESTAMP, CURRENT_TIMESTAMP),
(745, 17, '52381', 'La Florida' ,CURRENT_TIMESTAMP, CURRENT_TIMESTAMP),
(746, 17, '52385', 'La Llanada' ,CURRENT_TIMESTAMP, CURRENT_TIMESTAMP),
(747, 17, '52390', 'La Tola' ,CURRENT_TIMESTAMP, CURRENT_TIMESTAMP),
(748, 17, '52399', 'La Union' ,CURRENT_TIMESTAMP, CURRENT_TIMESTAMP),
(749, 17, '52405', 'Leiva' ,CURRENT_TIMESTAMP, CURRENT_TIMESTAMP),
(750, 17, '52411', 'Linares' ,CURRENT_TIMESTAMP, CURRENT_TIMESTAMP),
(751, 17, '52418', 'Los Andes' ,CURRENT_TIMESTAMP, CURRENT_TIMESTAMP),
(752, 17, '52427', 'Magsi' ,CURRENT_TIMESTAMP, CURRENT_TIMESTAMP),
(753, 17, '52435', 'Mallama' ,CURRENT_TIMESTAMP, CURRENT_TIMESTAMP),
(754, 17, '52473', 'Mosquera' ,CURRENT_TIMESTAMP, CURRENT_TIMESTAMP),
(755, 17, '52480', 'Nariño' ,CURRENT_TIMESTAMP, CURRENT_TIMESTAMP),
(756, 17, '52490', 'Olaya Herrera' ,CURRENT_TIMESTAMP, CURRENT_TIMESTAMP),
(757, 17, '52506', 'Ospina' ,CURRENT_TIMESTAMP, CURRENT_TIMESTAMP),
(758, 17, '52520', 'Francisco Pizarro' ,CURRENT_TIMESTAMP, CURRENT_TIMESTAMP),
(759, 17, '52540', 'Policarpa' ,CURRENT_TIMESTAMP, CURRENT_TIMESTAMP),
(760, 17, '52560', 'Potosi' ,CURRENT_TIMESTAMP, CURRENT_TIMESTAMP),
(761, 17, '52565', 'Providencia' ,CURRENT_TIMESTAMP, CURRENT_TIMESTAMP),
(762, 17, '52573', 'Puerres' ,CURRENT_TIMESTAMP, CURRENT_TIMESTAMP),
(763, 17, '52585', 'Pupiales' ,CURRENT_TIMESTAMP, CURRENT_TIMESTAMP),
(764, 17, '52612', 'Ricaurte' ,CURRENT_TIMESTAMP, CURRENT_TIMESTAMP),
(765, 17, '52621', 'Roberto Payan' ,CURRENT_TIMESTAMP, CURRENT_TIMESTAMP),
(766, 17, '52678', 'Samaniego' ,CURRENT_TIMESTAMP, CURRENT_TIMESTAMP),
(767, 17, '52683', 'Sandona' ,CURRENT_TIMESTAMP, CURRENT_TIMESTAMP),
(768, 17, '52685', 'San Bernardo' ,CURRENT_TIMESTAMP, CURRENT_TIMESTAMP),
(769, 17, '52687', 'San Lorenzo' ,CURRENT_TIMESTAMP, CURRENT_TIMESTAMP),
(770, 17, '52693', 'San Pablo' ,CURRENT_TIMESTAMP, CURRENT_TIMESTAMP),
(771, 17, '52694', 'San Pedro De Cartago' ,CURRENT_TIMESTAMP, CURRENT_TIMESTAMP),
(772, 17, '52696', 'Santa Barbara' ,CURRENT_TIMESTAMP, CURRENT_TIMESTAMP),
(773, 17, '52699', 'Santacruz' ,CURRENT_TIMESTAMP, CURRENT_TIMESTAMP),
(774, 17, '52720', 'Sapuyes' ,CURRENT_TIMESTAMP, CURRENT_TIMESTAMP),
(775, 17, '52786', 'Taminango' ,CURRENT_TIMESTAMP, CURRENT_TIMESTAMP),
(776, 17, '52788', 'Tangua' ,CURRENT_TIMESTAMP, CURRENT_TIMESTAMP),
(777, 17, '52835', 'San Andres De Tumaco' ,CURRENT_TIMESTAMP, CURRENT_TIMESTAMP),
(778, 17, '52838', 'Tuquerres' ,CURRENT_TIMESTAMP, CURRENT_TIMESTAMP),
(779, 17, '52885', 'Yacuanquer' ,CURRENT_TIMESTAMP, CURRENT_TIMESTAMP),
(780, 18, '54001', 'Cucuta' ,CURRENT_TIMESTAMP, CURRENT_TIMESTAMP),
(781, 18, '54003', 'Abrego' ,CURRENT_TIMESTAMP, CURRENT_TIMESTAMP),
(782, 18, '54051', 'Arboledas' ,CURRENT_TIMESTAMP, CURRENT_TIMESTAMP),
(783, 18, '54099', 'Bochalema' ,CURRENT_TIMESTAMP, CURRENT_TIMESTAMP),
(784, 18, '54109', 'Bucarasica' ,CURRENT_TIMESTAMP, CURRENT_TIMESTAMP),
(785, 18, '54125', 'Cacota' ,CURRENT_TIMESTAMP, CURRENT_TIMESTAMP),
(786, 18, '54128', 'Cachira' ,CURRENT_TIMESTAMP, CURRENT_TIMESTAMP),
(787, 18, '54172', 'Chinacota' ,CURRENT_TIMESTAMP, CURRENT_TIMESTAMP),
(788, 18, '54174', 'Chitaga' ,CURRENT_TIMESTAMP, CURRENT_TIMESTAMP),
(789, 18, '54206', 'Convencion' ,CURRENT_TIMESTAMP, CURRENT_TIMESTAMP),
(790, 18, '54223', 'Cucutilla' ,CURRENT_TIMESTAMP, CURRENT_TIMESTAMP),
(791, 18, '54239', 'Durania' ,CURRENT_TIMESTAMP, CURRENT_TIMESTAMP),
(792, 18, '54245', 'El Carmen' ,CURRENT_TIMESTAMP, CURRENT_TIMESTAMP),
(793, 18, '54250', 'El Tarra' ,CURRENT_TIMESTAMP, CURRENT_TIMESTAMP),
(794, 18, '54261', 'El Zulia' ,CURRENT_TIMESTAMP, CURRENT_TIMESTAMP),
(795, 18, '54313', 'Gramalote' ,CURRENT_TIMESTAMP, CURRENT_TIMESTAMP),
(796, 18, '54344', 'Hacari' ,CURRENT_TIMESTAMP, CURRENT_TIMESTAMP),
(797, 18, '54347', 'Herran' ,CURRENT_TIMESTAMP, CURRENT_TIMESTAMP),
(798, 18, '54377', 'Labateca' ,CURRENT_TIMESTAMP, CURRENT_TIMESTAMP),
(799, 18, '54385', 'La Esperanza' ,CURRENT_TIMESTAMP, CURRENT_TIMESTAMP),
(800, 18, '54398', 'La Playa' ,CURRENT_TIMESTAMP, CURRENT_TIMESTAMP),
(801, 18, '54405', 'Los Patios' ,CURRENT_TIMESTAMP, CURRENT_TIMESTAMP),
(802, 18, '54418', 'Lourdes' ,CURRENT_TIMESTAMP, CURRENT_TIMESTAMP),
(803, 18, '54480', 'Mutiscua' ,CURRENT_TIMESTAMP, CURRENT_TIMESTAMP),
(804, 18, '54498', 'Ocaña' ,CURRENT_TIMESTAMP, CURRENT_TIMESTAMP),
(805, 18, '54518', 'Pamplona' ,CURRENT_TIMESTAMP, CURRENT_TIMESTAMP),
(806, 18, '54520', 'Pamplonita' ,CURRENT_TIMESTAMP, CURRENT_TIMESTAMP),
(807, 18, '54553', 'Puerto Santander' ,CURRENT_TIMESTAMP, CURRENT_TIMESTAMP),
(808, 18, '54599', 'Ragonvalia' ,CURRENT_TIMESTAMP, CURRENT_TIMESTAMP),
(809, 18, '54660', 'Salazar' ,CURRENT_TIMESTAMP, CURRENT_TIMESTAMP),
(810, 18, '54670', 'San Calixto' ,CURRENT_TIMESTAMP, CURRENT_TIMESTAMP),
(811, 18, '54673', 'San Cayetano' ,CURRENT_TIMESTAMP, CURRENT_TIMESTAMP),
(812, 18, '54680', 'Santiago' ,CURRENT_TIMESTAMP, CURRENT_TIMESTAMP),
(813, 18, '54720', 'Sardinata' ,CURRENT_TIMESTAMP, CURRENT_TIMESTAMP),
(814, 18, '54743', 'Silos' ,CURRENT_TIMESTAMP, CURRENT_TIMESTAMP),
(815, 18, '54800', 'Teorama' ,CURRENT_TIMESTAMP, CURRENT_TIMESTAMP),
(816, 18, '54810', 'Tibu' ,CURRENT_TIMESTAMP, CURRENT_TIMESTAMP),
(817, 18, '54820', 'Toledo' ,CURRENT_TIMESTAMP, CURRENT_TIMESTAMP),
(818, 18, '54871', 'Villa Caro' ,CURRENT_TIMESTAMP, CURRENT_TIMESTAMP),
(819, 18, '54874', 'Villa Del Rosario' ,CURRENT_TIMESTAMP, CURRENT_TIMESTAMP),
(820, 19, '63001', 'Armenia' ,CURRENT_TIMESTAMP, CURRENT_TIMESTAMP),
(821, 19, '63111', 'Buenavista' ,CURRENT_TIMESTAMP, CURRENT_TIMESTAMP),
(822, 19, '63130', 'Calarca' ,CURRENT_TIMESTAMP, CURRENT_TIMESTAMP),
(823, 19, '63190', 'Circasia' ,CURRENT_TIMESTAMP, CURRENT_TIMESTAMP),
(824, 19, '63212', 'Cordoba' ,CURRENT_TIMESTAMP, CURRENT_TIMESTAMP),
(825, 19, '63272', 'Filandia' ,CURRENT_TIMESTAMP, CURRENT_TIMESTAMP),
(826, 19, '63302', 'Genova' ,CURRENT_TIMESTAMP, CURRENT_TIMESTAMP),
(827, 19, '63401', 'La Tebaida' ,CURRENT_TIMESTAMP, CURRENT_TIMESTAMP),
(828, 19, '63470', 'Montenegro' ,CURRENT_TIMESTAMP, CURRENT_TIMESTAMP),
(829, 19, '63548', 'Pijao' ,CURRENT_TIMESTAMP, CURRENT_TIMESTAMP),
(830, 19, '63594', 'Quimbaya' ,CURRENT_TIMESTAMP, CURRENT_TIMESTAMP),
(831, 19, '63690', 'Salento' ,CURRENT_TIMESTAMP, CURRENT_TIMESTAMP),
(832, 20, '66001', 'Pereira' ,CURRENT_TIMESTAMP, CURRENT_TIMESTAMP),
(833, 20, '66045', 'Apia' ,CURRENT_TIMESTAMP, CURRENT_TIMESTAMP),
(834, 20, '66075', 'Balboa' ,CURRENT_TIMESTAMP, CURRENT_TIMESTAMP),
(835, 20, '66088', 'Belen De Umbria' ,CURRENT_TIMESTAMP, CURRENT_TIMESTAMP),
(836, 20, '66170', 'Dosquebradas' ,CURRENT_TIMESTAMP, CURRENT_TIMESTAMP),
(837, 20, '66318', 'Guatica' ,CURRENT_TIMESTAMP, CURRENT_TIMESTAMP),
(838, 20, '66383', 'La Celia' ,CURRENT_TIMESTAMP, CURRENT_TIMESTAMP),
(839, 20, '66400', 'La Virginia' ,CURRENT_TIMESTAMP, CURRENT_TIMESTAMP),
(840, 20, '66440', 'Marsella' ,CURRENT_TIMESTAMP, CURRENT_TIMESTAMP),
(841, 20, '66456', 'Mistrato' ,CURRENT_TIMESTAMP, CURRENT_TIMESTAMP),
(842, 20, '66572', 'Pueblo Rico' ,CURRENT_TIMESTAMP, CURRENT_TIMESTAMP),
(843, 20, '66594', 'Quinchia' ,CURRENT_TIMESTAMP, CURRENT_TIMESTAMP),
(844, 20, '66682', 'Santa Rosa De Cabal' ,CURRENT_TIMESTAMP, CURRENT_TIMESTAMP),
(845, 20, '66687', 'Santuario' ,CURRENT_TIMESTAMP, CURRENT_TIMESTAMP),
(846, 21, '68001', 'Bucaramanga' ,CURRENT_TIMESTAMP, CURRENT_TIMESTAMP),
(847, 21, '68013', 'Aguada' ,CURRENT_TIMESTAMP, CURRENT_TIMESTAMP),
(848, 21, '68020', 'Albania' ,CURRENT_TIMESTAMP, CURRENT_TIMESTAMP),
(849, 21, '68051', 'Aratoca' ,CURRENT_TIMESTAMP, CURRENT_TIMESTAMP),
(850, 21, '68077', 'Barbosa' ,CURRENT_TIMESTAMP, CURRENT_TIMESTAMP),
(851, 21, '68079', 'Barichara' ,CURRENT_TIMESTAMP, CURRENT_TIMESTAMP),
(852, 21, '68081', 'Barrancabermeja' ,CURRENT_TIMESTAMP, CURRENT_TIMESTAMP),
(853, 21, '68092', 'Betulia' ,CURRENT_TIMESTAMP, CURRENT_TIMESTAMP),
(854, 21, '68101', 'Bolivar' ,CURRENT_TIMESTAMP, CURRENT_TIMESTAMP),
(855, 21, '68121', 'Cabrera' ,CURRENT_TIMESTAMP, CURRENT_TIMESTAMP),
(856, 21, '68132', 'California' ,CURRENT_TIMESTAMP, CURRENT_TIMESTAMP),
(857, 21, '68147', 'Capitanejo' ,CURRENT_TIMESTAMP, CURRENT_TIMESTAMP),
(858, 21, '68152', 'Carcasi' ,CURRENT_TIMESTAMP, CURRENT_TIMESTAMP),
(859, 21, '68160', 'Cepita' ,CURRENT_TIMESTAMP, CURRENT_TIMESTAMP),
(860, 21, '68162', 'Cerrito' ,CURRENT_TIMESTAMP, CURRENT_TIMESTAMP),
(861, 21, '68167', 'Charala' ,CURRENT_TIMESTAMP, CURRENT_TIMESTAMP),
(862, 21, '68169', 'Charta' ,CURRENT_TIMESTAMP, CURRENT_TIMESTAMP),
(863, 21, '68176', 'Chima' ,CURRENT_TIMESTAMP, CURRENT_TIMESTAMP),
(864, 21, '68179', 'Chipata' ,CURRENT_TIMESTAMP, CURRENT_TIMESTAMP),
(865, 21, '68190', 'Cimitarra' ,CURRENT_TIMESTAMP, CURRENT_TIMESTAMP),
(866, 21, '68207', 'Concepcion' ,CURRENT_TIMESTAMP, CURRENT_TIMESTAMP),
(867, 21, '68209', 'Confines' ,CURRENT_TIMESTAMP, CURRENT_TIMESTAMP),
(868, 21, '68211', 'Contratacion' ,CURRENT_TIMESTAMP, CURRENT_TIMESTAMP),
(869, 21, '68217', 'Coromoro' ,CURRENT_TIMESTAMP, CURRENT_TIMESTAMP),
(870, 21, '68229', 'Curiti' ,CURRENT_TIMESTAMP, CURRENT_TIMESTAMP),
(871, 21, '68235', 'El Carmen De Chucuri' ,CURRENT_TIMESTAMP, CURRENT_TIMESTAMP),
(872, 21, '68245', 'El Guacamayo' ,CURRENT_TIMESTAMP, CURRENT_TIMESTAMP),
(873, 21, '68250', 'El Peñon' ,CURRENT_TIMESTAMP, CURRENT_TIMESTAMP),
(874, 21, '68255', 'El Playon' ,CURRENT_TIMESTAMP, CURRENT_TIMESTAMP),
(875, 21, '68264', 'Encino' ,CURRENT_TIMESTAMP, CURRENT_TIMESTAMP),
(876, 21, '68266', 'Enciso' ,CURRENT_TIMESTAMP, CURRENT_TIMESTAMP),
(877, 21, '68271', 'Florian' ,CURRENT_TIMESTAMP, CURRENT_TIMESTAMP),
(878, 21, '68276', 'Floridablanca' ,CURRENT_TIMESTAMP, CURRENT_TIMESTAMP),
(879, 21, '68296', 'Galan' ,CURRENT_TIMESTAMP, CURRENT_TIMESTAMP),
(880, 21, '68298', 'Gambita' ,CURRENT_TIMESTAMP, CURRENT_TIMESTAMP),
(881, 21, '68307', 'Giron' ,CURRENT_TIMESTAMP, CURRENT_TIMESTAMP),
(882, 21, '68318', 'Guaca' ,CURRENT_TIMESTAMP, CURRENT_TIMESTAMP),
(883, 21, '68320', 'Guadalupe' ,CURRENT_TIMESTAMP, CURRENT_TIMESTAMP),
(884, 21, '68322', 'Guapota' ,CURRENT_TIMESTAMP, CURRENT_TIMESTAMP),
(885, 21, '68324', 'Guavata' ,CURRENT_TIMESTAMP, CURRENT_TIMESTAMP),
(886, 21, '68327', 'Gsepsa' ,CURRENT_TIMESTAMP, CURRENT_TIMESTAMP),
(887, 21, '68344', 'Hato' ,CURRENT_TIMESTAMP, CURRENT_TIMESTAMP),
(888, 21, '68368', 'Jesus Maria' ,CURRENT_TIMESTAMP, CURRENT_TIMESTAMP),
(889, 21, '68370', 'Jordan' ,CURRENT_TIMESTAMP, CURRENT_TIMESTAMP),
(890, 21, '68377', 'La Belleza' ,CURRENT_TIMESTAMP, CURRENT_TIMESTAMP),
(891, 21, '68385', 'Landazuri' ,CURRENT_TIMESTAMP, CURRENT_TIMESTAMP),
(892, 21, '68397', 'La Paz' ,CURRENT_TIMESTAMP, CURRENT_TIMESTAMP),
(893, 21, '68406', 'Lebrija' ,CURRENT_TIMESTAMP, CURRENT_TIMESTAMP),
(894, 21, '68418', 'Los Santos' ,CURRENT_TIMESTAMP, CURRENT_TIMESTAMP),
(895, 21, '68425', 'Macaravita' ,CURRENT_TIMESTAMP, CURRENT_TIMESTAMP),
(896, 21, '68432', 'Malaga' ,CURRENT_TIMESTAMP, CURRENT_TIMESTAMP),
(897, 21, '68444', 'Matanza' ,CURRENT_TIMESTAMP, CURRENT_TIMESTAMP),
(898, 21, '68464', 'Mogotes' ,CURRENT_TIMESTAMP, CURRENT_TIMESTAMP),
(899, 21, '68468', 'Molagavita' ,CURRENT_TIMESTAMP, CURRENT_TIMESTAMP),
(900, 21, '68498', 'Ocamonte' ,CURRENT_TIMESTAMP, CURRENT_TIMESTAMP),
(901, 21, '68500', 'Oiba' ,CURRENT_TIMESTAMP, CURRENT_TIMESTAMP),
(902, 21, '68502', 'Onzaga' ,CURRENT_TIMESTAMP, CURRENT_TIMESTAMP),
(903, 21, '68522', 'Palmar' ,CURRENT_TIMESTAMP, CURRENT_TIMESTAMP),
(904, 21, '68524', 'Palmas Del Socorro' ,CURRENT_TIMESTAMP, CURRENT_TIMESTAMP),
(905, 21, '68533', 'Paramo' ,CURRENT_TIMESTAMP, CURRENT_TIMESTAMP),
(906, 21, '68547', 'Piedecuesta' ,CURRENT_TIMESTAMP, CURRENT_TIMESTAMP),
(907, 21, '68549', 'Pinchote' ,CURRENT_TIMESTAMP, CURRENT_TIMESTAMP),
(908, 21, '68572', 'Puente Nacional' ,CURRENT_TIMESTAMP, CURRENT_TIMESTAMP),
(909, 21, '68573', 'Puerto Parra' ,CURRENT_TIMESTAMP, CURRENT_TIMESTAMP),
(910, 21, '68575', 'Puerto Wilches' ,CURRENT_TIMESTAMP, CURRENT_TIMESTAMP),
(911, 21, '68615', 'Rionegro' ,CURRENT_TIMESTAMP, CURRENT_TIMESTAMP),
(912, 21, '68655', 'Sabana De Torres' ,CURRENT_TIMESTAMP, CURRENT_TIMESTAMP),
(913, 21, '68669', 'San Andres' ,CURRENT_TIMESTAMP, CURRENT_TIMESTAMP),
(914, 21, '68673', 'San Benito' ,CURRENT_TIMESTAMP, CURRENT_TIMESTAMP),
(915, 21, '68679', 'San Gil' ,CURRENT_TIMESTAMP, CURRENT_TIMESTAMP),
(916, 21, '68682', 'San Joaquin' ,CURRENT_TIMESTAMP, CURRENT_TIMESTAMP),
(917, 21, '68684', 'San Jose De Miranda' ,CURRENT_TIMESTAMP, CURRENT_TIMESTAMP),
(918, 21, '68686', 'San Miguel' ,CURRENT_TIMESTAMP, CURRENT_TIMESTAMP),
(919, 21, '68689', 'San Vicente De Chucuri' ,CURRENT_TIMESTAMP, CURRENT_TIMESTAMP),
(920, 21, '68705', 'Santa Barbara' ,CURRENT_TIMESTAMP, CURRENT_TIMESTAMP),
(921, 21, '68720', 'Santa Helena Del Opon' ,CURRENT_TIMESTAMP, CURRENT_TIMESTAMP),
(922, 21, '68745', 'Simacota' ,CURRENT_TIMESTAMP, CURRENT_TIMESTAMP),
(923, 21, '68755', 'Socorro' ,CURRENT_TIMESTAMP, CURRENT_TIMESTAMP),
(924, 21, '68770', 'Suaita' ,CURRENT_TIMESTAMP, CURRENT_TIMESTAMP),
(925, 21, '68773', 'Sucre' ,CURRENT_TIMESTAMP, CURRENT_TIMESTAMP),
(926, 21, '68780', 'Surata' ,CURRENT_TIMESTAMP, CURRENT_TIMESTAMP),
(927, 21, '68820', 'Tona' ,CURRENT_TIMESTAMP, CURRENT_TIMESTAMP),
(928, 21, '68855', 'Valle De San Jose' ,CURRENT_TIMESTAMP, CURRENT_TIMESTAMP),
(929, 21, '68861', 'Velez' ,CURRENT_TIMESTAMP, CURRENT_TIMESTAMP),
(930, 21, '68867', 'Vetas' ,CURRENT_TIMESTAMP, CURRENT_TIMESTAMP),
(931, 21, '68872', 'Villanueva' ,CURRENT_TIMESTAMP, CURRENT_TIMESTAMP),
(932, 21, '68895', 'Zapatoca' ,CURRENT_TIMESTAMP, CURRENT_TIMESTAMP),
(933, 22, '70001', 'Sincelejo' ,CURRENT_TIMESTAMP, CURRENT_TIMESTAMP),
(934, 22, '70110', 'Buenavista' ,CURRENT_TIMESTAMP, CURRENT_TIMESTAMP),
(935, 22, '70124', 'Caimito' ,CURRENT_TIMESTAMP, CURRENT_TIMESTAMP),
(936, 22, '70204', 'Coloso' ,CURRENT_TIMESTAMP, CURRENT_TIMESTAMP),
(937, 22, '70215', 'Corozal' ,CURRENT_TIMESTAMP, CURRENT_TIMESTAMP),
(938, 22, '70221', 'Coveñas' ,CURRENT_TIMESTAMP, CURRENT_TIMESTAMP),
(939, 22, '70230', 'Chalan' ,CURRENT_TIMESTAMP, CURRENT_TIMESTAMP),
(940, 22, '70233', 'El Roble' ,CURRENT_TIMESTAMP, CURRENT_TIMESTAMP),
(941, 22, '70235', 'Galeras' ,CURRENT_TIMESTAMP, CURRENT_TIMESTAMP),
(942, 22, '70265', 'Guaranda' ,CURRENT_TIMESTAMP, CURRENT_TIMESTAMP),
(943, 22, '70400', 'La Union' ,CURRENT_TIMESTAMP, CURRENT_TIMESTAMP),
(944, 22, '70418', 'Los Palmitos' ,CURRENT_TIMESTAMP, CURRENT_TIMESTAMP),
(945, 22, '70429', 'Majagual' ,CURRENT_TIMESTAMP, CURRENT_TIMESTAMP),
(946, 22, '70473', 'Morroa' ,CURRENT_TIMESTAMP, CURRENT_TIMESTAMP),
(947, 22, '70508', 'Ovejas' ,CURRENT_TIMESTAMP, CURRENT_TIMESTAMP),
(948, 22, '70523', 'Palmito' ,CURRENT_TIMESTAMP, CURRENT_TIMESTAMP),
(949, 22, '70670', 'Sampues' ,CURRENT_TIMESTAMP, CURRENT_TIMESTAMP),
(950, 22, '70678', 'San Benito Abad' ,CURRENT_TIMESTAMP, CURRENT_TIMESTAMP),
(951, 22, '70702', 'San Juan De Betulia' ,CURRENT_TIMESTAMP, CURRENT_TIMESTAMP),
(952, 22, '70708', 'San Marcos' ,CURRENT_TIMESTAMP, CURRENT_TIMESTAMP),
(953, 22, '70713', 'San Onofre' ,CURRENT_TIMESTAMP, CURRENT_TIMESTAMP),
(954, 22, '70717', 'San Pedro' ,CURRENT_TIMESTAMP, CURRENT_TIMESTAMP),
(955, 22, '70742', 'San Luis De Since' ,CURRENT_TIMESTAMP, CURRENT_TIMESTAMP),
(956, 22, '70771', 'Sucre' ,CURRENT_TIMESTAMP, CURRENT_TIMESTAMP),
(957, 22, '70820', 'Santiago De Tolu' ,CURRENT_TIMESTAMP, CURRENT_TIMESTAMP),
(958, 22, '70823', 'Tolu Viejo' ,CURRENT_TIMESTAMP, CURRENT_TIMESTAMP),
(959, 23, '73001', 'Ibague' ,CURRENT_TIMESTAMP, CURRENT_TIMESTAMP),
(960, 23, '73024', 'Alpujarra' ,CURRENT_TIMESTAMP, CURRENT_TIMESTAMP),
(961, 23, '73026', 'Alvarado' ,CURRENT_TIMESTAMP, CURRENT_TIMESTAMP),
(962, 23, '73030', 'Ambalema' ,CURRENT_TIMESTAMP, CURRENT_TIMESTAMP),
(963, 23, '73043', 'Anzoategui' ,CURRENT_TIMESTAMP, CURRENT_TIMESTAMP),
(964, 23, '73055', 'Armero' ,CURRENT_TIMESTAMP, CURRENT_TIMESTAMP),
(965, 23, '73067', 'Ataco' ,CURRENT_TIMESTAMP, CURRENT_TIMESTAMP),
(966, 23, '73124', 'Cajamarca' ,CURRENT_TIMESTAMP, CURRENT_TIMESTAMP),
(967, 23, '73148', 'Carmen De Apicala' ,CURRENT_TIMESTAMP, CURRENT_TIMESTAMP),
(968, 23, '73152', 'Casabianca' ,CURRENT_TIMESTAMP, CURRENT_TIMESTAMP),
(969, 23, '73168', 'Chaparral' ,CURRENT_TIMESTAMP, CURRENT_TIMESTAMP),
(970, 23, '73200', 'Coello' ,CURRENT_TIMESTAMP, CURRENT_TIMESTAMP),
(971, 23, '73217', 'Coyaima' ,CURRENT_TIMESTAMP, CURRENT_TIMESTAMP),
(972, 23, '73226', 'Cunday' ,CURRENT_TIMESTAMP, CURRENT_TIMESTAMP),
(973, 23, '73236', 'Dolores' ,CURRENT_TIMESTAMP, CURRENT_TIMESTAMP),
(974, 23, '73268', 'Espinal' ,CURRENT_TIMESTAMP, CURRENT_TIMESTAMP),
(975, 23, '73270', 'Falan' ,CURRENT_TIMESTAMP, CURRENT_TIMESTAMP),
(976, 23, '73275', 'Flandes' ,CURRENT_TIMESTAMP, CURRENT_TIMESTAMP),
(977, 23, '73283', 'Fresno' ,CURRENT_TIMESTAMP, CURRENT_TIMESTAMP),
(978, 23, '73319', 'Guamo' ,CURRENT_TIMESTAMP, CURRENT_TIMESTAMP),
(979, 23, '73347', 'Herveo' ,CURRENT_TIMESTAMP, CURRENT_TIMESTAMP),
(980, 23, '73349', 'Honda' ,CURRENT_TIMESTAMP, CURRENT_TIMESTAMP),
(981, 23, '73352', 'Icononzo' ,CURRENT_TIMESTAMP, CURRENT_TIMESTAMP),
(982, 23, '73408', 'Lerida' ,CURRENT_TIMESTAMP, CURRENT_TIMESTAMP),
(983, 23, '73411', 'Libano' ,CURRENT_TIMESTAMP, CURRENT_TIMESTAMP),
(984, 23, '73443', 'Mariquita' ,CURRENT_TIMESTAMP, CURRENT_TIMESTAMP),
(985, 23, '73449', 'Melgar' ,CURRENT_TIMESTAMP, CURRENT_TIMESTAMP),
(986, 23, '73461', 'Murillo' ,CURRENT_TIMESTAMP, CURRENT_TIMESTAMP),
(987, 23, '73483', 'Natagaima' ,CURRENT_TIMESTAMP, CURRENT_TIMESTAMP),
(988, 23, '73504', 'Ortega' ,CURRENT_TIMESTAMP, CURRENT_TIMESTAMP),
(989, 23, '73520', 'Palocabildo' ,CURRENT_TIMESTAMP, CURRENT_TIMESTAMP),
(990, 23, '73547', 'Piedras' ,CURRENT_TIMESTAMP, CURRENT_TIMESTAMP),
(991, 23, '73555', 'Planadas' ,CURRENT_TIMESTAMP, CURRENT_TIMESTAMP),
(992, 23, '73563', 'Prado' ,CURRENT_TIMESTAMP, CURRENT_TIMESTAMP),
(993, 23, '73585', 'Purificacion' ,CURRENT_TIMESTAMP, CURRENT_TIMESTAMP),
(994, 23, '73616', 'Rioblanco' ,CURRENT_TIMESTAMP, CURRENT_TIMESTAMP),
(995, 23, '73622', 'Roncesvalles' ,CURRENT_TIMESTAMP, CURRENT_TIMESTAMP),
(996, 23, '73624', 'Rovira' ,CURRENT_TIMESTAMP, CURRENT_TIMESTAMP),
(997, 23, '73671', 'Saldaña' ,CURRENT_TIMESTAMP, CURRENT_TIMESTAMP),
(998, 23, '73675', 'San Antonio' ,CURRENT_TIMESTAMP, CURRENT_TIMESTAMP),
(999, 23, '73678', 'San Luis' ,CURRENT_TIMESTAMP, CURRENT_TIMESTAMP),
(1000, 23, '73686', 'Santa Isabel' ,CURRENT_TIMESTAMP, CURRENT_TIMESTAMP),
(1001, 23, '73770', 'Suarez' ,CURRENT_TIMESTAMP, CURRENT_TIMESTAMP),
(1002, 23, '73854', 'Valle De San Juan' ,CURRENT_TIMESTAMP, CURRENT_TIMESTAMP),
(1003, 23, '73861', 'Venadillo' ,CURRENT_TIMESTAMP, CURRENT_TIMESTAMP),
(1004, 23, '73870', 'Villahermosa' ,CURRENT_TIMESTAMP, CURRENT_TIMESTAMP),
(1005, 23, '73873', 'Villarrica' ,CURRENT_TIMESTAMP, CURRENT_TIMESTAMP),
(1006, 24, '76001', 'Cali' ,CURRENT_TIMESTAMP, CURRENT_TIMESTAMP),
(1007, 24, '76020', 'Alcala' ,CURRENT_TIMESTAMP, CURRENT_TIMESTAMP),
(1008, 24, '76036', 'Andalucia' ,CURRENT_TIMESTAMP, CURRENT_TIMESTAMP),
(1009, 24, '76041', 'Ansermanuevo' ,CURRENT_TIMESTAMP, CURRENT_TIMESTAMP),
(1010, 24, '76054', 'Argelia' ,CURRENT_TIMESTAMP, CURRENT_TIMESTAMP),
(1011, 24, '76100', 'Bolivar' ,CURRENT_TIMESTAMP, CURRENT_TIMESTAMP),
(1012, 24, '76109', 'Buenaventura' ,CURRENT_TIMESTAMP, CURRENT_TIMESTAMP),
(1013, 24, '76111', 'Guadalajara De Buga' ,CURRENT_TIMESTAMP, CURRENT_TIMESTAMP),
(1014, 24, '76113', 'Bugalagrande' ,CURRENT_TIMESTAMP, CURRENT_TIMESTAMP),
(1015, 24, '76122', 'Caicedonia' ,CURRENT_TIMESTAMP, CURRENT_TIMESTAMP),
(1016, 24, '76126', 'Calima' ,CURRENT_TIMESTAMP, CURRENT_TIMESTAMP),
(1017, 24, '76130', 'Candelaria' ,CURRENT_TIMESTAMP, CURRENT_TIMESTAMP),
(1018, 24, '76147', 'Cartago' ,CURRENT_TIMESTAMP, CURRENT_TIMESTAMP),
(1019, 24, '76233', 'Dagua' ,CURRENT_TIMESTAMP, CURRENT_TIMESTAMP),
(1020, 24, '76243', 'El Aguila' ,CURRENT_TIMESTAMP, CURRENT_TIMESTAMP),
(1021, 24, '76246', 'El Cairo' ,CURRENT_TIMESTAMP, CURRENT_TIMESTAMP),
(1022, 24, '76248', 'El Cerrito' ,CURRENT_TIMESTAMP, CURRENT_TIMESTAMP),
(1023, 24, '76250', 'El Dovio' ,CURRENT_TIMESTAMP, CURRENT_TIMESTAMP),
(1024, 24, '76275', 'Florida' ,CURRENT_TIMESTAMP, CURRENT_TIMESTAMP),
(1025, 24, '76306', 'Ginebra' ,CURRENT_TIMESTAMP, CURRENT_TIMESTAMP),
(1026, 24, '76318', 'Guacari' ,CURRENT_TIMESTAMP, CURRENT_TIMESTAMP),
(1027, 24, '76364', 'Jamundi' ,CURRENT_TIMESTAMP, CURRENT_TIMESTAMP),
(1028, 24, '76377', 'La Cumbre' ,CURRENT_TIMESTAMP, CURRENT_TIMESTAMP),
(1029, 24, '76400', 'La Union' ,CURRENT_TIMESTAMP, CURRENT_TIMESTAMP),
(1030, 24, '76403', 'La Victoria' ,CURRENT_TIMESTAMP, CURRENT_TIMESTAMP),
(1031, 24, '76497', 'Obando' ,CURRENT_TIMESTAMP, CURRENT_TIMESTAMP),
(1032, 24, '76520', 'Palmira' ,CURRENT_TIMESTAMP, CURRENT_TIMESTAMP),
(1033, 24, '76563', 'Pradera' ,CURRENT_TIMESTAMP, CURRENT_TIMESTAMP),
(1034, 24, '76606', 'Restrepo' ,CURRENT_TIMESTAMP, CURRENT_TIMESTAMP),
(1035, 24, '76616', 'Riofrio' ,CURRENT_TIMESTAMP, CURRENT_TIMESTAMP),
(1036, 24, '76622', 'Roldanillo' ,CURRENT_TIMESTAMP, CURRENT_TIMESTAMP),
(1037, 24, '76670', 'San Pedro' ,CURRENT_TIMESTAMP, CURRENT_TIMESTAMP),
(1038, 24, '76736', 'Sevilla' ,CURRENT_TIMESTAMP, CURRENT_TIMESTAMP),
(1039, 24, '76823', 'Toro' ,CURRENT_TIMESTAMP, CURRENT_TIMESTAMP),
(1040, 24, '76828', 'Trujillo' ,CURRENT_TIMESTAMP, CURRENT_TIMESTAMP),
(1041, 24, '76834', 'Tulua' ,CURRENT_TIMESTAMP, CURRENT_TIMESTAMP),
(1042, 24, '76845', 'Ulloa' ,CURRENT_TIMESTAMP, CURRENT_TIMESTAMP),
(1043, 24, '76863', 'Versalles' ,CURRENT_TIMESTAMP, CURRENT_TIMESTAMP),
(1044, 24, '76869', 'Vijes' ,CURRENT_TIMESTAMP, CURRENT_TIMESTAMP),
(1045, 24, '76890', 'Yotoco' ,CURRENT_TIMESTAMP, CURRENT_TIMESTAMP),
(1046, 24, '76892', 'Yumbo' ,CURRENT_TIMESTAMP, CURRENT_TIMESTAMP),
(1047, 24, '76895', 'Zarzal' ,CURRENT_TIMESTAMP, CURRENT_TIMESTAMP),
(1048, 25, '81001', 'Arauca' ,CURRENT_TIMESTAMP, CURRENT_TIMESTAMP),
(1049, 25, '81065', 'Arauquita' ,CURRENT_TIMESTAMP, CURRENT_TIMESTAMP),
(1050, 25, '81220', 'Cravo Norte' ,CURRENT_TIMESTAMP, CURRENT_TIMESTAMP),
(1051, 25, '81300', 'Fortul' ,CURRENT_TIMESTAMP, CURRENT_TIMESTAMP),
(1052, 25, '81591', 'Puerto Rondon' ,CURRENT_TIMESTAMP, CURRENT_TIMESTAMP),
(1053, 25, '81736', 'Saravena' ,CURRENT_TIMESTAMP, CURRENT_TIMESTAMP),
(1054, 25, '81794', 'Tame' ,CURRENT_TIMESTAMP, CURRENT_TIMESTAMP),
(1055, 26, '85001', 'Yopal' ,CURRENT_TIMESTAMP, CURRENT_TIMESTAMP),
(1056, 26, '85010', 'Aguazul' ,CURRENT_TIMESTAMP, CURRENT_TIMESTAMP),
(1057, 26, '85015', 'Chameza' ,CURRENT_TIMESTAMP, CURRENT_TIMESTAMP),
(1058, 26, '85125', 'Hato Corozal' ,CURRENT_TIMESTAMP, CURRENT_TIMESTAMP),
(1059, 26, '85136', 'La Salina' ,CURRENT_TIMESTAMP, CURRENT_TIMESTAMP),
(1060, 26, '85139', 'Mani' ,CURRENT_TIMESTAMP, CURRENT_TIMESTAMP),
(1061, 26, '85162', 'Monterrey' ,CURRENT_TIMESTAMP, CURRENT_TIMESTAMP),
(1062, 26, '85225', 'Nunchia' ,CURRENT_TIMESTAMP, CURRENT_TIMESTAMP),
(1063, 26, '85230', 'Orocue' ,CURRENT_TIMESTAMP, CURRENT_TIMESTAMP),
(1064, 26, '85250', 'Paz De Ariporo' ,CURRENT_TIMESTAMP, CURRENT_TIMESTAMP),
(1065, 26, '85263', 'Pore' ,CURRENT_TIMESTAMP, CURRENT_TIMESTAMP),
(1066, 26, '85279', 'Recetor' ,CURRENT_TIMESTAMP, CURRENT_TIMESTAMP),
(1067, 26, '85300', 'Sabanalarga' ,CURRENT_TIMESTAMP, CURRENT_TIMESTAMP),
(1068, 26, '85315', 'Sacama' ,CURRENT_TIMESTAMP, CURRENT_TIMESTAMP),
(1069, 26, '85325', 'San Luis De Palenque' ,CURRENT_TIMESTAMP, CURRENT_TIMESTAMP),
(1070, 26, '85400', 'Tamara' ,CURRENT_TIMESTAMP, CURRENT_TIMESTAMP),
(1071, 26, '85410', 'Tauramena' ,CURRENT_TIMESTAMP, CURRENT_TIMESTAMP),
(1072, 26, '85430', 'Trinidad' ,CURRENT_TIMESTAMP, CURRENT_TIMESTAMP),
(1073, 26, '85440', 'Villanueva' ,CURRENT_TIMESTAMP, CURRENT_TIMESTAMP),
(1074, 27, '86001', 'Mocoa' ,CURRENT_TIMESTAMP, CURRENT_TIMESTAMP),
(1075, 27, '86219', 'Colon' ,CURRENT_TIMESTAMP, CURRENT_TIMESTAMP),
(1076, 27, '86320', 'Orito' ,CURRENT_TIMESTAMP, CURRENT_TIMESTAMP),
(1077, 27, '86568', 'Puerto Asis' ,CURRENT_TIMESTAMP, CURRENT_TIMESTAMP),
(1078, 27, '86569', 'Puerto Caicedo' ,CURRENT_TIMESTAMP, CURRENT_TIMESTAMP),
(1079, 27, '86571', 'Puerto Guzman' ,CURRENT_TIMESTAMP, CURRENT_TIMESTAMP),
(1080, 27, '86573', 'Leguizamo' ,CURRENT_TIMESTAMP, CURRENT_TIMESTAMP),
(1081, 27, '86749', 'Sibundoy' ,CURRENT_TIMESTAMP, CURRENT_TIMESTAMP),
(1082, 27, '86755', 'San Francisco' ,CURRENT_TIMESTAMP, CURRENT_TIMESTAMP),
(1083, 27, '86757', 'San Miguel' ,CURRENT_TIMESTAMP, CURRENT_TIMESTAMP),
(1084, 27, '86760', 'Santiago' ,CURRENT_TIMESTAMP, CURRENT_TIMESTAMP),
(1085, 27, '86865', 'Valle Del Guamuez' ,CURRENT_TIMESTAMP, CURRENT_TIMESTAMP),
(1086, 27, '86885', 'Villagarzon' ,CURRENT_TIMESTAMP, CURRENT_TIMESTAMP),
(1087, 28, '88001', 'San Andres' ,CURRENT_TIMESTAMP, CURRENT_TIMESTAMP),
(1088, 28, '88564', 'Providencia' ,CURRENT_TIMESTAMP, CURRENT_TIMESTAMP),
(1089, 29, '91001', 'Leticia' ,CURRENT_TIMESTAMP, CURRENT_TIMESTAMP),
(1090, 29, '91263', 'El Encanto' ,CURRENT_TIMESTAMP, CURRENT_TIMESTAMP),
(1091, 29, '91405', 'La Chorrera' ,CURRENT_TIMESTAMP, CURRENT_TIMESTAMP),
(1092, 29, '91407', 'La Pedrera' ,CURRENT_TIMESTAMP, CURRENT_TIMESTAMP),
(1093, 29, '91430', 'La Victoria' ,CURRENT_TIMESTAMP, CURRENT_TIMESTAMP),
(1094, 29, '91460', 'Miriti - Parana' ,CURRENT_TIMESTAMP, CURRENT_TIMESTAMP),
(1095, 29, '91530', 'Puerto Alegria' ,CURRENT_TIMESTAMP, CURRENT_TIMESTAMP),
(1096, 29, '91536', 'Puerto Arica' ,CURRENT_TIMESTAMP, CURRENT_TIMESTAMP),
(1097, 29, '91540', 'Puerto Nariño' ,CURRENT_TIMESTAMP, CURRENT_TIMESTAMP),
(1098, 29, '91669', 'Puerto Santander' ,CURRENT_TIMESTAMP, CURRENT_TIMESTAMP),
(1099, 29, '91798', 'Tarapaca' ,CURRENT_TIMESTAMP, CURRENT_TIMESTAMP),
(1100, 30, '94001', 'Inirida' ,CURRENT_TIMESTAMP, CURRENT_TIMESTAMP),
(1101, 30, '94343', 'Barranco Minas' ,CURRENT_TIMESTAMP, CURRENT_TIMESTAMP),
(1102, 30, '94663', 'Mapiripana' ,CURRENT_TIMESTAMP, CURRENT_TIMESTAMP),
(1103, 30, '94883', 'San Felipe' ,CURRENT_TIMESTAMP, CURRENT_TIMESTAMP),
(1104, 30, '94884', 'Puerto Colombia' ,CURRENT_TIMESTAMP, CURRENT_TIMESTAMP),
(1105, 30, '94885', 'La Guadalupe' ,CURRENT_TIMESTAMP, CURRENT_TIMESTAMP),
(1106, 30, '94886', 'Cacahual' ,CURRENT_TIMESTAMP, CURRENT_TIMESTAMP),
(1107, 30, '94887', 'Pana Pana' ,CURRENT_TIMESTAMP, CURRENT_TIMESTAMP),
(1108, 30, '94888', 'Morichal' ,CURRENT_TIMESTAMP, CURRENT_TIMESTAMP),
(1109, 31, '95001', 'San Jose Del Guaviare' ,CURRENT_TIMESTAMP, CURRENT_TIMESTAMP),
(1110, 31, '95015', 'Calamar' ,CURRENT_TIMESTAMP, CURRENT_TIMESTAMP),
(1111, 31, '95025', 'El Retorno' ,CURRENT_TIMESTAMP, CURRENT_TIMESTAMP),
(1112, 31, '95200', 'Miraflores' ,CURRENT_TIMESTAMP, CURRENT_TIMESTAMP),
(1113, 32, '97001', 'Mitu' ,CURRENT_TIMESTAMP, CURRENT_TIMESTAMP),
(1114, 32, '97161', 'Caruru' ,CURRENT_TIMESTAMP, CURRENT_TIMESTAMP),
(1115, 32, '97511', 'Pacoa' ,CURRENT_TIMESTAMP, CURRENT_TIMESTAMP),
(1116, 32, '97666', 'Taraira' ,CURRENT_TIMESTAMP, CURRENT_TIMESTAMP),
(1117, 32, '97777', 'Papunaua' ,CURRENT_TIMESTAMP, CURRENT_TIMESTAMP),
(1118, 32, '97889', 'Yavarate' ,CURRENT_TIMESTAMP, CURRENT_TIMESTAMP),
(1119, 33, '99001', 'Puerto Carreño' ,CURRENT_TIMESTAMP, CURRENT_TIMESTAMP),
(1120, 33, '99524', 'La Primavera' ,CURRENT_TIMESTAMP, CURRENT_TIMESTAMP),
(1121, 33, '99624', 'Santa Rosalia' ,CURRENT_TIMESTAMP, CURRENT_TIMESTAMP),
(1122, 33, '99773', 'Cumaribo', CURRENT_TIMESTAMP, CURRENT_TIMESTAMP);

--Debe existir el municipio y persona
INSERT INTO empresa (emprid, persidrepresentantelegal,emprdepaid,emprmuniid,emprnit,emprdigitoverificacion,
emprnombre,emprsigla,emprlema,emprdireccion, emprcorreo, emprtelefonofijo,emprtelefonocelular,
emprhorarioatencion,emprurl,emprcodigopostal, emprlogo, created_at, updated_at) VALUES
(1, 2, 18, 804, '890505424', '7', 'COOPERATIVA DE TRANSPORTADORES HACARITAMA', 'COOTRANSHACARITAMA', 'La empresa que integra la region', 
'Calle 7 a 56 211 la ondina vía a rio de oro', 'cootranshacaritama@hotmail.com', '3146034311', '3146034311', 
 'Lunes a Viernes De 8:00 a.m a 12:00  y de 2:00 p.m a 6:00 p.m', 'www.cootranshacaritama.com', '546552', '890505424_logoHacaritama.png', CURRENT_TIMESTAMP, CURRENT_TIMESTAMP);


INSERT INTO `modulo` (`moduid`, `modunombre`, `moduicono`, `moduorden`, `moduactivo`, `created_at`, `updated_at`) VALUES
(1, 'Configuración', 'settings_applications', 1, 1,  CURRENT_TIMESTAMP, CURRENT_TIMESTAMP),
(2, 'Gestionar', 'ac_unit_icon', 2, 1, CURRENT_TIMESTAMP, CURRENT_TIMESTAMP),
(3, 'Producción documental', 'menu_book_icon', 3, 1, CURRENT_TIMESTAMP, CURRENT_TIMESTAMP),
(4, 'Firmar', 'folder_special_icon', 4, 1, CURRENT_TIMESTAMP, CURRENT_TIMESTAMP),
(5, 'Radicación', 'insert_page_break_icon', 5, 1, CURRENT_TIMESTAMP, CURRENT_TIMESTAMP),
(6, 'Archivo histórico', 'forward_to_inbox_icon', 6, 1, CURRENT_TIMESTAMP, CURRENT_TIMESTAMP);

INSERT INTO `funcionalidad` (`funcid`, `moduid`, `funcnombre`, `functitulo`, `funcruta`, `funcicono`, `funcorden`, `funcactiva`, `created_at`, `updated_at`) VALUES
(1, 1, 'Menú', 'Gestionar menú', 'admin/menu', 'add_chart', 1, 1, CURRENT_TIMESTAMP, CURRENT_TIMESTAMP),
(2, 1, 'Info notificar correo', 'Gestionar información de notificar correo', 'admin/informacionNotificarCorreo', 'mail_outline_icon', 2, 1, CURRENT_TIMESTAMP, CURRENT_TIMESTAMP),
(3, 1, 'Datos territorial', 'Gestionar datos territorial', 'admin/datosTerritorial', 'language_icon', 3, 1, CURRENT_TIMESTAMP, CURRENT_TIMESTAMP),
(4, 1, 'Empresa', 'Gestionar empresa', 'admin/empresa', 'store', 4, 1, CURRENT_TIMESTAMP, CURRENT_TIMESTAMP),
(5, 2, 'Tipos', 'Gestionar tipos', 'admin/gestionarTipos', 'star_rate_icon', 1, 1, CURRENT_TIMESTAMP, CURRENT_TIMESTAMP),
(6, 2, 'Series', 'Gestionar series documentales', 'admin/seriesDocumentales', 'insert_chart_icon', 2, 0, CURRENT_TIMESTAMP, CURRENT_TIMESTAMP),
(7, 2, 'Dependencia', 'Gestionar dependencia', 'admin/dependencia', 'maps_home_work_icon', 3, 1, CURRENT_TIMESTAMP, CURRENT_TIMESTAMP),
(8, 2, 'Persona', 'Gestionar persona', 'admin/persona', 'person_icon', 4, 1, CURRENT_TIMESTAMP, CURRENT_TIMESTAMP),
(9, 2, 'Usuario', 'Gestionar usuario', 'admin/usuario', 'person', 5, 1, CURRENT_TIMESTAMP, CURRENT_TIMESTAMP),
(10, 2, 'Festivos', 'Gestionar festivos', 'admin/festivos', 'calendar_month_icon', 6, 1, CURRENT_TIMESTAMP, CURRENT_TIMESTAMP),
(11, 3, 'Acta', 'Gestionar actas', 'admin/produccion/documental/acta', 'local_library_icon', 1, 1, CURRENT_TIMESTAMP, CURRENT_TIMESTAMP),
(12, 3, 'Certificado', 'Gestionar certificados', 'admin/produccion/documental/certificado', 'note_icon', 2, 1, CURRENT_TIMESTAMP, CURRENT_TIMESTAMP),
(13, 3, 'Circular', 'Gestionar circulares', 'admin/produccion/documental/circular', 'menu_book_icon', 3, 1, CURRENT_TIMESTAMP, CURRENT_TIMESTAMP),
(14, 3, 'Citación', 'Gestionar citaciones', 'admin/produccion/documental/citacion', 'collections_bookmark_icon', 4, 1, CURRENT_TIMESTAMP, CURRENT_TIMESTAMP),
(15, 3, 'Constancia', 'Gestionar constancias', 'admin/produccion/documental/constancia', 'import_contacts_icon', 5, 1, CURRENT_TIMESTAMP, CURRENT_TIMESTAMP),
(16, 3, 'Oficio', 'Gestionar oficios', 'admin/produccion/documental/oficio', 'library_books_icon', 6, 1, CURRENT_TIMESTAMP, CURRENT_TIMESTAMP),
(17, 4, 'Firmar', 'Firmar documentos', 'admin/produccion/documental/firmar', 'import_contacts_icon', 1, 1, CURRENT_TIMESTAMP, CURRENT_TIMESTAMP),
(18, 5, 'Documento entrante', 'Gestionar documento entrante', 'admin/radicacion/documento/entrante', 'post_add_icon', 1, 1, CURRENT_TIMESTAMP, CURRENT_TIMESTAMP),
(19, 5, 'Anular radicado', 'Gestionar anulado de radicado', 'admin/radicacion/documento/anular', 'layers_clear_icon', 2, 1, CURRENT_TIMESTAMP, CURRENT_TIMESTAMP),
(20, 5, 'Bandeja de radicado', 'Gestionar bandeja de radicado', 'admin/radicacion/documento/bandeja', 'content_paste_go_icon', 3, 1, CURRENT_TIMESTAMP, CURRENT_TIMESTAMP),
(21, 6, 'Gestionar', 'Gestionar archivo histórico', 'admin/archivo/historico/gestionar', 'ac_unit_icon', 1, 1, CURRENT_TIMESTAMP, CURRENT_TIMESTAMP),
(22, 6, 'Consultar', 'Gestionar consulta del archivo histórico', 'admin/archivo/historico/consultar', 'find_in_page_icon', 2, 1, CURRENT_TIMESTAMP, CURRENT_TIMESTAMP);


INSERT INTO `rol` (`rolid`, `rolnombre`, `rolactivo`, `created_at`, `updated_at`) VALUES
(1, 'Super administrador', 1, CURRENT_TIMESTAMP, CURRENT_TIMESTAMP),
(2, 'Administrador', 1, CURRENT_TIMESTAMP, CURRENT_TIMESTAMP),
(3, 'Secretaria', 1, CURRENT_TIMESTAMP, CURRENT_TIMESTAMP),
(4, 'Jefe', 1, CURRENT_TIMESTAMP, CURRENT_TIMESTAMP),
(5, 'Radicador', 1, CURRENT_TIMESTAMP, CURRENT_TIMESTAMP),
(6, 'Coordinador del archivo histórico', 1, CURRENT_TIMESTAMP, CURRENT_TIMESTAMP);

ALTER TABLE `radicaciondocentdependencia` ADD `radoedescopia` TINYINT(1) NOT NULL DEFAULT '0' COMMENT 'Determina si el radicado es una copia para una dependencia' AFTER `radoedfechahorarecibido`;
ALTER TABLE `radicaciondocumentoentrante` CHANGE `depeid` `depeid` SMALLINT(5) UNSIGNED NULL COMMENT 'Identificador de la dependencia';
/*

INSERT INTO `dependencia` (`depeid`, `depejefeid`, `depecodigo`, `depesigla`, `depenombre`, `depecorreo`, `depeactiva`, `created_at`, `updated_at`) VALUES
(1, 1, '500', 'GER', 'GERENCIA', 'rdsalazarr@ufpso.edu.co', 1, CURRENT_TIMESTAMP, CURRENT_TIMESTAMP);

INSERT INTO `dependencia` (`depeid`, `depejefeid`, `depecodigo`, `depesigla`, `depenombre`, `depecorreo`, `depeactiva`, `created_at`, `updated_at`) VALUES
(2, 1, '600', 'CON', 'CONTABILIDAD', 'radasa10@hotmail.com', 1,  CURRENT_TIMESTAMP, CURRENT_TIMESTAMP);

INSERT INTO `dependenciapersona` (`depperid`, `depperdepeid`, `depperpersid`) VALUES
(1, 1, 1),(2, 2, 1);

INSERT INTO `dependenciasubseriedocumental` (`desusdid`, `desusdsusedoid`, `desusddepeid`) VALUES
(1, 1, 1),(2, 2, 2);

INSERT INTO `empresa` VALUES (1,'COOPERATIVA DE TRANSPORTADORES HACARITAMA','COOTRANSHACARITAMA','890505424',7,'LUIS MANUEL ASCANIO CLARO',
'5036123',54498,'DIRECCIÓN',54498,'3142197149',NULL,
'cootranshacaritama@hotmail.com',NULL,'http://hacaritama.ivanmel.dev/api/files/67bde08e1f1b05de8b2fe0cf5105bcec.png',
NULL,'*** FELIZ VIAJE ***',NULL,'*** FELIZ VIAJE ***',NULL,'2022-12-09 10:54:24');**/
